name_0,name_1,area_km2,bws_score,bwd_score,iav_score,sev_score,bws_label,bwd_label,iav_label,sev_label
Netherlands,Zeeland,712.624865589,5.0,2.6482928516259268,2.0999327003036496,1.996227054564086,Extremely High (>80%),Medium - High (25-50%),Medium - High (0.50-0.75),Low - Medium (0.33-0.66)
Netherlands,Zeeland,21.0804394046,5.0,2.6482928516259268,2.0999327003036496,1.996227054564086,Extremely High (>80%),Medium - High (25-50%),Medium - High (0.50-0.75),Low - Medium (0.33-0.66)
Netherlands,Noord-Brabant,15.3886057977,5.0,2.466205960170808,1.8137653964256384,1.6717003647720348,Extremely High (>80%),Medium - High (25-50%),Low - Medium (0.25-0.50),Low - Medium (0.33-0.66)
Netherlands,Zeeland,1016.73321676,0.587936950148668,0.3496499131826233,1.277065819971829,0.7087380209531675,Low (<10%),Low (<5%),Low - Medium (0.25-0.50),Low (<0.33)
Netherlands,Zeeland,46.9448029551,0.587936950148668,0.3496499131826233,1.277065819971829,0.7087380209531675,Low (<10%),Low (<5%),Low - Medium (0.25-0.50),Low (<0.33)
Netherlands,Zeeuwse meren,74.44225503,0.587936950148668,0.3496499131826233,1.277065819971829,0.7087380209531675,Low (<10%),Low (<5%),Low - Medium (0.25-0.50),Low (<0.33)
Netherlands,Zeeuwse meren,46.074256579,0.587936950148668,0.3496499131826233,1.277065819971829,0.7087380209531675,Low (<10%),Low (<5%),Low - Medium (0.25-0.50),Low (<0.33)
Netherlands,Zuid-Holland,229.04909661,0.587936950148668,0.3496499131826233,1.277065819971829,0.7087380209531675,Low (<10%),Low (<5%),Low - Medium (0.25-0.50),Low (<0.33)
Netherlands,Zuid-Holland,31.407514209,0.587936950148668,0.3496499131826233,1.277065819971829,0.7087380209531675,Low (<10%),Low (<5%),Low - Medium (0.25-0.50),Low (<0.33)
Netherlands,Noord-Brabant,1221.13845356,0.587936950148668,0.3496499131826233,1.277065819971829,0.7087380209531675,Low (<10%),Low (<5%),Low - Medium (0.25-0.50),Low (<0.33)
Netherlands,Noord-Brabant,15.7098649908,0.587936950148668,0.3496499131826233,1.277065819971829,0.7087380209531675,Low (<10%),Low (<5%),Low - Medium (0.25-0.50),Low (<0.33)
Netherlands,Zeeuwse meren,13.6866330384,3.747638062082064,1.5006327619300537,1.575391777413926,1.3774207208636655,High (40-80%),Low - Medium (5-25%),Low - Medium (0.25-0.50),Low - Medium (0.33-0.66)
Netherlands,Zuid-Holland,31.2908124673,3.747638062082064,1.5006327619300537,1.575391777413926,1.3774207208636655,High (40-80%),Low - Medium (5-25%),Low - Medium (0.25-0.50),Low - Medium (0.33-0.66)
Netherlands,Gelderland,237.172932603,3.747638062082064,1.5006327619300537,1.575391777413926,1.3774207208636655,High (40-80%),Low - Medium (5-25%),Low - Medium (0.25-0.50),Low - Medium (0.33-0.66)
Netherlands,Limburg,187.425867578,3.747638062082064,1.5006327619300537,1.575391777413926,1.3774207208636655,High (40-80%),Low - Medium (5-25%),Low - Medium (0.25-0.50),Low - Medium (0.33-0.66)
Netherlands,Limburg,137.212712635,3.747638062082064,1.5006327619300537,1.575391777413926,1.3774207208636655,High (40-80%),Low - Medium (5-25%),Low - Medium (0.25-0.50),Low - Medium (0.33-0.66)
Netherlands,Limburg,1833.74302846,3.747638062082064,1.5006327619300537,1.575391777413926,1.3774207208636655,High (40-80%),Low - Medium (5-25%),Low - Medium (0.25-0.50),Low - Medium (0.33-0.66)
Netherlands,Noord-Brabant,3749.84552043,3.747638062082064,1.5006327619300537,1.575391777413926,1.3774207208636655,High (40-80%),Low - Medium (5-25%),Low - Medium (0.25-0.50),Low - Medium (0.33-0.66)
Netherlands,Zeeuwse meren,17.8020901226,0.587936950148668,0.3496499131826233,1.277065819971829,0.7087380209531675,Low (<10%),Low (<5%),Low - Medium (0.25-0.50),Low (<0.33)
Netherlands,Zuid-Holland,416.015086684,0.587936950148668,0.3496499131826233,1.277065819971829,0.7087380209531675,Low (<10%),Low (<5%),Low - Medium (0.25-0.50),Low (<0.33)
Netherlands,Zuid-Holland,10.6244353947,0.587936950148668,0.3496499131826233,1.277065819971829,0.7087380209531675,Low (<10%),Low (<5%),Low - Medium (0.25-0.50),Low (<0.33)
Netherlands,Utrecht,510.827901921,0.587936950148668,0.3496499131826233,1.277065819971829,0.7087380209531675,Low (<10%),Low (<5%),Low - Medium (0.25-0.50),Low (<0.33)
Netherlands,Zuid-Holland,1727.6059641,0.587936950148668,0.3496499131826233,1.277065819971829,0.7087380209531675,Low (<10%),Low (<5%),Low - Medium (0.25-0.50),Low (<0.33)
Netherlands,Gelderland,19.4580595637,0.587936950148668,0.3496499131826233,1.277065819971829,0.7087380209531675,Low (<10%),Low (<5%),Low - Medium (0.25-0.50),Low (<0.33)
Netherlands,Gelderland,1466.39296219,0.587936950148668,0.3496499131826233,1.277065819971829,0.7087380209531675,Low (<10%),Low (<5%),Low - Medium (0.25-0.50),Low (<0.33)
Netherlands,Limburg,1.04673116355,0.587936950148668,0.3496499131826233,1.277065819971829,0.7087380209531675,Low (<10%),Low (<5%),Low - Medium (0.25-0.50),Low (<0.33)
Netherlands,Noord-Brabant,51.6881689948,0.587936950148668,0.3496499131826233,1.277065819971829,0.7087380209531675,Low (<10%),Low (<5%),Low - Medium (0.25-0.50),Low (<0.33)
Netherlands,Utrecht,933.672972413,0.587936950148668,0.3496499131826233,1.277065819971829,0.7087380209531675,Low (<10%),Low (<5%),Low - Medium (0.25-0.50),Low (<0.33)
Netherlands,Zuid-Holland,569.310398649,0.587936950148668,0.3496499131826233,1.277065819971829,0.7087380209531675,Low (<10%),Low (<5%),Low - Medium (0.25-0.50),Low (<0.33)
Netherlands,Zuid-Holland,21.3568317272,0.587936950148668,0.3496499131826233,1.277065819971829,0.7087380209531675,Low (<10%),Low (<5%),Low - Medium (0.25-0.50),Low (<0.33)
Netherlands,Flevoland,5.28193864433,0.587936950148668,0.3496499131826233,1.277065819971829,0.7087380209531675,Low (<10%),Low (<5%),Low - Medium (0.25-0.50),Low (<0.33)
Netherlands,Flevoland,854.736078685,0.587936950148668,0.3496499131826233,1.277065819971829,0.7087380209531675,Low (<10%),Low (<5%),Low - Medium (0.25-0.50),Low (<0.33)
Netherlands,Flevoland,0.0842272297,0.587936950148668,0.3496499131826233,1.277065819971829,0.7087380209531675,Low (<10%),Low (<5%),Low - Medium (0.25-0.50),Low (<0.33)
Netherlands,Flevoland,49.5585784349,0.587936950148668,0.3496499131826233,1.277065819971829,0.7087380209531675,Low (<10%),Low (<5%),Low - Medium (0.25-0.50),Low (<0.33)
Netherlands,Friesland,78.8008122268,0.587936950148668,0.3496499131826233,1.277065819971829,0.7087380209531675,Low (<10%),Low (<5%),Low - Medium (0.25-0.50),Low (<0.33)
Netherlands,Friesland,159.776060813,0.587936950148668,0.3496499131826233,1.277065819971829,0.7087380209531675,Low (<10%),Low (<5%),Low - Medium (0.25-0.50),Low (<0.33)
Netherlands,Gelderland,947.750545455,0.587936950148668,0.3496499131826233,1.277065819971829,0.7087380209531675,Low (<10%),Low (<5%),Low - Medium (0.25-0.50),Low (<0.33)
Netherlands,Gelderland,7.7551888741,0.587936950148668,0.3496499131826233,1.277065819971829,0.7087380209531675,Low (<10%),Low (<5%),Low - Medium (0.25-0.50),Low (<0.33)
Netherlands,IJsselmeer,10.5917198101,0.587936950148668,0.3496499131826233,1.277065819971829,0.7087380209531675,Low (<10%),Low (<5%),Low - Medium (0.25-0.50),Low (<0.33)
Netherlands,IJsselmeer,4.73502767439,0.587936950148668,0.3496499131826233,1.277065819971829,0.7087380209531675,Low (<10%),Low (<5%),Low - Medium (0.25-0.50),Low (<0.33)
Netherlands,IJsselmeer,29.4754808102,0.587936950148668,0.3496499131826233,1.277065819971829,0.7087380209531675,Low (<10%),Low (<5%),Low - Medium (0.25-0.50),Low (<0.33)
Netherlands,IJsselmeer,104.459884036,0.587936950148668,0.3496499131826233,1.277065819971829,0.7087380209531675,Low (<10%),Low (<5%),Low - Medium (0.25-0.50),Low (<0.33)
Netherlands,Noord-Holland,150.600074727,0.587936950148668,0.3496499131826233,1.277065819971829,0.7087380209531675,Low (<10%),Low (<5%),Low - Medium (0.25-0.50),Low (<0.33)
Netherlands,Noord-Holland,3.23740002614,0.587936950148668,0.3496499131826233,1.277065819971829,0.7087380209531675,Low (<10%),Low (<5%),Low - Medium (0.25-0.50),Low (<0.33)
Netherlands,Noord-Holland,2637.12462545,0.587936950148668,0.3496499131826233,1.277065819971829,0.7087380209531675,Low (<10%),Low (<5%),Low - Medium (0.25-0.50),Low (<0.33)
Netherlands,Noord-Holland,73.1778127771,0.587936950148668,0.3496499131826233,1.277065819971829,0.7087380209531675,Low (<10%),Low (<5%),Low - Medium (0.25-0.50),Low (<0.33)
Netherlands,Drenthe,1390.33513514,0.587936950148668,0.3496499131826233,1.277065819971829,0.7087380209531675,Low (<10%),Low (<5%),Low - Medium (0.25-0.50),Low (<0.33)
Netherlands,Overijssel,3262.53014943,0.587936950148668,0.3496499131826233,1.277065819971829,0.7087380209531675,Low (<10%),Low (<5%),Low - Medium (0.25-0.50),Low (<0.33)
Netherlands,Overijssel,3.84209284824,0.587936950148668,0.3496499131826233,1.277065819971829,0.7087380209531675,Low (<10%),Low (<5%),Low - Medium (0.25-0.50),Low (<0.33)
Netherlands,Flevoland,70.741208434,0.587936950148668,0.3496499131826233,1.277065819971829,0.7087380209531675,Low (<10%),Low (<5%),Low - Medium (0.25-0.50),Low (<0.33)
Netherlands,Flevoland,100.118445176,0.587936950148668,0.3496499131826233,1.277065819971829,0.7087380209531675,Low (<10%),Low (<5%),Low - Medium (0.25-0.50),Low (<0.33)
Netherlands,Flevoland,3.34663703867,0.587936950148668,0.3496499131826233,1.277065819971829,0.7087380209531675,Low (<10%),Low (<5%),Low - Medium (0.25-0.50),Low (<0.33)
Netherlands,Friesland,6.81667678277,0.587936950148668,0.3496499131826233,1.277065819971829,0.7087380209531675,Low (<10%),Low (<5%),Low - Medium (0.25-0.50),Low (<0.33)
Netherlands,Gelderland,0.14875543171,0.587936950148668,0.3496499131826233,1.277065819971829,0.7087380209531675,Low (<10%),Low (<5%),Low - Medium (0.25-0.50),Low (<0.33)
Netherlands,Gelderland,382.536185735,0.587936950148668,0.3496499131826233,1.277065819971829,0.7087380209531675,Low (<10%),Low (<5%),Low - Medium (0.25-0.50),Low (<0.33)
Netherlands,Gelderland,2036.22785624,0.587936950148668,0.3496499131826233,1.277065819971829,0.7087380209531675,Low (<10%),Low (<5%),Low - Medium (0.25-0.50),Low (<0.33)
Netherlands,Gelderland,4.71223913741,0.587936950148668,0.3496499131826233,1.277065819971829,0.7087380209531675,Low (<10%),Low (<5%),Low - Medium (0.25-0.50),Low (<0.33)
Netherlands,IJsselmeer,1.1523359587,0.587936950148668,0.3496499131826233,1.277065819971829,0.7087380209531675,Low (<10%),Low (<5%),Low - Medium (0.25-0.50),Low (<0.33)
Netherlands,IJsselmeer,27.6077747904,0.587936950148668,0.3496499131826233,1.277065819971829,0.7087380209531675,Low (<10%),Low (<5%),Low - Medium (0.25-0.50),Low (<0.33)
Netherlands,IJsselmeer,36.4267755888,0.587936950148668,0.3496499131826233,1.277065819971829,0.7087380209531675,Low (<10%),Low (<5%),Low - Medium (0.25-0.50),Low (<0.33)
Netherlands,Drenthe,1268.77528095,1.2732028159255937,0.5802508132981133,1.654983094999577,1.0878350685488347,Low - Medium (10-20%),Low (<5%),Low - Medium (0.25-0.50),Low - Medium (0.33-0.66)
Netherlands,Overijssel,101.081363548,1.2732028159255937,0.5802508132981133,1.654983094999577,1.0878350685488347,Low - Medium (10-20%),Low (<5%),Low - Medium (0.25-0.50),Low - Medium (0.33-0.66)
Netherlands,Flevoland,377.003670786,1.2732028159255937,0.5802508132981133,1.654983094999577,1.0878350685488347,Low - Medium (10-20%),Low (<5%),Low - Medium (0.25-0.50),Low - Medium (0.33-0.66)
Netherlands,Flevoland,2.09709723656,1.2732028159255937,0.5802508132981133,1.654983094999577,1.0878350685488347,Low - Medium (10-20%),Low (<5%),Low - Medium (0.25-0.50),Low - Medium (0.33-0.66)
Netherlands,Friesland,3295.29213599,1.2732028159255937,0.5802508132981133,1.654983094999577,1.0878350685488347,Low - Medium (10-20%),Low (<5%),Low - Medium (0.25-0.50),Low - Medium (0.33-0.66)
Netherlands,Friesland,25.9820101772,1.2732028159255937,0.5802508132981133,1.654983094999577,1.0878350685488347,Low - Medium (10-20%),Low (<5%),Low - Medium (0.25-0.50),Low - Medium (0.33-0.66)
Netherlands,Groningen,2327.01521551,1.2732028159255937,0.5802508132981133,1.654983094999577,1.0878350685488347,Low - Medium (10-20%),Low (<5%),Low - Medium (0.25-0.50),Low - Medium (0.33-0.66)
Netherlands,Groningen,41.8069980562,1.2732028159255937,0.5802508132981133,1.654983094999577,1.0878350685488347,Low - Medium (10-20%),Low (<5%),Low - Medium (0.25-0.50),Low - Medium (0.33-0.66)
Netherlands,IJsselmeer,10.4525286796,1.2732028159255937,0.5802508132981133,1.654983094999577,1.0878350685488347,Low - Medium (10-20%),Low (<5%),Low - Medium (0.25-0.50),Low - Medium (0.33-0.66)
Netherlands,IJsselmeer,23.722773478,1.2732028159255937,0.5802508132981133,1.654983094999577,1.0878350685488347,Low - Medium (10-20%),Low (<5%),Low - Medium (0.25-0.50),Low - Medium (0.33-0.66)
Netherlands,Groningen,0.92414094874,2.890928189098802,1.2144341296019052,1.7365954920549287,1.139285178391393,Medium - High (20-40%),Low - Medium (5-25%),Low - Medium (0.25-0.50),Low - Medium (0.33-0.66)
Ireland,Kilkenny,3.42185694228,0.0,0.0272639006175262,1.7592414169774493,1.9761206946553416,Low (<10%),Low (<5%),Low - Medium (0.25-0.50),Low - Medium (0.33-0.66)
Ireland,Kilkenny,0.3733602427,0.0,0.0272639006175262,1.7592414169774493,1.9761206946553416,Low (<10%),Low (<5%),Low - Medium (0.25-0.50),Low - Medium (0.33-0.66)
Ireland,Waterford,1.06398078286,0.0,0.0272639006175262,1.7592414169774493,1.9761206946553416,Low (<10%),Low (<5%),Low - Medium (0.25-0.50),Low - Medium (0.33-0.66)
Ireland,Waterford,3.69953373088,0.0,0.0272639006175262,1.7592414169774493,1.9761206946553416,Low (<10%),Low (<5%),Low - Medium (0.25-0.50),Low - Medium (0.33-0.66)
Ireland,Wexford,571.648499036,0.0,0.0272639006175262,1.7592414169774493,1.9761206946553416,Low (<10%),Low (<5%),Low - Medium (0.25-0.50),Low - Medium (0.33-0.66)
Ireland,Wexford,51.1149195412,0.0,0.0272639006175262,1.7592414169774493,1.9761206946553416,Low (<10%),Low (<5%),Low - Medium (0.25-0.50),Low - Medium (0.33-0.66)
Ireland,Carlow,539.069918159,0.2863712813182737,0.3529664361035617,1.749909621382156,1.9913357091063395,Low (<10%),Low (<5%),Low - Medium (0.25-0.50),Low - Medium (0.33-0.66)
Ireland,Kilkenny,0.53225918781,0.2863712813182737,0.3529664361035617,1.749909621382156,1.9913357091063395,Low (<10%),Low (<5%),Low - Medium (0.25-0.50),Low - Medium (0.33-0.66)
Ireland,Kilkenny,1685.41083457,0.2863712813182737,0.3529664361035617,1.749909621382156,1.9913357091063395,Low (<10%),Low (<5%),Low - Medium (0.25-0.50),Low - Medium (0.33-0.66)
Ireland,Laoighis,923.57357038,0.2863712813182737,0.3529664361035617,1.749909621382156,1.9913357091063395,Low (<10%),Low (<5%),Low - Medium (0.25-0.50),Low - Medium (0.33-0.66)
Ireland,Laoighis,668.526778081,0.2863712813182737,0.3529664361035617,1.749909621382156,1.9913357091063395,Low (<10%),Low (<5%),Low - Medium (0.25-0.50),Low - Medium (0.33-0.66)
Ireland,Offaly,394.467572075,0.2863712813182737,0.3529664361035617,1.749909621382156,1.9913357091063395,Low (<10%),Low (<5%),Low - Medium (0.25-0.50),Low - Medium (0.33-0.66)
Ireland,Tipperary,108.425155617,0.2863712813182737,0.3529664361035617,1.749909621382156,1.9913357091063395,Low (<10%),Low (<5%),Low - Medium (0.25-0.50),Low - Medium (0.33-0.66)
Ireland,Tipperary,229.75980122,0.2863712813182737,0.3529664361035617,1.749909621382156,1.9913357091063395,Low (<10%),Low (<5%),Low - Medium (0.25-0.50),Low - Medium (0.33-0.66)
Ireland,Wexford,83.3062949608,0.2863712813182737,0.3529664361035617,1.749909621382156,1.9913357091063395,Low (<10%),Low (<5%),Low - Medium (0.25-0.50),Low - Medium (0.33-0.66)
Ireland,Wicklow,27.9220044977,0.2863712813182737,0.3529664361035617,1.749909621382156,1.9913357091063395,Low (<10%),Low (<5%),Low - Medium (0.25-0.50),Low - Medium (0.33-0.66)
Ireland,Kildare,56.1200265153,0.2863712813182737,0.3529664361035617,1.749909621382156,1.9913357091063395,Low (<10%),Low (<5%),Low - Medium (0.25-0.50),Low - Medium (0.33-0.66)
Ireland,Kildare,789.52739974,0.2863712813182737,0.3529664361035617,1.749909621382156,1.9913357091063395,Low (<10%),Low (<5%),Low - Medium (0.25-0.50),Low - Medium (0.33-0.66)
Ireland,Kilkenny,338.585901001,0.0,0.0730440459464296,1.214431279193876,1.5466598624744612,Low (<10%),Low (<5%),Low - Medium (0.25-0.50),Low - Medium (0.33-0.66)
Ireland,Kilkenny,0.04653297654,0.0,0.0730440459464296,1.214431279193876,1.5466598624744612,Low (<10%),Low (<5%),Low - Medium (0.25-0.50),Low - Medium (0.33-0.66)
Ireland,Limerick,3.54804901286,0.0,0.0730440459464296,1.214431279193876,1.5466598624744612,Low (<10%),Low (<5%),Low - Medium (0.25-0.50),Low - Medium (0.33-0.66)
Ireland,Limerick,1647.07713771,0.0,0.0730440459464296,1.214431279193876,1.5466598624744612,Low (<10%),Low (<5%),Low - Medium (0.25-0.50),Low - Medium (0.33-0.66)
Ireland,Limerick,474.960391221,0.0,0.0730440459464296,1.214431279193876,1.5466598624744612,Low (<10%),Low (<5%),Low - Medium (0.25-0.50),Low - Medium (0.33-0.66)
Ireland,Limerick,37.3541238569,0.0,0.0730440459464296,1.214431279193876,1.5466598624744612,Low (<10%),Low (<5%),Low - Medium (0.25-0.50),Low - Medium (0.33-0.66)
Ireland,Offaly,0.24115075107,0.0,0.0730440459464296,1.214431279193876,1.5466598624744612,Low (<10%),Low (<5%),Low - Medium (0.25-0.50),Low - Medium (0.33-0.66)
Ireland,Offaly,2.22543336313,0.0,0.0730440459464296,1.214431279193876,1.5466598624744612,Low (<10%),Low (<5%),Low - Medium (0.25-0.50),Low - Medium (0.33-0.66)
Ireland,Tipperary,415.325461484,0.0,0.0730440459464296,1.214431279193876,1.5466598624744612,Low (<10%),Low (<5%),Low - Medium (0.25-0.50),Low - Medium (0.33-0.66)
Ireland,Tipperary,2249.66953858,0.0,0.0730440459464296,1.214431279193876,1.5466598624744612,Low (<10%),Low (<5%),Low - Medium (0.25-0.50),Low - Medium (0.33-0.66)
Ireland,Waterford,1824.54772267,0.0,0.0730440459464296,1.214431279193876,1.5466598624744612,Low (<10%),Low (<5%),Low - Medium (0.25-0.50),Low - Medium (0.33-0.66)
Ireland,Waterford,17.0331525137,0.0,0.0730440459464296,1.214431279193876,1.5466598624744612,Low (<10%),Low (<5%),Low - Medium (0.25-0.50),Low - Medium (0.33-0.66)
Ireland,Cork,7542.60072334,0.0,0.0730440459464296,1.214431279193876,1.5466598624744612,Low (<10%),Low (<5%),Low - Medium (0.25-0.50),Low - Medium (0.33-0.66)
Ireland,Cork,222.292533116,0.0,0.0730440459464296,1.214431279193876,1.5466598624744612,Low (<10%),Low (<5%),Low - Medium (0.25-0.50),Low - Medium (0.33-0.66)
Ireland,Kerry,4348.09074703,0.0,0.0730440459464296,1.214431279193876,1.5466598624744612,Low (<10%),Low (<5%),Low - Medium (0.25-0.50),Low - Medium (0.33-0.66)
Ireland,Kerry,230.373876558,0.0,0.0730440459464296,1.214431279193876,1.5466598624744612,Low (<10%),Low (<5%),Low - Medium (0.25-0.50),Low - Medium (0.33-0.66)
Ireland,Laoighis,54.2321680502,0.0,0.2211029706352466,1.699554261175815,2.100348473263056,Low (<10%),Low (<5%),Low - Medium (0.25-0.50),Medium - High (0.66-1.00)
Ireland,Leitrim,295.112239085,0.0,0.2211029706352466,1.699554261175815,2.100348473263056,Low (<10%),Low (<5%),Low - Medium (0.25-0.50),Medium - High (0.66-1.00)
Ireland,Leitrim,377.174014863,0.0,0.2211029706352466,1.699554261175815,2.100348473263056,Low (<10%),Low (<5%),Low - Medium (0.25-0.50),Medium - High (0.66-1.00)
Ireland,Limerick,261.713205748,0.0,0.2211029706352466,1.699554261175815,2.100348473263056,Low (<10%),Low (<5%),Low - Medium (0.25-0.50),Medium - High (0.66-1.00)
Ireland,Limerick,71.5330114549,0.0,0.2211029706352466,1.699554261175815,2.100348473263056,Low (<10%),Low (<5%),Low - Medium (0.25-0.50),Medium - High (0.66-1.00)
Ireland,Limerick,197.497391656,0.0,0.2211029706352466,1.699554261175815,2.100348473263056,Low (<10%),Low (<5%),Low - Medium (0.25-0.50),Medium - High (0.66-1.00)
Ireland,Longford,965.14865706,0.0,0.2211029706352466,1.699554261175815,2.100348473263056,Low (<10%),Low (<5%),Low - Medium (0.25-0.50),Medium - High (0.66-1.00)
Ireland,Mayo,99.3495140915,0.0,0.2211029706352466,1.699554261175815,2.100348473263056,Low (<10%),Low (<5%),Low - Medium (0.25-0.50),Medium - High (0.66-1.00)
Ireland,Meath,6.96674851841,0.0,0.2211029706352466,1.699554261175815,2.100348473263056,Low (<10%),Low (<5%),Low - Medium (0.25-0.50),Medium - High (0.66-1.00)
Ireland,Meath,68.1028442384,0.0,0.2211029706352466,1.699554261175815,2.100348473263056,Low (<10%),Low (<5%),Low - Medium (0.25-0.50),Medium - High (0.66-1.00)
Ireland,Offaly,1377.54369277,0.0,0.2211029706352466,1.699554261175815,2.100348473263056,Low (<10%),Low (<5%),Low - Medium (0.25-0.50),Medium - High (0.66-1.00)
Ireland,Cavan,27.72067812,0.0,0.2211029706352466,1.699554261175815,2.100348473263056,Low (<10%),Low (<5%),Low - Medium (0.25-0.50),Medium - High (0.66-1.00)
Ireland,Cavan,279.076997073,0.0,0.2211029706352466,1.699554261175815,2.100348473263056,Low (<10%),Low (<5%),Low - Medium (0.25-0.50),Medium - High (0.66-1.00)
Ireland,Roscommon,695.160059242,0.0,0.2211029706352466,1.699554261175815,2.100348473263056,Low (<10%),Low (<5%),Low - Medium (0.25-0.50),Medium - High (0.66-1.00)
Ireland,Roscommon,1780.83328616,0.0,0.2211029706352466,1.699554261175815,2.100348473263056,Low (<10%),Low (<5%),Low - Medium (0.25-0.50),Medium - High (0.66-1.00)
Ireland,Sligo,153.570358431,0.0,0.2211029706352466,1.699554261175815,2.100348473263056,Low (<10%),Low (<5%),Low - Medium (0.25-0.50),Medium - High (0.66-1.00)
Ireland,Tipperary,1352.62804182,0.0,0.2211029706352466,1.699554261175815,2.100348473263056,Low (<10%),Low (<5%),Low - Medium (0.25-0.50),Medium - High (0.66-1.00)
Ireland,Tipperary,95.1057474256,0.0,0.2211029706352466,1.699554261175815,2.100348473263056,Low (<10%),Low (<5%),Low - Medium (0.25-0.50),Medium - High (0.66-1.00)
Ireland,Westmeath,1349.34133216,0.0,0.2211029706352466,1.699554261175815,2.100348473263056,Low (<10%),Low (<5%),Low - Medium (0.25-0.50),Medium - High (0.66-1.00)
Ireland,Westmeath,6.72310698013,0.0,0.2211029706352466,1.699554261175815,2.100348473263056,Low (<10%),Low (<5%),Low - Medium (0.25-0.50),Medium - High (0.66-1.00)
Ireland,Clare,362.907209714,0.0,0.2211029706352466,1.699554261175815,2.100348473263056,Low (<10%),Low (<5%),Low - Medium (0.25-0.50),Medium - High (0.66-1.00)
Ireland,Clare,257.282924996,0.0,0.2211029706352466,1.699554261175815,2.100348473263056,Low (<10%),Low (<5%),Low - Medium (0.25-0.50),Medium - High (0.66-1.00)
Ireland,Galway,830.144745111,0.0,0.2211029706352466,1.699554261175815,2.100348473263056,Low (<10%),Low (<5%),Low - Medium (0.25-0.50),Medium - High (0.66-1.00)
Ireland,Galway,831.732056844,0.0,0.2211029706352466,1.699554261175815,2.100348473263056,Low (<10%),Low (<5%),Low - Medium (0.25-0.50),Medium - High (0.66-1.00)
Ireland,Leitrim,498.611106439,0.0,0.0510687892001763,1.1364797409990428,1.4684905926595886,Low (<10%),Low (<5%),Low - Medium (0.25-0.50),Low - Medium (0.33-0.66)
Ireland,Leitrim,2.27577991322,0.0,0.0510687892001763,1.1364797409990428,1.4684905926595886,Low (<10%),Low (<5%),Low - Medium (0.25-0.50),Low - Medium (0.33-0.66)
Ireland,Limerick,0.4125986968,0.0,0.0510687892001763,1.1364797409990428,1.4684905926595886,Low (<10%),Low (<5%),Low - Medium (0.25-0.50),Low - Medium (0.33-0.66)
Ireland,Longford,0.16406805777,0.0,0.0510687892001763,1.1364797409990428,1.4684905926595886,Low (<10%),Low (<5%),Low - Medium (0.25-0.50),Low - Medium (0.33-0.66)
Ireland,Longford,0.07708887903,0.0,0.0510687892001763,1.1364797409990428,1.4684905926595886,Low (<10%),Low (<5%),Low - Medium (0.25-0.50),Low - Medium (0.33-0.66)
Ireland,Mayo,147.496160427,0.0,0.0510687892001763,1.1364797409990428,1.4684905926595886,Low (<10%),Low (<5%),Low - Medium (0.25-0.50),Low - Medium (0.33-0.66)
Ireland,Mayo,5222.30996206,0.0,0.0510687892001763,1.1364797409990428,1.4684905926595886,Low (<10%),Low (<5%),Low - Medium (0.25-0.50),Low - Medium (0.33-0.66)
Ireland,Mayo,165.149444139,0.0,0.0510687892001763,1.1364797409990428,1.4684905926595886,Low (<10%),Low (<5%),Low - Medium (0.25-0.50),Low - Medium (0.33-0.66)
Ireland,Roscommon,74.5865120232,0.0,0.0510687892001763,1.1364797409990428,1.4684905926595886,Low (<10%),Low (<5%),Low - Medium (0.25-0.50),Low - Medium (0.33-0.66)
Ireland,Sligo,1668.84511961,0.0,0.0510687892001763,1.1364797409990428,1.4684905926595886,Low (<10%),Low (<5%),Low - Medium (0.25-0.50),Low - Medium (0.33-0.66)
Ireland,Sligo,64.2298798242,0.0,0.0510687892001763,1.1364797409990428,1.4684905926595886,Low (<10%),Low (<5%),Low - Medium (0.25-0.50),Low - Medium (0.33-0.66)
Ireland,Clare,12.4276900351,0.0,0.0510687892001763,1.1364797409990428,1.4684905926595886,Low (<10%),Low (<5%),Low - Medium (0.25-0.50),Low - Medium (0.33-0.66)
Ireland,Clare,462.734396155,0.0,0.0510687892001763,1.1364797409990428,1.4684905926595886,Low (<10%),Low (<5%),Low - Medium (0.25-0.50),Low - Medium (0.33-0.66)
Ireland,Clare,2092.35224214,0.0,0.0510687892001763,1.1364797409990428,1.4684905926595886,Low (<10%),Low (<5%),Low - Medium (0.25-0.50),Low - Medium (0.33-0.66)
Ireland,Clare,124.466169011,0.0,0.0510687892001763,1.1364797409990428,1.4684905926595886,Low (<10%),Low (<5%),Low - Medium (0.25-0.50),Low - Medium (0.33-0.66)
Ireland,Donegal,26.5225054927,0.0,0.0510687892001763,1.1364797409990428,1.4684905926595886,Low (<10%),Low (<5%),Low - Medium (0.25-0.50),Low - Medium (0.33-0.66)
Ireland,Donegal,0.06981901108,0.0,0.0510687892001763,1.1364797409990428,1.4684905926595886,Low (<10%),Low (<5%),Low - Medium (0.25-0.50),Low - Medium (0.33-0.66)
Ireland,Galway,20.1759811355,0.0,0.0510687892001763,1.1364797409990428,1.4684905926595886,Low (<10%),Low (<5%),Low - Medium (0.25-0.50),Low - Medium (0.33-0.66)
Ireland,Galway,4300.83467529,0.0,0.0510687892001763,1.1364797409990428,1.4684905926595886,Low (<10%),Low (<5%),Low - Medium (0.25-0.50),Low - Medium (0.33-0.66)
Ireland,Galway,275.410373884,0.0,0.0510687892001763,1.1364797409990428,1.4684905926595886,Low (<10%),Low (<5%),Low - Medium (0.25-0.50),Low - Medium (0.33-0.66)
Ireland,Leitrim,160.15295174,0.0,0.1863857470518517,1.3035743564732325,1.658981111126974,Low (<10%),Low (<5%),Low - Medium (0.25-0.50),Low - Medium (0.33-0.66)
Ireland,Leitrim,204.283241887,0.0,0.1863857470518517,1.3035743564732325,1.658981111126974,Low (<10%),Low (<5%),Low - Medium (0.25-0.50),Low - Medium (0.33-0.66)
Ireland,Longford,144.630893732,0.0,0.1863857470518517,1.3035743564732325,1.658981111126974,Low (<10%),Low (<5%),Low - Medium (0.25-0.50),Low - Medium (0.33-0.66)
Ireland,Monaghan,148.38970396,0.0,0.1863857470518517,1.3035743564732325,1.658981111126974,Low (<10%),Low (<5%),Low - Medium (0.25-0.50),Low - Medium (0.33-0.66)
Ireland,Monaghan,423.317041429,0.0,0.1863857470518517,1.3035743564732325,1.658981111126974,Low (<10%),Low (<5%),Low - Medium (0.25-0.50),Low - Medium (0.33-0.66)
Ireland,Cavan,274.645951526,0.0,0.1863857470518517,1.3035743564732325,1.658981111126974,Low (<10%),Low (<5%),Low - Medium (0.25-0.50),Low - Medium (0.33-0.66)
Ireland,Cavan,43.0824453203,0.0,0.1863857470518517,1.3035743564732325,1.658981111126974,Low (<10%),Low (<5%),Low - Medium (0.25-0.50),Low - Medium (0.33-0.66)
Ireland,Cavan,963.374066114,0.0,0.1863857470518517,1.3035743564732325,1.658981111126974,Low (<10%),Low (<5%),Low - Medium (0.25-0.50),Low - Medium (0.33-0.66)
Ireland,Donegal,175.54026773,0.0,0.1863857470518517,1.3035743564732325,1.658981111126974,Low (<10%),Low (<5%),Low - Medium (0.25-0.50),Low - Medium (0.33-0.66)
Ireland,Donegal,4192.65188599,0.0,0.1088734463244215,0.7002371011785982,0.6680638387204691,Low (<10%),Low (<5%),Low (<0.25),Low (<0.33)
Ireland,Donegal,168.387062614,0.0,0.1088734463244215,0.7002371011785982,0.6680638387204691,Low (<10%),Low (<5%),Low (<0.25),Low (<0.33)
Ireland,Donegal,338.552179824,0.0,0.1088734463244215,0.7002371011785982,0.6680638387204691,Low (<10%),Low (<5%),Low (<0.25),Low (<0.33)
Ireland,Monaghan,2.5763286443,0.7163614925799503,0.3548204401870026,1.1325103918267678,1.4380606130133882,Low (<10%),Low (<5%),Low - Medium (0.25-0.50),Low - Medium (0.33-0.66)
Ireland,Monaghan,396.336317622,0.7163614925799503,0.3548204401870026,1.1325103918267678,1.4380606130133882,Low (<10%),Low (<5%),Low - Medium (0.25-0.50),Low - Medium (0.33-0.66)
Ireland,Carlow,480.375187257,1.0690289403950055,0.5777587086514333,1.3241416336362513,1.5575041456343868,Low - Medium (10-20%),Low (<5%),Low - Medium (0.25-0.50),Low - Medium (0.33-0.66)
Ireland,Louth,857.889986099,1.0690289403950055,0.5777587086514333,1.3241416336362513,1.5575041456343868,Low - Medium (10-20%),Low (<5%),Low - Medium (0.25-0.50),Low - Medium (0.33-0.66)
Ireland,Louth,29.7321898336,1.0690289403950055,0.5777587086514333,1.3241416336362513,1.5575041456343868,Low - Medium (10-20%),Low (<5%),Low - Medium (0.25-0.50),Low - Medium (0.33-0.66)
Ireland,Meath,64.5942188549,1.0690289403950055,0.5777587086514333,1.3241416336362513,1.5575041456343868,Low - Medium (10-20%),Low (<5%),Low - Medium (0.25-0.50),Low - Medium (0.33-0.66)
Ireland,Meath,1995.78282416,1.0690289403950055,0.5777587086514333,1.3241416336362513,1.5575041456343868,Low - Medium (10-20%),Low (<5%),Low - Medium (0.25-0.50),Low - Medium (0.33-0.66)
Ireland,Meath,72.0875170633,1.0690289403950055,0.5777587086514333,1.3241416336362513,1.5575041456343868,Low - Medium (10-20%),Low (<5%),Low - Medium (0.25-0.50),Low - Medium (0.33-0.66)
Ireland,Meath,1.86059813774,1.0690289403950055,0.5777587086514333,1.3241416336362513,1.5575041456343868,Low - Medium (10-20%),Low (<5%),Low - Medium (0.25-0.50),Low - Medium (0.33-0.66)
Ireland,Monaghan,347.767995037,1.0690289403950055,0.5777587086514333,1.3241416336362513,1.5575041456343868,Low - Medium (10-20%),Low (<5%),Low - Medium (0.25-0.50),Low - Medium (0.33-0.66)
Ireland,Monaghan,23.919314299,1.0690289403950055,0.5777587086514333,1.3241416336362513,1.5575041456343868,Low - Medium (10-20%),Low (<5%),Low - Medium (0.25-0.50),Low - Medium (0.33-0.66)
Ireland,Offaly,117.593235657,1.0690289403950055,0.5777587086514333,1.3241416336362513,1.5575041456343868,Low - Medium (10-20%),Low (<5%),Low - Medium (0.25-0.50),Low - Medium (0.33-0.66)
Ireland,Cavan,182.085340865,1.0690289403950055,0.5777587086514333,1.3241416336362513,1.5575041456343868,Low - Medium (10-20%),Low (<5%),Low - Medium (0.25-0.50),Low - Medium (0.33-0.66)
Ireland,Cavan,202.659343446,1.0690289403950055,0.5777587086514333,1.3241416336362513,1.5575041456343868,Low - Medium (10-20%),Low (<5%),Low - Medium (0.25-0.50),Low - Medium (0.33-0.66)
Ireland,Westmeath,522.684692122,1.0690289403950055,0.5777587086514333,1.3241416336362513,1.5575041456343868,Low - Medium (10-20%),Low (<5%),Low - Medium (0.25-0.50),Low - Medium (0.33-0.66)
Ireland,Westmeath,9.11690791873,1.0690289403950055,0.5777587086514333,1.3241416336362513,1.5575041456343868,Low - Medium (10-20%),Low (<5%),Low - Medium (0.25-0.50),Low - Medium (0.33-0.66)
Ireland,Wexford,1492.48044159,1.0690289403950055,0.5777587086514333,1.3241416336362513,1.5575041456343868,Low - Medium (10-20%),Low (<5%),Low - Medium (0.25-0.50),Low - Medium (0.33-0.66)
Ireland,Wexford,40.6527076181,1.0690289403950055,0.5777587086514333,1.3241416336362513,1.5575041456343868,Low - Medium (10-20%),Low (<5%),Low - Medium (0.25-0.50),Low - Medium (0.33-0.66)
Ireland,Wicklow,1857.30198404,1.0690289403950055,0.5777587086514333,1.3241416336362513,1.5575041456343868,Low - Medium (10-20%),Low (<5%),Low - Medium (0.25-0.50),Low - Medium (0.33-0.66)
Ireland,Wicklow,7.79685572532,1.0690289403950055,0.5777587086514333,1.3241416336362513,1.5575041456343868,Low - Medium (10-20%),Low (<5%),Low - Medium (0.25-0.50),Low - Medium (0.33-0.66)
Ireland,Dublin,816.377952248,1.0690289403950055,0.5777587086514333,1.3241416336362513,1.5575041456343868,Low - Medium (10-20%),Low (<5%),Low - Medium (0.25-0.50),Low - Medium (0.33-0.66)
Ireland,Dublin,72.1252010063,1.0690289403950055,0.5777587086514333,1.3241416336362513,1.5575041456343868,Low - Medium (10-20%),Low (<5%),Low - Medium (0.25-0.50),Low - Medium (0.33-0.66)
Ireland,Kildare,127.993892573,1.0690289403950055,0.5777587086514333,1.3241416336362513,1.5575041456343868,Low - Medium (10-20%),Low (<5%),Low - Medium (0.25-0.50),Low - Medium (0.33-0.66)
Ireland,Kildare,826.892279273,1.0690289403950055,0.5777587086514333,1.3241416336362513,1.5575041456343868,Low - Medium (10-20%),Low (<5%),Low - Medium (0.25-0.50),Low - Medium (0.33-0.66)
United States,Alaska,781.766461147,0.0,0.0001837627923375,0.9348247478375004,0.3853797564314551,Low (<10%),Low (<5%),Low (<0.25),Low (<0.33)
United States,Alaska,206.480664366,0.0,0.0001837627923375,0.9348247478375004,0.3853797564314551,Low (<10%),Low (<5%),Low (<0.25),Low (<0.33)
United States,Alaska,254.89460131,0.0,0.0001837627923375,0.9348247478375004,0.3853797564314551,Low (<10%),Low (<5%),Low (<0.25),Low (<0.33)
United States,Alaska,216.348230656,0.0,0.0001837627923375,0.9348247478375004,0.3853797564314551,Low (<10%),Low (<5%),Low (<0.25),Low (<0.33)
United States,Alaska,60.852729676,0.0,0.0001837627923375,0.9348247478375004,0.3853797564314551,Low (<10%),Low (<5%),Low (<0.25),Low (<0.33)
United States,Alaska,270.954416596,0.0,0.0001837627923375,0.9348247478375004,0.3853797564314551,Low (<10%),Low (<5%),Low (<0.25),Low (<0.33)
United States,Alaska,327.716670492,0.0,0.0001837627923375,0.9348247478375004,0.3853797564314551,Low (<10%),Low (<5%),Low (<0.25),Low (<0.33)
Singapore,Central,125.330210027,0.0,0.2999266955016832,1.2036215303974336,0.7802816535323419,Low (<10%),Low (<5%),Low - Medium (0.25-0.50),Low (<0.33)
Singapore,Central,6.89697839766,0.0,0.2999266955016832,1.2036215303974336,0.7802816535323419,Low (<10%),Low (<5%),Low - Medium (0.25-0.50),Low (<0.33)
Singapore,East,75.6816482721,0.0,0.2999266955016832,1.2036215303974336,0.7802816535323419,Low (<10%),Low (<5%),Low - Medium (0.25-0.50),Low (<0.33)
Singapore,East,26.8868490864,0.0,0.2999266955016832,1.2036215303974336,0.7802816535323419,Low (<10%),Low (<5%),Low - Medium (0.25-0.50),Low (<0.33)
Singapore,North,97.6406700992,0.0,0.2999266955016832,1.2036215303974336,0.7802816535323419,Low (<10%),Low (<5%),Low - Medium (0.25-0.50),Low (<0.33)
Singapore,North,33.6842343285,0.0,0.2999266955016832,1.2036215303974336,0.7802816535323419,Low (<10%),Low (<5%),Low - Medium (0.25-0.50),Low (<0.33)
Singapore,North-East,1.93003821505,0.0,0.2999266955016832,1.2036215303974336,0.7802816535323419,Low (<10%),Low (<5%),Low - Medium (0.25-0.50),Low (<0.33)
Singapore,North-East,0.44675804649,0.0,0.2999266955016832,1.2036215303974336,0.7802816535323419,Low (<10%),Low (<5%),Low - Medium (0.25-0.50),Low (<0.33)
Singapore,North-East,58.7543470433,0.0,0.2999266955016832,1.2036215303974336,0.7802816535323419,Low (<10%),Low (<5%),Low - Medium (0.25-0.50),Low (<0.33)
Singapore,North-East,42.4040131395,0.0,0.2999266955016832,1.2036215303974336,0.7802816535323419,Low (<10%),Low (<5%),Low - Medium (0.25-0.50),Low (<0.33)
Singapore,West,158.872912312,0.0,0.2999266955016832,1.2036215303974336,0.7802816535323419,Low (<10%),Low (<5%),Low - Medium (0.25-0.50),Low (<0.33)
Singapore,West,53.9157709719,0.0,0.2999266955016832,1.2036215303974336,0.7802816535323419,Low (<10%),Low (<5%),Low - Medium (0.25-0.50),Low (<0.33)
India,Manipur,6796.71502116,3.191410652045997,1.3533105749229308,1.201738798715034,2.520043668707199,High (40-80%),Low - Medium (5-25%),Low - Medium (0.25-0.50),Medium - High (0.66-1.00)
India,Manipur,4201.70486198,0.0,0.025279586520507,0.7730786322245707,1.8318553454643145,Low (<10%),Low (<5%),Low (<0.25),Low - Medium (0.33-0.66)
India,Manipur,30.7808829274,0.0,0.0033137422963971,0.7641990099605098,1.7205439956692508,Low (<10%),Low (<5%),Low (<0.25),Low - Medium (0.33-0.66)
India,Nagaland,2.82782118677,0.0,0.0033137422963971,0.7641990099605098,1.7205439956692508,Low (<10%),Low (<5%),Low (<0.25),Low - Medium (0.33-0.66)
India,Manipur,1582.09724839,0.0,0.0425890771198071,0.7722861085664529,1.7576935642734195,Low (<10%),Low (<5%),Low (<0.25),Low - Medium (0.33-0.66)
India,Nagaland,4803.61170349,0.0,0.0425890771198071,0.7722861085664529,1.7576935642734195,Low (<10%),Low (<5%),Low (<0.25),Low - Medium (0.33-0.66)
India,Nagaland,30.3800513398,0.0,0.0074614579624868,0.8221151914106323,1.8533339436513787,Low (<10%),Low (<5%),Low (<0.25),Low - Medium (0.33-0.66)
India,Arunachal Pradesh,7.48968666475,0.0,0.0074614579624868,0.8221151914106323,1.8533339436513787,Low (<10%),Low (<5%),Low (<0.25),Low - Medium (0.33-0.66)
India,Arunachal Pradesh,0.34331803017,0.0,0.0017537640948231,0.7803021403129043,2.123820435192698,Low (<10%),Low (<5%),Low (<0.25),Medium - High (0.66-1.00)
India,Arunachal Pradesh,3.82263024327,0.0,0.0017537640948231,0.7803021403129043,2.123820435192698,Low (<10%),Low (<5%),Low (<0.25),Medium - High (0.66-1.00)
India,Arunachal Pradesh,11.2063288387,0.0,0.011618096061739,0.587388213973681,1.193928555552775,Low (<10%),Low (<5%),Low (<0.25),Low - Medium (0.33-0.66)
India,Arunachal Pradesh,57.2964778873,0.0,0.011618096061739,0.587388213973681,1.193928555552775,Low (<10%),Low (<5%),Low (<0.25),Low - Medium (0.33-0.66)
India,Arunachal Pradesh,0.39295443145,0.0,0.011618096061739,0.587388213973681,1.193928555552775,Low (<10%),Low (<5%),Low (<0.25),Low - Medium (0.33-0.66)
India,Arunachal Pradesh,30.4623410385,0.0,0.001118539856621,0.5533246771931611,0.9661362576380084,Low (<10%),Low (<5%),Low (<0.25),Low (<0.33)
India,Andaman and Nicobar,1231.35004594,0.0,0.0001548179642058,1.4028372212961728,1.6187309916971953,Low (<10%),Low (<5%),Low - Medium (0.25-0.50),Low - Medium (0.33-0.66)
India,Andaman and Nicobar,1393.78118321,0.0,0.0001548179642058,1.4028372212961728,1.6187309916971953,Low (<10%),Low (<5%),Low - Medium (0.25-0.50),Low - Medium (0.33-0.66)
India,Andaman and Nicobar,221.581860184,0.0,0.0001548179642058,1.4028372212961728,1.6187309916971953,Low (<10%),Low (<5%),Low - Medium (0.25-0.50),Low - Medium (0.33-0.66)
India,Andaman and Nicobar,1201.17672066,0.0,0.0001548179642058,1.4028372212961728,1.6187309916971953,Low (<10%),Low (<5%),Low - Medium (0.25-0.50),Low - Medium (0.33-0.66)
India,Andaman and Nicobar,106.622340058,0.0,0.0001548179642058,1.4028372212961728,1.6187309916971953,Low (<10%),Low (<5%),Low - Medium (0.25-0.50),Low - Medium (0.33-0.66)
India,Andaman and Nicobar,608.452571395,0.0,0.0001548179642058,1.4028372212961728,1.6187309916971953,Low (<10%),Low (<5%),Low - Medium (0.25-0.50),Low - Medium (0.33-0.66)
India,Andaman and Nicobar,101.298613357,0.0,0.0001548179642058,1.4028372212961728,1.6187309916971953,Low (<10%),Low (<5%),Low - Medium (0.25-0.50),Low - Medium (0.33-0.66)
India,Andaman and Nicobar,115.335481938,0.0,0.0001548179642058,1.4028372212961728,1.6187309916971953,Low (<10%),Low (<5%),Low - Medium (0.25-0.50),Low - Medium (0.33-0.66)
India,Andaman and Nicobar,145.695713825,0.0,0.0001548179642058,1.4028372212961728,1.6187309916971953,Low (<10%),Low (<5%),Low - Medium (0.25-0.50),Low - Medium (0.33-0.66)
India,Andaman and Nicobar,119.955330937,0.0,0.0001548179642058,1.4028372212961728,1.6187309916971953,Low (<10%),Low (<5%),Low - Medium (0.25-0.50),Low - Medium (0.33-0.66)
India,Andaman and Nicobar,916.154403196,0.0,0.0001548179642058,1.4028372212961728,1.6187309916971953,Low (<10%),Low (<5%),Low - Medium (0.25-0.50),Low - Medium (0.33-0.66)
India,Andaman and Nicobar,1462.47248587,0.0,0.0001548179642058,1.4028372212961728,1.6187309916971953,Low (<10%),Low (<5%),Low - Medium (0.25-0.50),Low - Medium (0.33-0.66)
India,Mizoram,8314.63034091,0.0,0.1284960047868362,0.9109175234813266,2.358093011700106,Low (<10%),Low (<5%),Low (<0.25),Medium - High (0.66-1.00)
India,Mizoram,4030.96357683,3.085330177558119,1.3160496462606075,1.1320795745009304,1.897369134372408,High (40-80%),Low - Medium (5-25%),Low - Medium (0.25-0.50),Low - Medium (0.33-0.66)
India,Tripura,50.7388850516,3.085330177558119,1.3160496462606075,1.1320795745009304,1.897369134372408,High (40-80%),Low - Medium (5-25%),Low - Medium (0.25-0.50),Low - Medium (0.33-0.66)
India,Tripura,1308.24467672,3.534715099364554,1.4562253245598176,1.367586582048567,2.222493147278822,High (40-80%),Low - Medium (5-25%),Low - Medium (0.25-0.50),Medium - High (0.66-1.00)
India,Tripura,236.785157625,3.534715099364554,1.4562253245598176,1.367586582048567,2.222493147278822,High (40-80%),Low - Medium (5-25%),Low - Medium (0.25-0.50),Medium - High (0.66-1.00)
India,Tripura,2362.64524126,3.386970117486122,1.4968946957872271,1.3565380535250422,2.1001810143224087,High (40-80%),Low - Medium (5-25%),Low - Medium (0.25-0.50),Medium - High (0.66-1.00)
India,Tripura,132.145721542,3.386970117486122,1.4968946957872271,1.3565380535250422,2.1001810143224087,High (40-80%),Low - Medium (5-25%),Low - Medium (0.25-0.50),Medium - High (0.66-1.00)
India,Tripura,1.69813147208,0.3750773484780123,0.6164006987355972,0.7397227041306041,2.36648149671742,Low (<10%),Low (<5%),Low (<0.25),Medium - High (0.66-1.00)
India,Tripura,53.5144106226,0.3750773484780123,0.6164006987355972,0.7397227041306041,2.36648149671742,Low (<10%),Low (<5%),Low (<0.25),Medium - High (0.66-1.00)
India,Meghalaya,12.5084984818,5.0,5.0,1.615240410594436,2.4113933477415266,Extremely High (>80%),Extremely High (>75%),Low - Medium (0.25-0.50),Medium - High (0.66-1.00)
India,Tripura,1212.06048589,1.7092447734291354,0.9502128056531882,1.0891647810769625,2.1385388273403154,Low - Medium (10-20%),Low (<5%),Low - Medium (0.25-0.50),Medium - High (0.66-1.00)
India,Tripura,312.832069173,1.7092447734291354,0.9502128056531882,1.0891647810769625,2.1385388273403154,Low - Medium (10-20%),Low (<5%),Low - Medium (0.25-0.50),Medium - High (0.66-1.00)
India,Meghalaya,11055.7289326,3.123491844383117,1.5532450203890509,1.1225049231982582,1.905891440163031,High (40-80%),Low - Medium (5-25%),Low - Medium (0.25-0.50),Low - Medium (0.33-0.66)
India,Meghalaya,257.938759629,3.123491844383117,1.5532450203890509,1.1225049231982582,1.905891440163031,High (40-80%),Low - Medium (5-25%),Low - Medium (0.25-0.50),Low - Medium (0.33-0.66)
India,Assam,156.658360968,3.123491844383117,1.5532450203890509,1.1225049231982582,1.905891440163031,High (40-80%),Low - Medium (5-25%),Low - Medium (0.25-0.50),Low - Medium (0.33-0.66)
India,Mizoram,353.926553509,2.5216040683538123,1.0853731751188394,1.052977298866409,1.9689984968533407,Medium - High (20-40%),Low - Medium (5-25%),Low - Medium (0.25-0.50),Low - Medium (0.33-0.66)
India,Tripura,4913.77400586,2.5216040683538123,1.0853731751188394,1.052977298866409,1.9689984968533407,Medium - High (20-40%),Low - Medium (5-25%),Low - Medium (0.25-0.50),Low - Medium (0.33-0.66)
India,Assam,2730.63674119,2.5216040683538123,1.0853731751188394,1.052977298866409,1.9689984968533407,Medium - High (20-40%),Low - Medium (5-25%),Low - Medium (0.25-0.50),Low - Medium (0.33-0.66)
India,Mizoram,3704.13304268,0.5351538738191306,0.3664318172076855,1.1878152202660226,2.1420628868952045,Low (<10%),Low (<5%),Low - Medium (0.25-0.50),Medium - High (0.66-1.00)
India,Assam,968.707957843,0.5351538738191306,0.3664318172076855,1.1878152202660226,2.1420628868952045,Low (<10%),Low (<5%),Low - Medium (0.25-0.50),Medium - High (0.66-1.00)
India,Manipur,626.435444131,0.0,0.1263154550732069,1.0235327240841787,2.008299778321136,Low (<10%),Low (<5%),Low - Medium (0.25-0.50),Medium - High (0.66-1.00)
India,Mizoram,2611.0790637,0.0,0.1263154550732069,1.0235327240841787,2.008299778321136,Low (<10%),Low (<5%),Low - Medium (0.25-0.50),Medium - High (0.66-1.00)
India,Nagaland,0.1272839543,0.0,0.1263154550732069,1.0235327240841787,2.008299778321136,Low (<10%),Low (<5%),Low - Medium (0.25-0.50),Medium - High (0.66-1.00)
India,Assam,4036.56460907,0.0,0.1263154550732069,1.0235327240841787,2.008299778321136,Low (<10%),Low (<5%),Low - Medium (0.25-0.50),Medium - High (0.66-1.00)
India,Manipur,1783.67112131,0.0,0.0402551549215428,1.2694971464077365,1.8721909586152023,Low (<10%),Low (<5%),Low - Medium (0.25-0.50),Low - Medium (0.33-0.66)
India,Mizoram,2335.39219897,0.0,0.0402551549215428,1.2694971464077365,1.8721909586152023,Low (<10%),Low (<5%),Low - Medium (0.25-0.50),Low - Medium (0.33-0.66)
India,Manipur,7329.61650246,0.0,0.0970470312545822,1.0370141217415898,1.895838514738056,Low (<10%),Low (<5%),Low - Medium (0.25-0.50),Low - Medium (0.33-0.66)
India,Mizoram,0.16024386899,0.0,0.0970470312545822,1.0370141217415898,1.895838514738056,Low (<10%),Low (<5%),Low - Medium (0.25-0.50),Low - Medium (0.33-0.66)
India,Nagaland,794.143502642,0.0,0.0970470312545822,1.0370141217415898,1.895838514738056,Low (<10%),Low (<5%),Low - Medium (0.25-0.50),Low - Medium (0.33-0.66)
India,Assam,1.34875087349,0.0,0.0970470312545822,1.0370141217415898,1.895838514738056,Low (<10%),Low (<5%),Low - Medium (0.25-0.50),Low - Medium (0.33-0.66)
India,West Bengal,726.852215746,0.3750773484780123,0.6164006987355972,0.7397227041306041,2.36648149671742,Low (<10%),Low (<5%),Low (<0.25),Medium - High (0.66-1.00)
India,West Bengal,6300.26878882,5.0,5.0,1.9529849378019724,3.2588044865634824,Extremely High (>80%),Extremely High (>75%),Low - Medium (0.25-0.50),High (1.00-1.33)
India,Bihar,547.251048486,5.0,5.0,1.9529849378019724,3.2588044865634824,Extremely High (>80%),Extremely High (>75%),Low - Medium (0.25-0.50),High (1.00-1.33)
India,West Bengal,683.038435394,0.2275007711982071,0.617265815789596,1.0382153508653136,3.181934564905846,Low (<10%),Low (<5%),Low - Medium (0.25-0.50),High (1.00-1.33)
India,Jharkhand,738.939932757,4.406142062081932,2.45142522611146,2.440713406089844,3.1029545710929565,Extremely High (>80%),Medium - High (25-50%),Medium - High (0.50-0.75),High (1.00-1.33)
India,Jharkhand,818.787410695,4.406142062081932,2.45142522611146,2.440713406089844,3.1029545710929565,Extremely High (>80%),Medium - High (25-50%),Medium - High (0.50-0.75),High (1.00-1.33)
India,West Bengal,22.8891849838,4.406142062081932,2.45142522611146,2.440713406089844,3.1029545710929565,Extremely High (>80%),Medium - High (25-50%),Medium - High (0.50-0.75),High (1.00-1.33)
India,Jharkhand,402.980666653,0.0,0.2693800059053814,1.040483037217393,3.174029743621272,Low (<10%),Low (<5%),Low - Medium (0.25-0.50),High (1.00-1.33)
India,West Bengal,269.388436406,0.0,0.2693800059053814,1.040483037217393,3.174029743621272,Low (<10%),Low (<5%),Low - Medium (0.25-0.50),High (1.00-1.33)
India,West Bengal,262.110485078,2.2515186204425044,1.23781484443436,1.037562079487393,3.1590205075469138,Medium - High (20-40%),Low - Medium (5-25%),Low - Medium (0.25-0.50),High (1.00-1.33)
India,West Bengal,2173.45232798,2.2515186204425044,1.23781484443436,1.037562079487393,3.1590205075469138,Medium - High (20-40%),Low - Medium (5-25%),Low - Medium (0.25-0.50),High (1.00-1.33)
India,Bihar,5351.66326427,2.2515186204425044,1.23781484443436,1.037562079487393,3.1590205075469138,Medium - High (20-40%),Low - Medium (5-25%),Low - Medium (0.25-0.50),High (1.00-1.33)
India,Jharkhand,328.67513592,0.0,0.0719759288751638,1.0405833321244415,3.170678558927772,Low (<10%),Low (<5%),Low - Medium (0.25-0.50),High (1.00-1.33)
India,West Bengal,87.1066241705,0.0,0.0719759288751638,1.0405833321244415,3.170678558927772,Low (<10%),Low (<5%),Low - Medium (0.25-0.50),High (1.00-1.33)
India,Bihar,508.754449311,0.0,0.0719759288751638,1.0405833321244415,3.170678558927772,Low (<10%),Low (<5%),Low - Medium (0.25-0.50),High (1.00-1.33)
India,Bihar,1927.7248836,5.0,5.0,2.474395897774912,3.229795026905007,Extremely High (>80%),Extremely High (>75%),Medium - High (0.50-0.75),High (1.00-1.33)
India,Bihar,841.507897508,0.0,0.3913098760743924,1.0466506691317796,3.158287072646456,Low (<10%),Low (<5%),Low - Medium (0.25-0.50),High (1.00-1.33)
India,Bihar,8187.53403431,3.777845439522909,2.366445635337892,0.9453718345850094,2.451780961613271,High (40-80%),Medium - High (25-50%),Low (<0.25),Medium - High (0.66-1.00)
India,Bihar,4831.86971501,2.4926458588129865,1.4573405011760392,0.9988872146457094,2.575609472681203,Medium - High (20-40%),Low - Medium (5-25%),Low (<0.25),Medium - High (0.66-1.00)
India,Bihar,13.9412048436,,,,,No Data,No Data,No Data,No Data
India,Bihar,4064.33171083,5.0,5.0,2.3171866270103165,3.0618314413049235,Extremely High (>80%),Extremely High (>75%),Medium - High (0.50-0.75),High (1.00-1.33)
India,Sikkim,7.96775988518,1.8054003956502784,1.1084618906326846,0.7457962411805288,2.2065743693518605,Low - Medium (10-20%),Low - Medium (5-25%),Low (<0.25),Medium - High (0.66-1.00)
India,Sikkim,0.15602962177,1.8054003956502784,1.1084618906326846,0.7457962411805288,2.2065743693518605,Low - Medium (10-20%),Low - Medium (5-25%),Low (<0.25),Medium - High (0.66-1.00)
India,Sikkim,0.08952443783,1.8054003956502784,1.1084618906326846,0.7457962411805288,2.2065743693518605,Low - Medium (10-20%),Low - Medium (5-25%),Low (<0.25),Medium - High (0.66-1.00)
India,West Bengal,0.45139190847,1.8054003956502784,1.1084618906326846,0.7457962411805288,2.2065743693518605,Low - Medium (10-20%),Low - Medium (5-25%),Low (<0.25),Medium - High (0.66-1.00)
India,Bihar,3198.32283167,1.8054003956502784,1.1084618906326846,0.7457962411805288,2.2065743693518605,Low - Medium (10-20%),Low - Medium (5-25%),Low (<0.25),Medium - High (0.66-1.00)
India,Bihar,0.09124461166,0.0,0.0734894213596848,0.7074203594437348,2.467224063591054,Low (<10%),Low (<5%),Low (<0.25),Medium - High (0.66-1.00)
India,Sikkim,15.8954376057,0.0,0.1107270605127008,0.9715951891952248,3.234953827304582,Low (<10%),Low (<5%),Low (<0.25),High (1.00-1.33)
India,Jharkhand,1579.10113654,1.4275028571175992,1.025233895400981,1.0426387768321883,3.151285157963857,Low - Medium (10-20%),Low - Medium (5-25%),Low - Medium (0.25-0.50),High (1.00-1.33)
India,Jharkhand,723.958784215,1.4275028571175992,1.025233895400981,1.0426387768321883,3.151285157963857,Low - Medium (10-20%),Low - Medium (5-25%),Low - Medium (0.25-0.50),High (1.00-1.33)
India,Bihar,4344.805087,1.4275028571175992,1.025233895400981,1.0426387768321883,3.151285157963857,Low - Medium (10-20%),Low - Medium (5-25%),Low - Medium (0.25-0.50),High (1.00-1.33)
India,Bihar,2144.15409038,1.4275028571175992,1.025233895400981,1.0426387768321883,3.151285157963857,Low - Medium (10-20%),Low - Medium (5-25%),Low - Medium (0.25-0.50),High (1.00-1.33)
India,Bihar,288.266696416,5.0,5.0,1.8631339834768843,3.217486074265768,Extremely High (>80%),Extremely High (>75%),Low - Medium (0.25-0.50),High (1.00-1.33)
India,Bihar,10052.3779027,5.0,5.0,1.8631339834768843,3.217486074265768,Extremely High (>80%),Extremely High (>75%),Low - Medium (0.25-0.50),High (1.00-1.33)
India,Bihar,212.802652861,0.0,0.0745369923856958,1.160553827440694,3.317739074376308,Low (<10%),Low (<5%),Low - Medium (0.25-0.50),High (1.00-1.33)
India,Jharkhand,1626.44255392,3.991051177456885,2.4682662418971564,1.157559472921746,3.3038508044001333,High (40-80%),Medium - High (25-50%),Low - Medium (0.25-0.50),High (1.00-1.33)
India,Jharkhand,2984.72286827,3.991051177456885,2.4682662418971564,1.157559472921746,3.3038508044001333,High (40-80%),Medium - High (25-50%),Low - Medium (0.25-0.50),High (1.00-1.33)
India,Bihar,10964.1760382,3.991051177456885,2.4682662418971564,1.157559472921746,3.3038508044001333,High (40-80%),Medium - High (25-50%),Low - Medium (0.25-0.50),High (1.00-1.33)
India,Bihar,1882.96980928,3.991051177456885,2.4682662418971564,1.157559472921746,3.3038508044001333,High (40-80%),Medium - High (25-50%),Low - Medium (0.25-0.50),High (1.00-1.33)
India,Jharkhand,546.945793602,3.9548805282035273,2.4084418581045712,1.1594726911366948,3.291716944760985,High (40-80%),Medium - High (25-50%),Low - Medium (0.25-0.50),High (1.00-1.33)
India,Jharkhand,844.388622527,3.9548805282035273,2.4084418581045712,1.1594726911366948,3.291716944760985,High (40-80%),Medium - High (25-50%),Low - Medium (0.25-0.50),High (1.00-1.33)
India,Bihar,11641.5289798,3.9548805282035273,2.4084418581045712,1.1594726911366948,3.291716944760985,High (40-80%),Medium - High (25-50%),Low - Medium (0.25-0.50),High (1.00-1.33)
India,Bihar,47.8162154336,3.9548805282035273,2.4084418581045712,1.1594726911366948,3.291716944760985,High (40-80%),Medium - High (25-50%),Low - Medium (0.25-0.50),High (1.00-1.33)
India,Uttar Pradesh,1329.60747869,3.3493249253649826,2.087145139652077,0.8046830844076786,2.639264496236188,High (40-80%),Medium - High (25-50%),Low (<0.25),Medium - High (0.66-1.00)
India,Bihar,13.7527473405,3.3493249253649826,2.087145139652077,0.8046830844076786,2.639264496236188,High (40-80%),Medium - High (25-50%),Low (<0.25),Medium - High (0.66-1.00)
India,Bihar,4716.62934078,3.3493249253649826,2.087145139652077,0.8046830844076786,2.639264496236188,High (40-80%),Medium - High (25-50%),Low (<0.25),Medium - High (0.66-1.00)
India,Bihar,1921.70747907,1.8218779821357425,1.2120357436050306,1.1913505544007326,3.3054653068827307,Low - Medium (10-20%),Low - Medium (5-25%),Low - Medium (0.25-0.50),High (1.00-1.33)
India,Jharkhand,128.813813557,2.82220227009425,1.452647595756226,1.2767509130012198,3.293555996949572,Medium - High (20-40%),Low - Medium (5-25%),Low - Medium (0.25-0.50),High (1.00-1.33)
India,Jharkhand,13159.8875096,2.82220227009425,1.452647595756226,1.2767509130012198,3.293555996949572,Medium - High (20-40%),Low - Medium (5-25%),Low - Medium (0.25-0.50),High (1.00-1.33)
India,Madhya Pradesh,325.146953773,2.82220227009425,1.452647595756226,1.2767509130012198,3.293555996949572,Medium - High (20-40%),Low - Medium (5-25%),Low - Medium (0.25-0.50),High (1.00-1.33)
India,Madhya Pradesh,11330.1868792,2.82220227009425,1.452647595756226,1.2767509130012198,3.293555996949572,Medium - High (20-40%),Low - Medium (5-25%),Low - Medium (0.25-0.50),High (1.00-1.33)
India,Madhya Pradesh,17465.6606105,2.82220227009425,1.452647595756226,1.2767509130012198,3.293555996949572,Medium - High (20-40%),Low - Medium (5-25%),Low - Medium (0.25-0.50),High (1.00-1.33)
India,Uttar Pradesh,5125.76316278,2.82220227009425,1.452647595756226,1.2767509130012198,3.293555996949572,Medium - High (20-40%),Low - Medium (5-25%),Low - Medium (0.25-0.50),High (1.00-1.33)
India,Bihar,2015.73429367,2.82220227009425,1.452647595756226,1.2767509130012198,3.293555996949572,Medium - High (20-40%),Low - Medium (5-25%),Low - Medium (0.25-0.50),High (1.00-1.33)
India,Bihar,566.585037703,2.82220227009425,1.452647595756226,1.2767509130012198,3.293555996949572,Medium - High (20-40%),Low - Medium (5-25%),Low - Medium (0.25-0.50),High (1.00-1.33)
India,Chhattisgarh,72.6981828308,2.82220227009425,1.452647595756226,1.2767509130012198,3.293555996949572,Medium - High (20-40%),Low - Medium (5-25%),Low - Medium (0.25-0.50),High (1.00-1.33)
India,Chhattisgarh,18399.4836955,2.82220227009425,1.452647595756226,1.2767509130012198,3.293555996949572,Medium - High (20-40%),Low - Medium (5-25%),Low - Medium (0.25-0.50),High (1.00-1.33)
India,Bihar,1323.6250225,2.161501441880586,1.109938137326404,1.317016265961812,3.3989184202186697,Medium - High (20-40%),Low - Medium (5-25%),Low - Medium (0.25-0.50),High (1.00-1.33)
India,Uttar Pradesh,2543.61759332,5.0,5.0,1.3108449735697534,3.287238786004812,Extremely High (>80%),Extremely High (>75%),Low - Medium (0.25-0.50),High (1.00-1.33)
India,Uttar Pradesh,3101.69445051,5.0,5.0,1.3108449735697534,3.287238786004812,Extremely High (>80%),Extremely High (>75%),Low - Medium (0.25-0.50),High (1.00-1.33)
India,Bihar,1097.98824959,5.0,5.0,1.3108449735697534,3.287238786004812,Extremely High (>80%),Extremely High (>75%),Low - Medium (0.25-0.50),High (1.00-1.33)
India,Bihar,2689.39149031,5.0,5.0,1.3108449735697534,3.287238786004812,Extremely High (>80%),Extremely High (>75%),Low - Medium (0.25-0.50),High (1.00-1.33)
India,Uttar Pradesh,787.536652077,5.0,5.0,1.2765914928296591,3.2386287740348108,Extremely High (>80%),Extremely High (>75%),Low - Medium (0.25-0.50),High (1.00-1.33)
India,Uttar Pradesh,220.110979885,5.0,5.0,1.2765914928296591,3.2386287740348108,Extremely High (>80%),Extremely High (>75%),Low - Medium (0.25-0.50),High (1.00-1.33)
India,Uttar Pradesh,12959.4165505,5.0,5.0,1.2765914928296591,3.2386287740348108,Extremely High (>80%),Extremely High (>75%),Low - Medium (0.25-0.50),High (1.00-1.33)
India,Uttar Pradesh,8702.36096539,4.460227416407729,3.411597962084677,1.225136445739614,3.0379681782266905,Extremely High (>80%),High (50-75%),Low - Medium (0.25-0.50),High (1.00-1.33)
India,Uttar Pradesh,11707.8688802,4.460227416407729,3.411597962084677,1.225136445739614,3.0379681782266905,Extremely High (>80%),High (50-75%),Low - Medium (0.25-0.50),High (1.00-1.33)
India,Uttar Pradesh,3075.19817584,1.9694020103811187,1.2356642820045098,1.0941499884899657,3.060522234972015,Low - Medium (10-20%),Low - Medium (5-25%),Low - Medium (0.25-0.50),High (1.00-1.33)
India,Uttarakhand,165.191047062,1.9694020103811187,1.2356642820045098,1.0941499884899657,3.060522234972015,Low - Medium (10-20%),Low - Medium (5-25%),Low - Medium (0.25-0.50),High (1.00-1.33)
India,Uttarakhand,10571.7536388,1.9694020103811187,1.2356642820045098,1.0941499884899657,3.060522234972015,Low - Medium (10-20%),Low - Medium (5-25%),Low - Medium (0.25-0.50),High (1.00-1.33)
India,Uttarakhand,210.034590488,1.9694020103811187,1.2356642820045098,1.0941499884899657,3.060522234972015,Low - Medium (10-20%),Low - Medium (5-25%),Low - Medium (0.25-0.50),High (1.00-1.33)
India,Uttar Pradesh,3092.37441591,1.5158804866644642,1.030941427606722,1.0542038508535472,2.886108953503578,Low - Medium (10-20%),Low - Medium (5-25%),Low - Medium (0.25-0.50),Medium - High (0.66-1.00)
India,Uttarakhand,9.33563825176,0.0,0.057506748488761,0.9023048765829076,2.374028122683418,Low (<10%),Low (<5%),Low (<0.25),Medium - High (0.66-1.00)
India,Uttar Pradesh,595.395480245,4.577460654890677,2.8023948545943465,1.408196523153182,3.5281222781666344,Extremely High (>80%),Medium - High (25-50%),Low - Medium (0.25-0.50),High (1.00-1.33)
India,Bihar,2077.57012603,4.577460654890677,2.8023948545943465,1.408196523153182,3.5281222781666344,Extremely High (>80%),Medium - High (25-50%),Low - Medium (0.25-0.50),High (1.00-1.33)
India,Uttar Pradesh,8611.94763641,5.0,5.0,1.7608963359142409,3.7649714177168,Extremely High (>80%),Extremely High (>75%),Low - Medium (0.25-0.50),High (1.00-1.33)
India,Uttar Pradesh,854.096607695,5.0,5.0,1.7608963359142409,3.7649714177168,Extremely High (>80%),Extremely High (>75%),Low - Medium (0.25-0.50),High (1.00-1.33)
India,Bihar,0.66688526714,5.0,5.0,1.7608963359142409,3.7649714177168,Extremely High (>80%),Extremely High (>75%),Low - Medium (0.25-0.50),High (1.00-1.33)
India,Uttar Pradesh,199.277690675,5.0,3.7423601319707966,1.771925901247704,3.7804164522773935,Extremely High (>80%),High (50-75%),Low - Medium (0.25-0.50),High (1.00-1.33)
India,Bihar,1302.25673443,5.0,3.7423601319707966,1.771925901247704,3.7804164522773935,Extremely High (>80%),High (50-75%),Low - Medium (0.25-0.50),High (1.00-1.33)
India,Uttar Pradesh,884.319862151,5.0,5.0,2.1302700663999845,2.321637213101225,Extremely High (>80%),Extremely High (>75%),Medium - High (0.50-0.75),Medium - High (0.66-1.00)
India,Uttar Pradesh,1781.96943018,5.0,5.0,2.1302700663999845,2.321637213101225,Extremely High (>80%),Extremely High (>75%),Medium - High (0.50-0.75),Medium - High (0.66-1.00)
India,Bihar,3458.88824735,5.0,5.0,2.1302700663999845,2.321637213101225,Extremely High (>80%),Extremely High (>75%),Medium - High (0.50-0.75),Medium - High (0.66-1.00)
India,Bihar,2008.38386698,5.0,5.0,2.1302700663999845,2.321637213101225,Extremely High (>80%),Extremely High (>75%),Medium - High (0.50-0.75),Medium - High (0.66-1.00)
India,Uttar Pradesh,1401.61179837,5.0,3.3902943195416926,1.79208284271382,3.762006878759274,Extremely High (>80%),High (50-75%),Low - Medium (0.25-0.50),High (1.00-1.33)
India,Uttar Pradesh,2780.56720237,5.0,3.3902943195416926,1.79208284271382,3.762006878759274,Extremely High (>80%),High (50-75%),Low - Medium (0.25-0.50),High (1.00-1.33)
India,Bihar,1.10749160795,5.0,3.3902943195416926,1.79208284271382,3.762006878759274,Extremely High (>80%),High (50-75%),Low - Medium (0.25-0.50),High (1.00-1.33)
India,Uttar Pradesh,24950.6058168,5.0,5.0,2.6459887160302595,3.526077503042114,Extremely High (>80%),Extremely High (>75%),Medium - High (0.50-0.75),High (1.00-1.33)
India,Uttar Pradesh,6054.68032737,5.0,5.0,2.6459887160302595,3.526077503042114,Extremely High (>80%),Extremely High (>75%),Medium - High (0.50-0.75),High (1.00-1.33)
India,Uttar Pradesh,5894.16754645,5.0,3.274187909181214,1.822813797412285,3.760847842321236,Extremely High (>80%),High (50-75%),Low - Medium (0.25-0.50),High (1.00-1.33)
India,Uttar Pradesh,1562.78905631,5.0,3.274187909181214,1.822813797412285,3.760847842321236,Extremely High (>80%),High (50-75%),Low - Medium (0.25-0.50),High (1.00-1.33)
India,Madhya Pradesh,66.199982596,2.596488440231109,1.2831951686050531,1.112401239315624,3.2466925365664867,Medium - High (20-40%),Low - Medium (5-25%),Low - Medium (0.25-0.50),High (1.00-1.33)
India,Madhya Pradesh,1352.22276842,2.596488440231109,1.2831951686050531,1.112401239315624,3.2466925365664867,Medium - High (20-40%),Low - Medium (5-25%),Low - Medium (0.25-0.50),High (1.00-1.33)
India,Madhya Pradesh,10717.6753906,2.596488440231109,1.2831951686050531,1.112401239315624,3.2466925365664867,Medium - High (20-40%),Low - Medium (5-25%),Low - Medium (0.25-0.50),High (1.00-1.33)
India,Uttar Pradesh,731.324959708,2.596488440231109,1.2831951686050531,1.112401239315624,3.2466925365664867,Medium - High (20-40%),Low - Medium (5-25%),Low - Medium (0.25-0.50),High (1.00-1.33)
India,Uttar Pradesh,4546.42348128,2.596488440231109,1.2831951686050531,1.112401239315624,3.2466925365664867,Medium - High (20-40%),Low - Medium (5-25%),Low - Medium (0.25-0.50),High (1.00-1.33)
India,Uttar Pradesh,572.028378557,1.8707546558388093,1.0345507690727007,1.8235201166140529,3.756020165901957,Low - Medium (10-20%),Low - Medium (5-25%),Low - Medium (0.25-0.50),High (1.00-1.33)
India,Uttar Pradesh,6767.89135024,4.931556833264363,3.55483032522554,1.8201067172553,3.5522998915987385,Extremely High (>80%),High (50-75%),Low - Medium (0.25-0.50),High (1.00-1.33)
India,Uttar Pradesh,5063.41809809,4.931556833264363,3.55483032522554,1.8201067172553,3.5522998915987385,Extremely High (>80%),High (50-75%),Low - Medium (0.25-0.50),High (1.00-1.33)
India,Uttar Pradesh,4225.22350156,4.995524458735735,3.7070534096750913,1.807382564318178,3.5355839301545333,Extremely High (>80%),High (50-75%),Low - Medium (0.25-0.50),High (1.00-1.33)
India,Uttar Pradesh,1460.80893467,4.995524458735735,3.7070534096750913,1.807382564318178,3.5355839301545333,Extremely High (>80%),High (50-75%),Low - Medium (0.25-0.50),High (1.00-1.33)
India,Uttarakhand,499.400257959,4.995524458735735,3.7070534096750913,1.807382564318178,3.5355839301545333,Extremely High (>80%),High (50-75%),Low - Medium (0.25-0.50),High (1.00-1.33)
India,Uttarakhand,868.715234371,4.995524458735735,3.7070534096750913,1.807382564318178,3.5355839301545333,Extremely High (>80%),High (50-75%),Low - Medium (0.25-0.50),High (1.00-1.33)
India,Uttar Pradesh,29.3860553694,,,,,No Data,No Data,No Data,No Data
India,Uttar Pradesh,13412.6980699,5.0,5.0,1.99614694474586,3.778778309778111,Extremely High (>80%),Extremely High (>75%),Low - Medium (0.25-0.50),High (1.00-1.33)
India,Uttar Pradesh,55.9620035317,5.0,5.0,1.99614694474586,3.778778309778111,Extremely High (>80%),Extremely High (>75%),Low - Medium (0.25-0.50),High (1.00-1.33)
India,Uttar Pradesh,1416.58430038,5.0,5.0,1.99614694474586,3.778778309778111,Extremely High (>80%),Extremely High (>75%),Low - Medium (0.25-0.50),High (1.00-1.33)
India,Uttarakhand,1609.4022428,5.0,5.0,1.99614694474586,3.778778309778111,Extremely High (>80%),Extremely High (>75%),Low - Medium (0.25-0.50),High (1.00-1.33)
India,Uttarakhand,258.077673229,5.0,5.0,1.99614694474586,3.778778309778111,Extremely High (>80%),Extremely High (>75%),Low - Medium (0.25-0.50),High (1.00-1.33)
India,Uttarakhand,5787.64003735,5.0,5.0,1.99614694474586,3.778778309778111,Extremely High (>80%),Extremely High (>75%),Low - Medium (0.25-0.50),High (1.00-1.33)
India,Uttarakhand,2477.78965096,5.0,5.0,1.99614694474586,3.778778309778111,Extremely High (>80%),Extremely High (>75%),Low - Medium (0.25-0.50),High (1.00-1.33)
India,Uttar Pradesh,271.691867308,0.0,0.2931421028166593,1.8215756594099564,3.548678693217274,Low (<10%),Low (<5%),Low - Medium (0.25-0.50),High (1.00-1.33)
India,Uttar Pradesh,9724.79577011,5.0,3.616772908531322,1.8087102381289988,3.5456563317834267,Extremely High (>80%),High (50-75%),Low - Medium (0.25-0.50),High (1.00-1.33)
India,Uttar Pradesh,13607.1113822,4.092664746714826,2.5684361222755614,1.6066387691292845,3.1423325848951853,Extremely High (>80%),Medium - High (25-50%),Low - Medium (0.25-0.50),High (1.00-1.33)
India,Uttar Pradesh,148.683332946,4.092664746714826,2.5684361222755614,1.6066387691292845,3.1423325848951853,Extremely High (>80%),Medium - High (25-50%),Low - Medium (0.25-0.50),High (1.00-1.33)
India,Uttar Pradesh,584.777777031,4.092664746714826,2.5684361222755614,1.6066387691292845,3.1423325848951853,Extremely High (>80%),Medium - High (25-50%),Low - Medium (0.25-0.50),High (1.00-1.33)
India,Uttarakhand,1588.00516187,4.092664746714826,2.5684361222755614,1.6066387691292845,3.1423325848951853,Extremely High (>80%),Medium - High (25-50%),Low - Medium (0.25-0.50),High (1.00-1.33)
India,Uttarakhand,110.299636648,4.092664746714826,2.5684361222755614,1.6066387691292845,3.1423325848951853,Extremely High (>80%),Medium - High (25-50%),Low - Medium (0.25-0.50),High (1.00-1.33)
India,Uttarakhand,3852.9670538,4.092664746714826,2.5684361222755614,1.6066387691292845,3.1423325848951853,Extremely High (>80%),Medium - High (25-50%),Low - Medium (0.25-0.50),High (1.00-1.33)
India,Uttarakhand,1437.3267494,4.092664746714826,2.5684361222755614,1.6066387691292845,3.1423325848951853,Extremely High (>80%),Medium - High (25-50%),Low - Medium (0.25-0.50),High (1.00-1.33)
India,Himachal Pradesh,240.525560004,0.0,0.2821690729148867,1.4318853126504931,2.1576607636342944,Low (<10%),Low (<5%),Low - Medium (0.25-0.50),Medium - High (0.66-1.00)
India,Uttarakhand,3273.6790069,0.0,0.2821690729148867,1.4318853126504931,2.1576607636342944,Low (<10%),Low (<5%),Low - Medium (0.25-0.50),Medium - High (0.66-1.00)
India,Uttarakhand,4081.69875023,0.0,0.2821690729148867,1.4318853126504931,2.1576607636342944,Low (<10%),Low (<5%),Low - Medium (0.25-0.50),Medium - High (0.66-1.00)
India,Uttarakhand,9136.51871085,0.0,0.1845860449224567,1.1204931585175704,2.04999095206331,Low (<10%),Low (<5%),Low - Medium (0.25-0.50),Medium - High (0.66-1.00)
India,Uttarakhand,1938.77818291,0.0,0.1845860449224567,1.1204931585175704,2.04999095206331,Low (<10%),Low (<5%),Low - Medium (0.25-0.50),Medium - High (0.66-1.00)
India,Madhya Pradesh,571.83832273,5.0,4.5690873118643545,2.1853646053596427,3.810193595222525,Extremely High (>80%),Extremely High (>75%),Medium - High (0.50-0.75),High (1.00-1.33)
India,Madhya Pradesh,1467.83581329,5.0,4.5690873118643545,2.1853646053596427,3.810193595222525,Extremely High (>80%),Extremely High (>75%),Medium - High (0.50-0.75),High (1.00-1.33)
India,Uttar Pradesh,10080.2076317,5.0,4.5690873118643545,2.1853646053596427,3.810193595222525,Extremely High (>80%),Extremely High (>75%),Medium - High (0.50-0.75),High (1.00-1.33)
India,Uttar Pradesh,268.803120594,5.0,4.5690873118643545,2.1853646053596427,3.810193595222525,Extremely High (>80%),Extremely High (>75%),Medium - High (0.50-0.75),High (1.00-1.33)
India,Madhya Pradesh,431.727458073,5.0,3.931644383449872,3.205943703530814,2.93753157327771,Extremely High (>80%),High (50-75%),High (0.75-1.00),Medium - High (0.66-1.00)
India,Madhya Pradesh,891.686688473,5.0,3.931644383449872,3.205943703530814,2.93753157327771,Extremely High (>80%),High (50-75%),High (0.75-1.00),Medium - High (0.66-1.00)
India,Madhya Pradesh,12517.0978127,5.0,3.931644383449872,3.205943703530814,2.93753157327771,Extremely High (>80%),High (50-75%),High (0.75-1.00),Medium - High (0.66-1.00)
India,Madhya Pradesh,11093.3224442,5.0,3.931644383449872,3.205943703530814,2.93753157327771,Extremely High (>80%),High (50-75%),High (0.75-1.00),Medium - High (0.66-1.00)
India,Uttar Pradesh,3168.73868376,5.0,3.931644383449872,3.205943703530814,2.93753157327771,Extremely High (>80%),High (50-75%),High (0.75-1.00),Medium - High (0.66-1.00)
India,Uttar Pradesh,626.78344411,5.0,3.931644383449872,3.205943703530814,2.93753157327771,Extremely High (>80%),High (50-75%),High (0.75-1.00),Medium - High (0.66-1.00)
India,Uttar Pradesh,4536.65288599,5.0,5.0,2.162034889153967,3.833637399037909,Extremely High (>80%),Extremely High (>75%),Medium - High (0.50-0.75),High (1.00-1.33)
India,Uttar Pradesh,2172.43816339,5.0,5.0,2.162034889153967,3.833637399037909,Extremely High (>80%),Extremely High (>75%),Medium - High (0.50-0.75),High (1.00-1.33)
India,Madhya Pradesh,21671.8777648,5.0,3.653580377346865,2.1033594229058203,3.517791058313403,Extremely High (>80%),High (50-75%),Medium - High (0.50-0.75),High (1.00-1.33)
India,Madhya Pradesh,8649.83183201,5.0,3.653580377346865,2.1033594229058203,3.517791058313403,Extremely High (>80%),High (50-75%),Medium - High (0.50-0.75),High (1.00-1.33)
India,Uttar Pradesh,3165.42405372,5.0,3.653580377346865,2.1033594229058203,3.517791058313403,Extremely High (>80%),High (50-75%),Medium - High (0.50-0.75),High (1.00-1.33)
India,Uttar Pradesh,1363.88590226,5.0,3.653580377346865,2.1033594229058203,3.517791058313403,Extremely High (>80%),High (50-75%),Medium - High (0.50-0.75),High (1.00-1.33)
India,Uttar Pradesh,2232.80830318,5.0,3.653580377346865,2.1033594229058203,3.517791058313403,Extremely High (>80%),High (50-75%),Medium - High (0.50-0.75),High (1.00-1.33)
India,Uttar Pradesh,7199.71693262,5.0,3.653580377346865,2.1033594229058203,3.517791058313403,Extremely High (>80%),High (50-75%),Medium - High (0.50-0.75),High (1.00-1.33)
India,Uttar Pradesh,32.0342166233,1.7070185217670586,0.887936670231681,2.1737853569997214,3.831087463171517,Low - Medium (10-20%),Low (<5%),Medium - High (0.50-0.75),High (1.00-1.33)
India,Uttar Pradesh,327.839331625,1.7070185217670586,0.887936670231681,2.1737853569997214,3.831087463171517,Low - Medium (10-20%),Low (<5%),Medium - High (0.50-0.75),High (1.00-1.33)
India,Uttar Pradesh,6572.55278053,5.0,5.0,2.889245597696261,4.731239486449855,Extremely High (>80%),Extremely High (>75%),Medium - High (0.50-0.75),Extremely High (>1.33)
India,Uttar Pradesh,2.79612450922,5.0,5.0,2.889245597696261,4.731239486449855,Extremely High (>80%),Extremely High (>75%),Medium - High (0.50-0.75),Extremely High (>1.33)
India,Uttar Pradesh,4141.53681336,4.732208995164109,3.950283778695566,2.239145296681463,4.004936675954465,Extremely High (>80%),High (50-75%),Medium - High (0.50-0.75),Extremely High (>1.33)
India,Madhya Pradesh,13250.6944231,5.0,5.0,2.7024688408768363,3.348354580710832,Extremely High (>80%),Extremely High (>75%),Medium - High (0.50-0.75),High (1.00-1.33)
India,Madhya Pradesh,12799.8769681,5.0,5.0,2.7024688408768363,3.348354580710832,Extremely High (>80%),Extremely High (>75%),Medium - High (0.50-0.75),High (1.00-1.33)
India,Uttar Pradesh,923.254869577,5.0,5.0,2.7024688408768363,3.348354580710832,Extremely High (>80%),Extremely High (>75%),Medium - High (0.50-0.75),High (1.00-1.33)
India,Uttar Pradesh,868.62087675,5.0,5.0,2.7024688408768363,3.348354580710832,Extremely High (>80%),Extremely High (>75%),Medium - High (0.50-0.75),High (1.00-1.33)
India,Uttar Pradesh,39.822770492,4.753993041095679,4.9823027708413,5.0,3.702080004532672,Extremely High (>80%),Extremely High (>75%),Extremely High (>1.00),High (1.00-1.33)
India,Rajasthan,4827.48184052,5.0,5.0,3.436625430652166,2.191758386508128,Extremely High (>80%),Extremely High (>75%),High (0.75-1.00),Medium - High (0.66-1.00)
India,Rajasthan,1330.11928703,5.0,5.0,3.436625430652166,2.191758386508128,Extremely High (>80%),Extremely High (>75%),High (0.75-1.00),Medium - High (0.66-1.00)
India,Madhya Pradesh,2810.07671626,5.0,3.8193719845642007,2.233862108073179,3.8796502033937648,Extremely High (>80%),High (50-75%),Medium - High (0.50-0.75),High (1.00-1.33)
India,Madhya Pradesh,4078.62943349,5.0,3.8193719845642007,2.233862108073179,3.8796502033937648,Extremely High (>80%),High (50-75%),Medium - High (0.50-0.75),High (1.00-1.33)
India,Rajasthan,1206.82849837,5.0,3.8193719845642007,2.233862108073179,3.8796502033937648,Extremely High (>80%),High (50-75%),Medium - High (0.50-0.75),High (1.00-1.33)
India,Rajasthan,1272.6838335,5.0,3.8193719845642007,2.233862108073179,3.8796502033937648,Extremely High (>80%),High (50-75%),Medium - High (0.50-0.75),High (1.00-1.33)
India,Uttar Pradesh,681.857869896,5.0,3.8193719845642007,2.233862108073179,3.8796502033937648,Extremely High (>80%),High (50-75%),Medium - High (0.50-0.75),High (1.00-1.33)
India,Madhya Pradesh,597.079382357,5.0,5.0,2.728600912669479,1.6849668898119183,Extremely High (>80%),Extremely High (>75%),Medium - High (0.50-0.75),Low - Medium (0.33-0.66)
India,Rajasthan,10053.298582,5.0,5.0,2.728600912669479,1.6849668898119183,Extremely High (>80%),Extremely High (>75%),Medium - High (0.50-0.75),Low - Medium (0.33-0.66)
India,Rajasthan,36983.3797878,5.0,5.0,2.728600912669479,1.6849668898119183,Extremely High (>80%),Extremely High (>75%),Medium - High (0.50-0.75),Low - Medium (0.33-0.66)
India,Madhya Pradesh,881.540791625,4.641737176447449,1.5772606016754367,3.328631008665601,3.8594573478809,Extremely High (>80%),Low - Medium (5-25%),High (0.75-1.00),High (1.00-1.33)
India,Madhya Pradesh,908.835995942,4.641737176447449,1.5772606016754367,3.328631008665601,3.8594573478809,Extremely High (>80%),Low - Medium (5-25%),High (0.75-1.00),High (1.00-1.33)
India,Rajasthan,110.782061901,4.641737176447449,1.5772606016754367,3.328631008665601,3.8594573478809,Extremely High (>80%),Low - Medium (5-25%),High (0.75-1.00),High (1.00-1.33)
India,Rajasthan,78.1424871963,4.641737176447449,1.5772606016754367,3.328631008665601,3.8594573478809,Extremely High (>80%),Low - Medium (5-25%),High (0.75-1.00),High (1.00-1.33)
India,Madhya Pradesh,687.923896249,5.0,5.0,3.048475730928953,3.9586666837292768,Extremely High (>80%),Extremely High (>75%),High (0.75-1.00),High (1.00-1.33)
India,Madhya Pradesh,9696.74183844,5.0,5.0,3.048475730928953,3.9586666837292768,Extremely High (>80%),Extremely High (>75%),High (0.75-1.00),High (1.00-1.33)
India,Rajasthan,1122.88716258,5.0,5.0,3.048475730928953,3.9586666837292768,Extremely High (>80%),Extremely High (>75%),High (0.75-1.00),High (1.00-1.33)
India,Rajasthan,3885.17896933,5.0,5.0,3.048475730928953,3.9586666837292768,Extremely High (>80%),Extremely High (>75%),High (0.75-1.00),High (1.00-1.33)
India,Rajasthan,303.165456918,4.377074563935327,1.761025672122526,3.512451726467131,3.607009649613021,Extremely High (>80%),Low - Medium (5-25%),High (0.75-1.00),High (1.00-1.33)
India,Rajasthan,1061.61867242,4.377074563935327,1.761025672122526,3.512451726467131,3.607009649613021,Extremely High (>80%),Low - Medium (5-25%),High (0.75-1.00),High (1.00-1.33)
India,Rajasthan,105.099079421,5.0,5.0,2.848180643057437,2.5404289542804688,Extremely High (>80%),Extremely High (>75%),Medium - High (0.50-0.75),Medium - High (0.66-1.00)
India,Rajasthan,5601.60385045,5.0,5.0,2.848180643057437,2.5404289542804688,Extremely High (>80%),Extremely High (>75%),Medium - High (0.50-0.75),Medium - High (0.66-1.00)
India,Rajasthan,106.044935845,0.819813148344106,0.3312718180375055,3.541511065268061,3.555660089734736,Low (<10%),Low (<5%),High (0.75-1.00),High (1.00-1.33)
India,Madhya Pradesh,14877.5871406,5.0,5.0,3.3401778626606133,3.782215807976412,Extremely High (>80%),Extremely High (>75%),High (0.75-1.00),High (1.00-1.33)
India,Rajasthan,296.46813992,5.0,5.0,3.3401778626606133,3.782215807976412,Extremely High (>80%),Extremely High (>75%),High (0.75-1.00),High (1.00-1.33)
India,Rajasthan,9893.93724146,5.0,5.0,3.3401778626606133,3.782215807976412,Extremely High (>80%),Extremely High (>75%),High (0.75-1.00),High (1.00-1.33)
India,Madhya Pradesh,23086.0976497,5.0,3.773074518903916,2.981302923709971,3.173073065592021,Extremely High (>80%),High (50-75%),Medium - High (0.50-0.75),High (1.00-1.33)
India,Rajasthan,63.3860700187,5.0,3.773074518903916,2.981302923709971,3.173073065592021,Extremely High (>80%),High (50-75%),Medium - High (0.50-0.75),High (1.00-1.33)
India,Rajasthan,6050.17256685,5.0,3.773074518903916,2.981302923709971,3.173073065592021,Extremely High (>80%),High (50-75%),Medium - High (0.50-0.75),High (1.00-1.33)
India,Uttar Pradesh,1356.19686665,5.0,5.0,2.2494557843322576,4.001900004626653,Extremely High (>80%),Extremely High (>75%),Medium - High (0.50-0.75),Extremely High (>1.33)
India,Haryana,1790.20599285,5.0,5.0,2.8425515839148963,3.674946801941656,Extremely High (>80%),Extremely High (>75%),Medium - High (0.50-0.75),High (1.00-1.33)
India,Haryana,1196.61219288,5.0,5.0,2.8425515839148963,3.674946801941656,Extremely High (>80%),Extremely High (>75%),Medium - High (0.50-0.75),High (1.00-1.33)
India,Rajasthan,5864.95293929,5.0,5.0,2.8425515839148963,3.674946801941656,Extremely High (>80%),Extremely High (>75%),Medium - High (0.50-0.75),High (1.00-1.33)
India,Rajasthan,13428.787637,5.0,5.0,2.8425515839148963,3.674946801941656,Extremely High (>80%),Extremely High (>75%),Medium - High (0.50-0.75),High (1.00-1.33)
India,Uttar Pradesh,3082.52453016,5.0,5.0,2.8425515839148963,3.674946801941656,Extremely High (>80%),Extremely High (>75%),Medium - High (0.50-0.75),High (1.00-1.33)
India,Uttar Pradesh,14.5020435211,5.0,5.0,2.8425515839148963,3.674946801941656,Extremely High (>80%),Extremely High (>75%),Medium - High (0.50-0.75),High (1.00-1.33)
India,Uttar Pradesh,1010.14733812,5.0,5.0,2.4341006844725173,4.0046032638093,Extremely High (>80%),Extremely High (>75%),Medium - High (0.50-0.75),Extremely High (>1.33)
India,Uttar Pradesh,4220.79710163,5.0,5.0,3.025763253339667,4.418911366874831,Extremely High (>80%),Extremely High (>75%),High (0.75-1.00),Extremely High (>1.33)
India,Haryana,503.795032439,5.0,5.0,2.390421512769177,3.804778181080919,Extremely High (>80%),Extremely High (>75%),Medium - High (0.50-0.75),High (1.00-1.33)
India,Rajasthan,0.75532638743,5.0,5.0,2.390421512769177,3.804778181080919,Extremely High (>80%),Extremely High (>75%),Medium - High (0.50-0.75),High (1.00-1.33)
India,Uttar Pradesh,3658.38797839,5.0,5.0,2.390421512769177,3.804778181080919,Extremely High (>80%),Extremely High (>75%),Medium - High (0.50-0.75),High (1.00-1.33)
India,Uttar Pradesh,4926.6882632,5.0,5.0,2.3755725583272813,3.8234314504184415,Extremely High (>80%),Extremely High (>75%),Medium - High (0.50-0.75),High (1.00-1.33)
India,Uttar Pradesh,166.72105506,5.0,5.0,2.3755725583272813,3.8234314504184415,Extremely High (>80%),Extremely High (>75%),Medium - High (0.50-0.75),High (1.00-1.33)
India,Uttar Pradesh,468.478742254,5.0,5.0,2.3755725583272813,3.8234314504184415,Extremely High (>80%),Extremely High (>75%),Medium - High (0.50-0.75),High (1.00-1.33)
India,Uttarakhand,74.0470845435,5.0,5.0,2.3755725583272813,3.8234314504184415,Extremely High (>80%),Extremely High (>75%),Medium - High (0.50-0.75),High (1.00-1.33)
India,Uttarakhand,272.953022593,5.0,5.0,2.3755725583272813,3.8234314504184415,Extremely High (>80%),Extremely High (>75%),Medium - High (0.50-0.75),High (1.00-1.33)
India,Haryana,154.344513593,4.288540894381674,2.6792995163474105,2.394584368419262,3.791842806613332,Extremely High (>80%),Medium - High (25-50%),Medium - High (0.50-0.75),High (1.00-1.33)
India,NCT of Delhi,412.00394547,4.288540894381674,2.6792995163474105,2.394584368419262,3.791842806613332,Extremely High (>80%),Medium - High (25-50%),Medium - High (0.50-0.75),High (1.00-1.33)
India,Uttar Pradesh,407.408378029,4.288540894381674,2.6792995163474105,2.394584368419262,3.791842806613332,Extremely High (>80%),Medium - High (25-50%),Medium - High (0.50-0.75),High (1.00-1.33)
India,Haryana,10677.9782343,5.0,5.0,2.2802299706482447,3.5329874881956496,Extremely High (>80%),Extremely High (>75%),Medium - High (0.50-0.75),High (1.00-1.33)
India,Haryana,447.469160772,5.0,5.0,2.2802299706482447,3.5329874881956496,Extremely High (>80%),Extremely High (>75%),Medium - High (0.50-0.75),High (1.00-1.33)
India,NCT of Delhi,891.664921876,5.0,5.0,2.2802299706482447,3.5329874881956496,Extremely High (>80%),Extremely High (>75%),Medium - High (0.50-0.75),High (1.00-1.33)
India,Rajasthan,3038.78155151,5.0,5.0,2.2802299706482447,3.5329874881956496,Extremely High (>80%),Extremely High (>75%),Medium - High (0.50-0.75),High (1.00-1.33)
India,Rajasthan,3315.98485044,5.0,5.0,2.2802299706482447,3.5329874881956496,Extremely High (>80%),Extremely High (>75%),Medium - High (0.50-0.75),High (1.00-1.33)
India,Haryana,202.464991045,4.958504412753024,3.868874433178808,1.895474246820266,2.956556283467233,Extremely High (>80%),High (50-75%),Low - Medium (0.25-0.50),Medium - High (0.66-1.00)
India,Haryana,2892.84642089,4.958504412753024,3.868874433178808,1.895474246820266,2.956556283467233,Extremely High (>80%),High (50-75%),Low - Medium (0.25-0.50),Medium - High (0.66-1.00)
India,Haryana,319.534772316,4.958504412753024,3.868874433178808,1.895474246820266,2.956556283467233,Extremely High (>80%),High (50-75%),Low - Medium (0.25-0.50),Medium - High (0.66-1.00)
India,Haryana,155.790587846,4.958504412753024,3.868874433178808,1.895474246820266,2.956556283467233,Extremely High (>80%),High (50-75%),Low - Medium (0.25-0.50),Medium - High (0.66-1.00)
India,Himachal Pradesh,5599.24863725,4.958504412753024,3.868874433178808,1.895474246820266,2.956556283467233,Extremely High (>80%),High (50-75%),Low - Medium (0.25-0.50),Medium - High (0.66-1.00)
India,Himachal Pradesh,158.647019918,4.958504412753024,3.868874433178808,1.895474246820266,2.956556283467233,Extremely High (>80%),High (50-75%),Low - Medium (0.25-0.50),Medium - High (0.66-1.00)
India,NCT of Delhi,204.031291097,4.958504412753024,3.868874433178808,1.895474246820266,2.956556283467233,Extremely High (>80%),High (50-75%),Low - Medium (0.25-0.50),Medium - High (0.66-1.00)
India,Uttar Pradesh,2411.98196355,4.958504412753024,3.868874433178808,1.895474246820266,2.956556283467233,Extremely High (>80%),High (50-75%),Low - Medium (0.25-0.50),Medium - High (0.66-1.00)
India,Uttar Pradesh,485.976198478,4.958504412753024,3.868874433178808,1.895474246820266,2.956556283467233,Extremely High (>80%),High (50-75%),Low - Medium (0.25-0.50),Medium - High (0.66-1.00)
India,Uttar Pradesh,257.046922816,4.958504412753024,3.868874433178808,1.895474246820266,2.956556283467233,Extremely High (>80%),High (50-75%),Low - Medium (0.25-0.50),Medium - High (0.66-1.00)
India,Uttarakhand,3245.48021592,4.958504412753024,3.868874433178808,1.895474246820266,2.956556283467233,Extremely High (>80%),High (50-75%),Low - Medium (0.25-0.50),Medium - High (0.66-1.00)
India,Uttarakhand,2392.79773897,4.958504412753024,3.868874433178808,1.895474246820266,2.956556283467233,Extremely High (>80%),High (50-75%),Low - Medium (0.25-0.50),Medium - High (0.66-1.00)
India,West Bengal,1740.64718322,5.0,5.0,1.592490444854995,2.6275070195670858,Extremely High (>80%),Extremely High (>75%),Low - Medium (0.25-0.50),Medium - High (0.66-1.00)
India,Meghalaya,1202.52601153,0.6239093559374813,0.8601920678330343,0.6813784911858222,1.8975053472858123,Low (<10%),Low (<5%),Low (<0.25),Low - Medium (0.33-0.66)
India,Meghalaya,156.719678031,0.6239093559374813,0.8601920678330343,0.6813784911858222,1.8975053472858123,Low (<10%),Low (<5%),Low (<0.25),Low - Medium (0.33-0.66)
India,Sikkim,3524.02545976,0.6239093559374813,0.8601920678330343,0.6813784911858222,1.8975053472858123,Low (<10%),Low (<5%),Low (<0.25),Low - Medium (0.33-0.66)
India,Sikkim,1054.81170005,0.6239093559374813,0.8601920678330343,0.6813784911858222,1.8975053472858123,Low (<10%),Low (<5%),Low (<0.25),Low - Medium (0.33-0.66)
India,Sikkim,289.377839199,0.6239093559374813,0.8601920678330343,0.6813784911858222,1.8975053472858123,Low (<10%),Low (<5%),Low (<0.25),Low - Medium (0.33-0.66)
India,Sikkim,2214.08895666,0.6239093559374813,0.8601920678330343,0.6813784911858222,1.8975053472858123,Low (<10%),Low (<5%),Low (<0.25),Low - Medium (0.33-0.66)
India,West Bengal,1317.5436555,0.6239093559374813,0.8601920678330343,0.6813784911858222,1.8975053472858123,Low (<10%),Low (<5%),Low (<0.25),Low - Medium (0.33-0.66)
India,West Bengal,505.349607066,0.6239093559374813,0.8601920678330343,0.6813784911858222,1.8975053472858123,Low (<10%),Low (<5%),Low (<0.25),Low - Medium (0.33-0.66)
India,West Bengal,5259.80987114,0.6239093559374813,0.8601920678330343,0.6813784911858222,1.8975053472858123,Low (<10%),Low (<5%),Low (<0.25),Low - Medium (0.33-0.66)
India,Assam,160.554200632,0.6239093559374813,0.8601920678330343,0.6813784911858222,1.8975053472858123,Low (<10%),Low (<5%),Low (<0.25),Low - Medium (0.33-0.66)
India,Assam,87.7746142007,0.6239093559374813,0.8601920678330343,0.6813784911858222,1.8975053472858123,Low (<10%),Low (<5%),Low (<0.25),Low - Medium (0.33-0.66)
India,Sikkim,1.36723760939,0.638541025840603,0.7735219708283008,0.9459380122520528,2.249255863547797,Low (<10%),Low (<5%),Low (<0.25),Medium - High (0.66-1.00)
India,Sikkim,2.41321992696,0.638541025840603,0.7735219708283008,0.9459380122520528,2.249255863547797,Low (<10%),Low (<5%),Low (<0.25),Medium - High (0.66-1.00)
India,West Bengal,136.456033499,0.638541025840603,0.7735219708283008,0.9459380122520528,2.249255863547797,Low (<10%),Low (<5%),Low (<0.25),Medium - High (0.66-1.00)
India,West Bengal,3389.74466432,0.638541025840603,0.7735219708283008,0.9459380122520528,2.249255863547797,Low (<10%),Low (<5%),Low (<0.25),Medium - High (0.66-1.00)
India,Assam,1065.46110181,0.638541025840603,0.7735219708283008,0.9459380122520528,2.249255863547797,Low (<10%),Low (<5%),Low (<0.25),Medium - High (0.66-1.00)
India,Meghalaya,3228.62932631,0.0,0.0555963139693755,0.6754949399702735,1.7995210515409918,Low (<10%),Low (<5%),Low (<0.25),Low - Medium (0.33-0.66)
India,Meghalaya,349.580525718,0.0,0.0555963139693755,0.6754949399702735,1.7995210515409918,Low (<10%),Low (<5%),Low (<0.25),Low - Medium (0.33-0.66)
India,Assam,312.661144339,0.0,0.0555963139693755,0.6754949399702735,1.7995210515409918,Low (<10%),Low (<5%),Low (<0.25),Low - Medium (0.33-0.66)
India,Assam,213.176566331,0.0,0.0555963139693755,0.6754949399702735,1.7995210515409918,Low (<10%),Low (<5%),Low (<0.25),Low - Medium (0.33-0.66)
India,Assam,9643.95550219,0.0,0.0555963139693755,0.6754949399702735,1.7995210515409918,Low (<10%),Low (<5%),Low (<0.25),Low - Medium (0.33-0.66)
India,Assam,140.751348049,0.0,0.0012423975120128,0.6647825712004688,1.737725280949534,Low (<10%),Low (<5%),Low (<0.25),Low - Medium (0.33-0.66)
India,Assam,63.7397617327,4.6523245380930245,2.5522209934648874,1.424947559609802,3.0344803596620795,Extremely High (>80%),Medium - High (25-50%),Low - Medium (0.25-0.50),High (1.00-1.33)
India,Assam,3108.24929367,4.6523245380930245,2.5522209934648874,1.424947559609802,3.0344803596620795,Extremely High (>80%),Medium - High (25-50%),Low - Medium (0.25-0.50),High (1.00-1.33)
India,Assam,617.983317174,0.0,0.0963419695028293,0.8446324324025886,1.83381807445032,Low (<10%),Low (<5%),Low (<0.25),Low - Medium (0.33-0.66)
India,Arunachal Pradesh,2407.9396953,0.0,0.0571249059545868,0.965923371628268,1.8059808052839457,Low (<10%),Low (<5%),Low (<0.25),Low - Medium (0.33-0.66)
India,Meghalaya,1758.30996568,0.0,0.0330460763979901,0.6572214135615415,1.7195208844275274,Low (<10%),Low (<5%),Low (<0.25),Low - Medium (0.33-0.66)
India,Meghalaya,7.02804130782,0.0,0.0330460763979901,0.6572214135615415,1.7195208844275274,Low (<10%),Low (<5%),Low (<0.25),Low - Medium (0.33-0.66)
India,Assam,356.767409874,0.0,0.0330460763979901,0.6572214135615415,1.7195208844275274,Low (<10%),Low (<5%),Low (<0.25),Low - Medium (0.33-0.66)
India,Assam,579.89157586,0.0,0.0330460763979901,0.6572214135615415,1.7195208844275274,Low (<10%),Low (<5%),Low (<0.25),Low - Medium (0.33-0.66)
India,Assam,4665.68028437,0.0,0.0330460763979901,0.6572214135615415,1.7195208844275274,Low (<10%),Low (<5%),Low (<0.25),Low - Medium (0.33-0.66)
India,Meghalaya,4538.79709467,1.6810240019635176,1.0405527225347944,1.2476149848088052,1.2624302483558838,Low - Medium (10-20%),Low - Medium (5-25%),Low - Medium (0.25-0.50),Low - Medium (0.33-0.66)
India,Meghalaya,43.8044048826,1.6810240019635176,1.0405527225347944,1.2476149848088052,1.2624302483558838,Low - Medium (10-20%),Low - Medium (5-25%),Low - Medium (0.25-0.50),Low - Medium (0.33-0.66)
India,Nagaland,0.05032856136,1.6810240019635176,1.0405527225347944,1.2476149848088052,1.2624302483558838,Low - Medium (10-20%),Low - Medium (5-25%),Low - Medium (0.25-0.50),Low - Medium (0.33-0.66)
India,Assam,7904.35091054,1.6810240019635176,1.0405527225347944,1.2476149848088052,1.2624302483558838,Low - Medium (10-20%),Low - Medium (5-25%),Low - Medium (0.25-0.50),Low - Medium (0.33-0.66)
India,Assam,7262.87418354,1.6810240019635176,1.0405527225347944,1.2476149848088052,1.2624302483558838,Low - Medium (10-20%),Low - Medium (5-25%),Low - Medium (0.25-0.50),Low - Medium (0.33-0.66)
India,Assam,39.355740894,0.0,5.37335076441821e-05,0.6512043211436276,1.71359206240237,Low (<10%),Low (<5%),Low (<0.25),Low - Medium (0.33-0.66)
India,Assam,1268.2926859,0.0,0.0109027568849784,0.650366860973501,1.7092781239780122,Low (<10%),Low (<5%),Low (<0.25),Low - Medium (0.33-0.66)
India,Assam,376.23694599,0.0,0.005830997858376,0.6496764995383532,1.7105078241578626,Low (<10%),Low (<5%),Low (<0.25),Low - Medium (0.33-0.66)
India,Assam,1125.64943359,0.0,0.005830997858376,0.6496764995383532,1.7105078241578626,Low (<10%),Low (<5%),Low (<0.25),Low - Medium (0.33-0.66)
India,Arunachal Pradesh,703.358650286,0.0,0.0189393617366538,0.6473248433355048,1.7016620642344955,Low (<10%),Low (<5%),Low (<0.25),Low - Medium (0.33-0.66)
India,Arunachal Pradesh,4.32071877509,0.0,0.0189393617366538,0.6473248433355048,1.7016620642344955,Low (<10%),Low (<5%),Low (<0.25),Low - Medium (0.33-0.66)
India,Assam,583.059468531,0.0,0.0189393617366538,0.6473248433355048,1.7016620642344955,Low (<10%),Low (<5%),Low (<0.25),Low - Medium (0.33-0.66)
India,Assam,440.309047548,0.0,0.0189393617366538,0.6473248433355048,1.7016620642344955,Low (<10%),Low (<5%),Low (<0.25),Low - Medium (0.33-0.66)
India,Arunachal Pradesh,296.102728816,0.0,0.0046677719006494,0.6459953167466003,1.6965528056053705,Low (<10%),Low (<5%),Low (<0.25),Low - Medium (0.33-0.66)
India,Assam,1123.20173887,0.0,0.0046677719006494,0.6459953167466003,1.6965528056053705,Low (<10%),Low (<5%),Low (<0.25),Low - Medium (0.33-0.66)
India,Assam,1124.94980656,0.0,0.0046677719006494,0.6459953167466003,1.6965528056053705,Low (<10%),Low (<5%),Low (<0.25),Low - Medium (0.33-0.66)
India,Arunachal Pradesh,597.987304416,0.0,0.1035552369501132,0.6810228039892665,0.8023381801692581,Low (<10%),Low (<5%),Low (<0.25),Low (<0.33)
India,Arunachal Pradesh,1801.37504801,0.0,0.1035552369501132,0.6810228039892665,0.8023381801692581,Low (<10%),Low (<5%),Low (<0.25),Low (<0.33)
India,Arunachal Pradesh,7225.53217489,0.0,0.1035552369501132,0.6810228039892665,0.8023381801692581,Low (<10%),Low (<5%),Low (<0.25),Low (<0.33)
India,Arunachal Pradesh,177.846270896,0.0,0.1035552369501132,0.6810228039892665,0.8023381801692581,Low (<10%),Low (<5%),Low (<0.25),Low (<0.33)
India,Assam,795.914602666,0.0,0.1035552369501132,0.6810228039892665,0.8023381801692581,Low (<10%),Low (<5%),Low (<0.25),Low (<0.33)
India,Assam,40.6352319498,0.0,0.1035552369501132,0.6810228039892665,0.8023381801692581,Low (<10%),Low (<5%),Low (<0.25),Low (<0.33)
India,Arunachal Pradesh,1196.48986446,0.0,0.016090716074847,0.6536422464057978,1.72275508674042,Low (<10%),Low (<5%),Low (<0.25),Low - Medium (0.33-0.66)
India,Assam,1284.33138743,0.0,0.016090716074847,0.6536422464057978,1.72275508674042,Low (<10%),Low (<5%),Low (<0.25),Low - Medium (0.33-0.66)
India,Assam,2.95909385143,0.0,0.016090716074847,0.6536422464057978,1.72275508674042,Low (<10%),Low (<5%),Low (<0.25),Low - Medium (0.33-0.66)
India,Assam,5.28151455978,0.0,0.016090716074847,0.6536422464057978,1.72275508674042,Low (<10%),Low (<5%),Low (<0.25),Low - Medium (0.33-0.66)
India,Assam,2662.4768331,0.0,0.016090716074847,0.6536422464057978,1.72275508674042,Low (<10%),Low (<5%),Low (<0.25),Low - Medium (0.33-0.66)
India,Manipur,67.3380025187,2.51751162324942,1.1423528322542316,1.2125110936899213,2.353851970677004,Medium - High (20-40%),Low - Medium (5-25%),Low - Medium (0.25-0.50),Medium - High (0.66-1.00)
India,Nagaland,6057.37785797,2.51751162324942,1.1423528322542316,1.2125110936899213,2.353851970677004,Medium - High (20-40%),Low - Medium (5-25%),Low - Medium (0.25-0.50),Medium - High (0.66-1.00)
India,Nagaland,251.16268833,2.51751162324942,1.1423528322542316,1.2125110936899213,2.353851970677004,Medium - High (20-40%),Low - Medium (5-25%),Low - Medium (0.25-0.50),Medium - High (0.66-1.00)
India,Assam,2336.68479368,2.51751162324942,1.1423528322542316,1.2125110936899213,2.353851970677004,Medium - High (20-40%),Low - Medium (5-25%),Low - Medium (0.25-0.50),Medium - High (0.66-1.00)
India,Assam,4095.67173355,2.51751162324942,1.1423528322542316,1.2125110936899213,2.353851970677004,Medium - High (20-40%),Low - Medium (5-25%),Low - Medium (0.25-0.50),Medium - High (0.66-1.00)
India,Assam,503.123036383,0.0,0.0005337810253086,0.6526133519757077,1.7269005773217614,Low (<10%),Low (<5%),Low (<0.25),Low - Medium (0.33-0.66)
India,Arunachal Pradesh,1388.18719331,0.0,0.0021196020950835,0.6569786154347894,1.699958214291416,Low (<10%),Low (<5%),Low (<0.25),Low - Medium (0.33-0.66)
India,Assam,304.186712266,0.0,0.0021196020950835,0.6569786154347894,1.699958214291416,Low (<10%),Low (<5%),Low (<0.25),Low - Medium (0.33-0.66)
India,Assam,137.164242662,0.0,0.0021196020950835,0.6569786154347894,1.699958214291416,Low (<10%),Low (<5%),Low (<0.25),Low - Medium (0.33-0.66)
India,Assam,395.497306146,0.0,0.0021196020950835,0.6569786154347894,1.699958214291416,Low (<10%),Low (<5%),Low (<0.25),Low - Medium (0.33-0.66)
India,Assam,80.3172923443,0.0,0.0021196020950835,0.6569786154347894,1.699958214291416,Low (<10%),Low (<5%),Low (<0.25),Low - Medium (0.33-0.66)
India,Arunachal Pradesh,2220.7429396,0.0,0.0312788127612835,0.5425843531752462,0.8188830002742515,Low (<10%),Low (<5%),Low (<0.25),Low (<0.33)
India,Assam,163.565803277,0.0,0.0312788127612835,0.5425843531752462,0.8188830002742515,Low (<10%),Low (<5%),Low (<0.25),Low (<0.33)
India,Assam,68.6716309005,0.0,0.0312788127612835,0.5425843531752462,0.8188830002742515,Low (<10%),Low (<5%),Low (<0.25),Low (<0.33)
India,Assam,34.8234770343,0.0,0.0312788127612835,0.5425843531752462,0.8188830002742515,Low (<10%),Low (<5%),Low (<0.25),Low (<0.33)
India,Arunachal Pradesh,1092.90095098,0.0,0.0193146405567892,0.4539765162671264,1.1362540983069107,Low (<10%),Low (<5%),Low (<0.25),Low - Medium (0.33-0.66)
India,Arunachal Pradesh,430.658333773,0.0,0.0193146405567892,0.4539765162671264,1.1362540983069107,Low (<10%),Low (<5%),Low (<0.25),Low - Medium (0.33-0.66)
India,Assam,315.009449617,0.0,0.0193146405567892,0.4539765162671264,1.1362540983069107,Low (<10%),Low (<5%),Low (<0.25),Low - Medium (0.33-0.66)
India,Assam,1381.31729146,0.0,0.0193146405567892,0.4539765162671264,1.1362540983069107,Low (<10%),Low (<5%),Low (<0.25),Low - Medium (0.33-0.66)
India,Assam,749.668174992,0.0,0.0193146405567892,0.4539765162671264,1.1362540983069107,Low (<10%),Low (<5%),Low (<0.25),Low - Medium (0.33-0.66)
India,Arunachal Pradesh,894.328903321,0.0,0.0027789744866893,0.3531961790492697,0.9064110994534856,Low (<10%),Low (<5%),Low (<0.25),Low (<0.33)
India,Arunachal Pradesh,3354.72217008,0.0,0.0027789744866893,0.3531961790492697,0.9064110994534856,Low (<10%),Low (<5%),Low (<0.25),Low (<0.33)
India,Arunachal Pradesh,3769.56938914,0.0,0.0027789744866893,0.3531961790492697,0.9064110994534856,Low (<10%),Low (<5%),Low (<0.25),Low (<0.33)
India,Arunachal Pradesh,394.19303048,0.0,0.0086032724426156,0.3791538435679483,1.0276371685797905,Low (<10%),Low (<5%),Low (<0.25),Low - Medium (0.33-0.66)
India,Arunachal Pradesh,2681.49486127,0.0,0.0086032724426156,0.3791538435679483,1.0276371685797905,Low (<10%),Low (<5%),Low (<0.25),Low - Medium (0.33-0.66)
India,Arunachal Pradesh,3791.97729131,0.0,0.0086032724426156,0.3791538435679483,1.0276371685797905,Low (<10%),Low (<5%),Low (<0.25),Low - Medium (0.33-0.66)
India,Arunachal Pradesh,15.3820306933,0.0,0.0035438187639364,1.00795757459385,2.415704146998333,Low (<10%),Low (<5%),Low - Medium (0.25-0.50),Medium - High (0.66-1.00)
India,Arunachal Pradesh,14.9011723409,0.0,0.0166895271822303,0.9707460711258424,2.31296320806671,Low (<10%),Low (<5%),Low (<0.25),Medium - High (0.66-1.00)
India,Nagaland,4012.64680578,0.0,0.0513542106188636,0.6546794180095526,1.6960521941815436,Low (<10%),Low (<5%),Low (<0.25),Low - Medium (0.33-0.66)
India,Nagaland,716.245868382,0.0,0.0513542106188636,0.6546794180095526,1.6960521941815436,Low (<10%),Low (<5%),Low (<0.25),Low - Medium (0.33-0.66)
India,Arunachal Pradesh,807.780524375,0.0,0.0513542106188636,0.6546794180095526,1.6960521941815436,Low (<10%),Low (<5%),Low (<0.25),Low - Medium (0.33-0.66)
India,Arunachal Pradesh,1037.55435857,0.0,0.0513542106188636,0.6546794180095526,1.6960521941815436,Low (<10%),Low (<5%),Low (<0.25),Low - Medium (0.33-0.66)
India,Arunachal Pradesh,2577.94844571,0.0,0.0513542106188636,0.6546794180095526,1.6960521941815436,Low (<10%),Low (<5%),Low (<0.25),Low - Medium (0.33-0.66)
India,Arunachal Pradesh,1469.75727765,0.0,0.0513542106188636,0.6546794180095526,1.6960521941815436,Low (<10%),Low (<5%),Low (<0.25),Low - Medium (0.33-0.66)
India,Assam,2253.16225216,0.0,0.0513542106188636,0.6546794180095526,1.6960521941815436,Low (<10%),Low (<5%),Low (<0.25),Low - Medium (0.33-0.66)
India,Assam,5086.74516411,0.0,0.0513542106188636,0.6546794180095526,1.6960521941815436,Low (<10%),Low (<5%),Low (<0.25),Low - Medium (0.33-0.66)
India,Assam,4703.57083326,0.0,0.0513542106188636,0.6546794180095526,1.6960521941815436,Low (<10%),Low (<5%),Low (<0.25),Low - Medium (0.33-0.66)
India,Arunachal Pradesh,874.737306491,0.0,0.0009325061065889,0.6856458659615868,1.748952101816322,Low (<10%),Low (<5%),Low (<0.25),Low - Medium (0.33-0.66)
India,Arunachal Pradesh,414.46725844,0.0,0.0009325061065889,0.6856458659615868,1.748952101816322,Low (<10%),Low (<5%),Low (<0.25),Low - Medium (0.33-0.66)
India,Arunachal Pradesh,41.3155429881,0.0,0.0009325061065889,0.6856458659615868,1.748952101816322,Low (<10%),Low (<5%),Low (<0.25),Low - Medium (0.33-0.66)
India,Assam,10.609551081,0.0,0.0009325061065889,0.6856458659615868,1.748952101816322,Low (<10%),Low (<5%),Low (<0.25),Low - Medium (0.33-0.66)
India,Assam,343.874317671,0.0,0.0009325061065889,0.6856458659615868,1.748952101816322,Low (<10%),Low (<5%),Low (<0.25),Low - Medium (0.33-0.66)
India,Arunachal Pradesh,6000.90034993,0.0,0.0072009659267015,0.9318213412977444,1.468737269794245,Low (<10%),Low (<5%),Low (<0.25),Low - Medium (0.33-0.66)
India,Arunachal Pradesh,3426.21181154,0.0,0.0072009659267015,0.9318213412977444,1.468737269794245,Low (<10%),Low (<5%),Low (<0.25),Low - Medium (0.33-0.66)
India,Arunachal Pradesh,1703.31809708,0.0,0.0072009659267015,0.9318213412977444,1.468737269794245,Low (<10%),Low (<5%),Low (<0.25),Low - Medium (0.33-0.66)
India,Arunachal Pradesh,23.52443307,0.0,0.0072009659267015,0.9318213412977444,1.468737269794245,Low (<10%),Low (<5%),Low (<0.25),Low - Medium (0.33-0.66)
India,Assam,111.867558997,0.0,0.0072009659267015,0.9318213412977444,1.468737269794245,Low (<10%),Low (<5%),Low (<0.25),Low - Medium (0.33-0.66)
India,Arunachal Pradesh,608.152318727,0.0,0.0031532887010015,0.8310803386236258,1.4482662797762007,Low (<10%),Low (<5%),Low (<0.25),Low - Medium (0.33-0.66)
India,Arunachal Pradesh,11.9946663268,0.0,0.0031532887010015,0.8310803386236258,1.4482662797762007,Low (<10%),Low (<5%),Low (<0.25),Low - Medium (0.33-0.66)
India,Assam,55.254996872,0.0,0.0031532887010015,0.8310803386236258,1.4482662797762007,Low (<10%),Low (<5%),Low (<0.25),Low - Medium (0.33-0.66)
India,Assam,447.826707207,0.0,0.0031532887010015,0.8310803386236258,1.4482662797762007,Low (<10%),Low (<5%),Low (<0.25),Low - Medium (0.33-0.66)
India,Assam,18.3844038297,0.0,0.0031532887010015,0.8310803386236258,1.4482662797762007,Low (<10%),Low (<5%),Low (<0.25),Low - Medium (0.33-0.66)
India,Arunachal Pradesh,2381.31987398,0.0,0.0515975334719969,0.8890817519142326,1.5262783483415938,Low (<10%),Low (<5%),Low (<0.25),Low - Medium (0.33-0.66)
India,Arunachal Pradesh,89.0327584918,0.0,0.0515975334719969,0.8890817519142326,1.5262783483415938,Low (<10%),Low (<5%),Low (<0.25),Low - Medium (0.33-0.66)
India,Arunachal Pradesh,677.494159109,0.0,0.0515975334719969,0.8890817519142326,1.5262783483415938,Low (<10%),Low (<5%),Low (<0.25),Low - Medium (0.33-0.66)
India,Assam,0.8125729887,0.0,0.0515975334719969,0.8890817519142326,1.5262783483415938,Low (<10%),Low (<5%),Low (<0.25),Low - Medium (0.33-0.66)
India,Assam,90.9251164068,0.0,0.0515975334719969,0.8890817519142326,1.5262783483415938,Low (<10%),Low (<5%),Low (<0.25),Low - Medium (0.33-0.66)
India,Arunachal Pradesh,3643.55167859,0.0,0.0182497872311195,0.8303753216910614,1.396486394423738,Low (<10%),Low (<5%),Low (<0.25),Low - Medium (0.33-0.66)
India,Arunachal Pradesh,48.4767914541,0.0,0.0182497872311195,0.8303753216910614,1.396486394423738,Low (<10%),Low (<5%),Low (<0.25),Low - Medium (0.33-0.66)
India,Arunachal Pradesh,2.07943311238,0.0,0.0182497872311195,0.8303753216910614,1.396486394423738,Low (<10%),Low (<5%),Low (<0.25),Low - Medium (0.33-0.66)
India,Arunachal Pradesh,605.074834661,0.0,0.0182497872311195,0.8303753216910614,1.396486394423738,Low (<10%),Low (<5%),Low (<0.25),Low - Medium (0.33-0.66)
India,Assam,3.77059512272,0.0,0.0182497872311195,0.8303753216910614,1.396486394423738,Low (<10%),Low (<5%),Low (<0.25),Low - Medium (0.33-0.66)
India,Assam,48.2552153025,0.0,0.0182497872311195,0.8303753216910614,1.396486394423738,Low (<10%),Low (<5%),Low (<0.25),Low - Medium (0.33-0.66)
India,Assam,24.3457400683,0.0,0.0182497872311195,0.8303753216910614,1.396486394423738,Low (<10%),Low (<5%),Low (<0.25),Low - Medium (0.33-0.66)
India,Arunachal Pradesh,481.729232461,0.0,0.0073401994494882,0.8496289718393693,1.128473837862782,Low (<10%),Low (<5%),Low (<0.25),Low - Medium (0.33-0.66)
India,Arunachal Pradesh,498.07465575,0.0,0.0073401994494882,0.8496289718393693,1.128473837862782,Low (<10%),Low (<5%),Low (<0.25),Low - Medium (0.33-0.66)
India,Arunachal Pradesh,36.1585229315,0.0,0.0073401994494882,0.8496289718393693,1.128473837862782,Low (<10%),Low (<5%),Low (<0.25),Low - Medium (0.33-0.66)
India,Arunachal Pradesh,1961.84791006,0.0,0.0032014670653255,0.8527459915640153,1.339889926661496,Low (<10%),Low (<5%),Low (<0.25),Low - Medium (0.33-0.66)
India,Arunachal Pradesh,1602.15789005,0.0,0.0032014670653255,0.8527459915640153,1.339889926661496,Low (<10%),Low (<5%),Low (<0.25),Low - Medium (0.33-0.66)
India,Arunachal Pradesh,1065.04318601,0.0,0.0032014670653255,0.8527459915640153,1.339889926661496,Low (<10%),Low (<5%),Low (<0.25),Low - Medium (0.33-0.66)
India,Arunachal Pradesh,340.175111845,0.0,0.0063281193456693,1.2478324907430824,1.4553386355407325,Low (<10%),Low (<5%),Low - Medium (0.25-0.50),Low - Medium (0.33-0.66)
India,Arunachal Pradesh,5979.04436574,0.0,0.0076698546006778,0.6353991085017747,1.9357912255823075,Low (<10%),Low (<5%),Low (<0.25),Low - Medium (0.33-0.66)
India,Arunachal Pradesh,8745.43742197,0.0,0.0076698546006778,0.6353991085017747,1.9357912255823075,Low (<10%),Low (<5%),Low (<0.25),Low - Medium (0.33-0.66)
India,Arunachal Pradesh,198.428429224,0.0,0.0076698546006778,0.6353991085017747,1.9357912255823075,Low (<10%),Low (<5%),Low (<0.25),Low - Medium (0.33-0.66)
India,Assam,92.8949138188,0.0,0.0076698546006778,0.6353991085017747,1.9357912255823075,Low (<10%),Low (<5%),Low (<0.25),Low - Medium (0.33-0.66)
India,Assam,4.84428168769,0.0,0.0076698546006778,0.6353991085017747,1.9357912255823075,Low (<10%),Low (<5%),Low (<0.25),Low - Medium (0.33-0.66)
India,Arunachal Pradesh,25.2333507106,0.0,0.0004922335602826,0.8001152523300614,2.283494819013955,Low (<10%),Low (<5%),Low (<0.25),Medium - High (0.66-1.00)
India,Arunachal Pradesh,354.43198242,0.0,0.047366663821004,0.8693200989746547,2.459981425297176,Low (<10%),Low (<5%),Low (<0.25),Medium - High (0.66-1.00)
India,Sikkim,0.34535898479,1.1726590076742076,0.5021468800932531,1.0699543862565,2.755598977349271,Low - Medium (10-20%),Low (<5%),Low - Medium (0.25-0.50),Medium - High (0.66-1.00)
India,West Bengal,508.509775711,0.3750773484780123,0.6164006987355972,0.7397227041306041,2.36648149671742,Low (<10%),Low (<5%),Low (<0.25),Medium - High (0.66-1.00)
India,West Bengal,115.644508956,0.3750773484780123,0.6164006987355972,0.7397227041306041,2.36648149671742,Low (<10%),Low (<5%),Low (<0.25),Medium - High (0.66-1.00)
India,West Bengal,2403.80141748,0.3750773484780123,0.6164006987355972,0.7397227041306041,2.36648149671742,Low (<10%),Low (<5%),Low (<0.25),Medium - High (0.66-1.00)
India,West Bengal,234.487741477,0.3750773484780123,0.6164006987355972,0.7397227041306041,2.36648149671742,Low (<10%),Low (<5%),Low (<0.25),Medium - High (0.66-1.00)
India,West Bengal,8210.54984004,0.3750773484780123,0.6164006987355972,0.7397227041306041,2.36648149671742,Low (<10%),Low (<5%),Low (<0.25),Medium - High (0.66-1.00)
India,West Bengal,304.370030526,0.3750773484780123,0.6164006987355972,0.7397227041306041,2.36648149671742,Low (<10%),Low (<5%),Low (<0.25),Medium - High (0.66-1.00)
India,Jharkhand,1228.24209987,0.3750773484780123,0.6164006987355972,0.7397227041306041,2.36648149671742,Low (<10%),Low (<5%),Low (<0.25),Medium - High (0.66-1.00)
India,Jharkhand,8283.27727948,0.3750773484780123,0.6164006987355972,0.7397227041306041,2.36648149671742,Low (<10%),Low (<5%),Low (<0.25),Medium - High (0.66-1.00)
India,West Bengal,19445.3273412,0.3750773484780123,0.6164006987355972,0.7397227041306041,2.36648149671742,Low (<10%),Low (<5%),Low (<0.25),Medium - High (0.66-1.00)
India,West Bengal,500.153671409,0.3750773484780123,0.6164006987355972,0.7397227041306041,2.36648149671742,Low (<10%),Low (<5%),Low (<0.25),Medium - High (0.66-1.00)
India,Bihar,382.919023744,0.3750773484780123,0.6164006987355972,0.7397227041306041,2.36648149671742,Low (<10%),Low (<5%),Low (<0.25),Medium - High (0.66-1.00)
India,West Bengal,957.968785558,3.2949626854185508,2.047701891919073,2.1138186946738498,2.4000371544868786,High (40-80%),Medium - High (25-50%),Medium - High (0.50-0.75),Medium - High (0.66-1.00)
India,West Bengal,10.5076792896,3.2949626854185508,2.047701891919073,2.1138186946738498,2.4000371544868786,High (40-80%),Medium - High (25-50%),Medium - High (0.50-0.75),Medium - High (0.66-1.00)
India,West Bengal,141.810799171,0.0,0.0373261452724233,1.8207794837013584,2.3650425329930327,Low (<10%),Low (<5%),Low - Medium (0.25-0.50),Medium - High (0.66-1.00)
India,Jharkhand,317.156211171,4.572954475230551,2.781998472879612,1.4611334363507904,1.6673767728032816,Extremely High (>80%),Medium - High (25-50%),Low - Medium (0.25-0.50),Low - Medium (0.33-0.66)
India,West Bengal,2238.55370273,4.572954475230551,2.781998472879612,1.4611334363507904,1.6673767728032816,Extremely High (>80%),Medium - High (25-50%),Low - Medium (0.25-0.50),Low - Medium (0.33-0.66)
India,West Bengal,4254.95713769,4.572954475230551,2.781998472879612,1.4611334363507904,1.6673767728032816,Extremely High (>80%),Medium - High (25-50%),Low - Medium (0.25-0.50),Low - Medium (0.33-0.66)
India,West Bengal,20.4080387601,,,,,No Data,No Data,No Data,No Data
India,West Bengal,5642.39510937,5.0,4.262970315772639,1.6502468388692884,2.0192497930398616,Extremely High (>80%),Extremely High (>75%),Low - Medium (0.25-0.50),Medium - High (0.66-1.00)
India,West Bengal,2495.25607891,5.0,4.262970315772639,1.6502468388692884,2.0192497930398616,Extremely High (>80%),Extremely High (>75%),Low - Medium (0.25-0.50),Medium - High (0.66-1.00)
India,West Bengal,3090.59434487,3.9070493652429774,2.3305447633222007,1.87403199268421,2.399868229340118,High (40-80%),Medium - High (25-50%),Low - Medium (0.25-0.50),Medium - High (0.66-1.00)
India,West Bengal,1219.64239847,3.9070493652429774,2.3305447633222007,1.87403199268421,2.399868229340118,High (40-80%),Medium - High (25-50%),Low - Medium (0.25-0.50),Medium - High (0.66-1.00)
India,Jharkhand,0.4480952176,0.2471425520788189,0.5588103265480746,2.706112669130931,2.0174594693195003,Low (<10%),Low (<5%),Medium - High (0.50-0.75),Medium - High (0.66-1.00)
India,Jharkhand,6992.50886322,0.2471425520788189,0.5588103265480746,2.706112669130931,2.0174594693195003,Low (<10%),Low (<5%),Medium - High (0.50-0.75),Medium - High (0.66-1.00)
India,West Bengal,86.9602675946,0.2471425520788189,0.5588103265480746,2.706112669130931,2.0174594693195003,Low (<10%),Low (<5%),Medium - High (0.50-0.75),Medium - High (0.66-1.00)
India,Jharkhand,3502.79351337,3.0452568226232204,1.4879558293485458,2.233559459557709,1.9754647142642183,High (40-80%),Low - Medium (5-25%),Medium - High (0.50-0.75),Low - Medium (0.33-0.66)
India,West Bengal,1232.5510191,3.0452568226232204,1.4879558293485458,2.233559459557709,1.9754647142642183,High (40-80%),Low - Medium (5-25%),Medium - High (0.50-0.75),Low - Medium (0.33-0.66)
India,Jharkhand,1988.79441707,1.372499253462096,1.0755223875997235,2.114645095317465,2.127048473338957,Low - Medium (10-20%),Low - Medium (5-25%),Medium - High (0.50-0.75),Medium - High (0.66-1.00)
India,Jharkhand,4647.21576561,1.0926587185863998,1.0033906472257914,2.4120596919900485,2.1814790739353502,Low - Medium (10-20%),Low - Medium (5-25%),Medium - High (0.50-0.75),Medium - High (0.66-1.00)
India,Odisha,74.520573526,5.0,5.0,1.9376874921578249,2.6886437719383856,Extremely High (>80%),Extremely High (>75%),Low - Medium (0.25-0.50),Medium - High (0.66-1.00)
India,Odisha,20.9821595416,5.0,5.0,1.9376874921578249,2.6886437719383856,Extremely High (>80%),Extremely High (>75%),Low - Medium (0.25-0.50),Medium - High (0.66-1.00)
India,West Bengal,5973.08059518,5.0,5.0,1.9376874921578249,2.6886437719383856,Extremely High (>80%),Extremely High (>75%),Low - Medium (0.25-0.50),Medium - High (0.66-1.00)
India,West Bengal,95.354369522,5.0,5.0,1.9376874921578249,2.6886437719383856,Extremely High (>80%),Extremely High (>75%),Low - Medium (0.25-0.50),Medium - High (0.66-1.00)
India,Jharkhand,113.6114086,3.2543888158753127,1.7678377637723472,1.6613337252107916,2.0771897412913662,High (40-80%),Low - Medium (5-25%),Low - Medium (0.25-0.50),Medium - High (0.66-1.00)
India,Jharkhand,13012.3396098,3.2543888158753127,1.7678377637723472,1.6613337252107916,2.0771897412913662,High (40-80%),Low - Medium (5-25%),Low - Medium (0.25-0.50),Medium - High (0.66-1.00)
India,Odisha,760.144104199,3.2543888158753127,1.7678377637723472,1.6613337252107916,2.0771897412913662,High (40-80%),Low - Medium (5-25%),Low - Medium (0.25-0.50),Medium - High (0.66-1.00)
India,Odisha,2186.58937706,3.2543888158753127,1.7678377637723472,1.6613337252107916,2.0771897412913662,High (40-80%),Low - Medium (5-25%),Low - Medium (0.25-0.50),Medium - High (0.66-1.00)
India,West Bengal,2015.77456619,3.2543888158753127,1.7678377637723472,1.6613337252107916,2.0771897412913662,High (40-80%),Low - Medium (5-25%),Low - Medium (0.25-0.50),Medium - High (0.66-1.00)
India,West Bengal,1388.9245138,3.2543888158753127,1.7678377637723472,1.6613337252107916,2.0771897412913662,High (40-80%),Low - Medium (5-25%),Low - Medium (0.25-0.50),Medium - High (0.66-1.00)
India,Jharkhand,4.29414849884,3.268243923099716,1.5555109348326353,1.2420545664558258,1.955703189990172,High (40-80%),Low - Medium (5-25%),Low - Medium (0.25-0.50),Low - Medium (0.33-0.66)
India,Odisha,4888.12318391,3.268243923099716,1.5555109348326353,1.2420545664558258,1.955703189990172,High (40-80%),Low - Medium (5-25%),Low - Medium (0.25-0.50),Low - Medium (0.33-0.66)
India,Odisha,5095.16368703,3.268243923099716,1.5555109348326353,1.2420545664558258,1.955703189990172,High (40-80%),Low - Medium (5-25%),Low - Medium (0.25-0.50),Low - Medium (0.33-0.66)
India,Odisha,73.2831721834,3.268243923099716,1.5555109348326353,1.2420545664558258,1.955703189990172,High (40-80%),Low - Medium (5-25%),Low - Medium (0.25-0.50),Low - Medium (0.33-0.66)
India,West Bengal,299.819282211,3.268243923099716,1.5555109348326353,1.2420545664558258,1.955703189990172,High (40-80%),Low - Medium (5-25%),Low - Medium (0.25-0.50),Low - Medium (0.33-0.66)
India,Odisha,70.6571745789,1.0433219162704508,0.6242296463369219,1.7060205287277057,2.0939847545975594,Low - Medium (10-20%),Low (<5%),Low - Medium (0.25-0.50),Medium - High (0.66-1.00)
India,Odisha,11.8892966025,1.0433219162704508,0.6242296463369219,1.7060205287277057,2.0939847545975594,Low - Medium (10-20%),Low (<5%),Low - Medium (0.25-0.50),Medium - High (0.66-1.00)
India,Jharkhand,726.786167295,0.883712982371826,0.664205395252881,1.1961264703843184,2.0010320302121767,Low (<10%),Low (<5%),Low - Medium (0.25-0.50),Medium - High (0.66-1.00)
India,Odisha,2191.95287831,0.883712982371826,0.664205395252881,1.1961264703843184,2.0010320302121767,Low (<10%),Low (<5%),Low - Medium (0.25-0.50),Medium - High (0.66-1.00)
India,Odisha,9051.73529802,0.883712982371826,0.664205395252881,1.1961264703843184,2.0010320302121767,Low (<10%),Low (<5%),Low - Medium (0.25-0.50),Medium - High (0.66-1.00)
India,Odisha,4236.08748064,2.834967065354442,1.318280750634429,1.0953690874986275,1.642084331015501,Medium - High (20-40%),Low - Medium (5-25%),Low - Medium (0.25-0.50),Low - Medium (0.33-0.66)
India,Odisha,5525.42238176,2.834967065354442,1.318280750634429,1.0953690874986275,1.642084331015501,Medium - High (20-40%),Low - Medium (5-25%),Low - Medium (0.25-0.50),Low - Medium (0.33-0.66)
India,Odisha,2491.54655898,3.766550956626396,1.9810122991807115,1.4672795417911155,1.6915472579572917,High (40-80%),Low - Medium (5-25%),Low - Medium (0.25-0.50),Low - Medium (0.33-0.66)
India,Jharkhand,126.37555697,1.3652179173770769,0.8945242534227932,1.03881305568193,1.517346351931848,Low - Medium (10-20%),Low (<5%),Low - Medium (0.25-0.50),Low - Medium (0.33-0.66)
India,Odisha,7687.73376065,1.3652179173770769,0.8945242534227932,1.03881305568193,1.517346351931848,Low - Medium (10-20%),Low (<5%),Low - Medium (0.25-0.50),Low - Medium (0.33-0.66)
India,Jharkhand,4190.36626333,0.8867895867045248,0.8153925535369179,1.168047966369402,1.2912698079655631,Low (<10%),Low (<5%),Low - Medium (0.25-0.50),Low - Medium (0.33-0.66)
India,Odisha,1377.68443528,0.8867895867045248,0.8153925535369179,1.168047966369402,1.2912698079655631,Low (<10%),Low (<5%),Low - Medium (0.25-0.50),Low - Medium (0.33-0.66)
India,Chhattisgarh,1371.64987374,0.8867895867045248,0.8153925535369179,1.168047966369402,1.2912698079655631,Low (<10%),Low (<5%),Low - Medium (0.25-0.50),Low - Medium (0.33-0.66)
India,Jharkhand,3752.45968792,0.0,0.2608710414291499,1.1368375052351565,1.383313393805807,Low (<10%),Low (<5%),Low - Medium (0.25-0.50),Low - Medium (0.33-0.66)
India,Odisha,1221.60277258,0.0,0.2608710414291499,1.1368375052351565,1.383313393805807,Low (<10%),Low (<5%),Low - Medium (0.25-0.50),Low - Medium (0.33-0.66)
India,Jharkhand,2544.85453131,0.130036967922433,0.6769548868989966,1.4586032507880498,1.376358703088404,Low (<10%),Low (<5%),Low - Medium (0.25-0.50),Low - Medium (0.33-0.66)
India,Jharkhand,4927.38641388,1.8662072195520287,1.1585518501244627,1.4759497544938387,1.2906268731175667,Low - Medium (10-20%),Low - Medium (5-25%),Low - Medium (0.25-0.50),Low - Medium (0.33-0.66)
India,Odisha,725.909543833,4.6050303490841324,2.5879436109989955,1.5195433578408095,1.6924980111901369,Extremely High (>80%),Medium - High (25-50%),Low - Medium (0.25-0.50),Low - Medium (0.33-0.66)
India,Odisha,105.824469333,4.6050303490841324,2.5879436109989955,1.5195433578408095,1.6924980111901369,Extremely High (>80%),Medium - High (25-50%),Low - Medium (0.25-0.50),Low - Medium (0.33-0.66)
India,Odisha,3795.32168096,2.174555633297526,1.123735178598122,1.1560238184536349,1.8173523522115744,Medium - High (20-40%),Low - Medium (5-25%),Low - Medium (0.25-0.50),Low - Medium (0.33-0.66)
India,Odisha,13537.2836927,2.174555633297526,1.123735178598122,1.1560238184536349,1.8173523522115744,Medium - High (20-40%),Low - Medium (5-25%),Low - Medium (0.25-0.50),Low - Medium (0.33-0.66)
India,Odisha,21529.9834565,3.882080655471104,2.1427511800881813,1.3857279199404489,1.819351099506332,High (40-80%),Medium - High (25-50%),Low - Medium (0.25-0.50),Low - Medium (0.33-0.66)
India,Odisha,35.3754893242,3.882080655471104,2.1427511800881813,1.3857279199404489,1.819351099506332,High (40-80%),Medium - High (25-50%),Low - Medium (0.25-0.50),Low - Medium (0.33-0.66)
India,Chhattisgarh,1500.39206577,3.882080655471104,2.1427511800881813,1.3857279199404489,1.819351099506332,High (40-80%),Medium - High (25-50%),Low - Medium (0.25-0.50),Low - Medium (0.33-0.66)
India,Odisha,8837.44024473,5.0,3.3659159015803906,1.264200503661948,1.3164765586326106,Extremely High (>80%),High (50-75%),Low - Medium (0.25-0.50),Low - Medium (0.33-0.66)
India,Chhattisgarh,1208.87324923,5.0,3.3659159015803906,1.264200503661948,1.3164765586326106,Extremely High (>80%),High (50-75%),Low - Medium (0.25-0.50),Low - Medium (0.33-0.66)
India,Jharkhand,163.223607031,0.0,0.2866856561885794,1.2626507371901392,1.816562106872051,Low (<10%),Low (<5%),Low - Medium (0.25-0.50),Low - Medium (0.33-0.66)
India,Odisha,7920.69136467,0.0,0.2866856561885794,1.2626507371901392,1.816562106872051,Low (<10%),Low (<5%),Low - Medium (0.25-0.50),Low - Medium (0.33-0.66)
India,Chhattisgarh,4645.28077796,0.0,0.2866856561885794,1.2626507371901392,1.816562106872051,Low (<10%),Low (<5%),Low - Medium (0.25-0.50),Low - Medium (0.33-0.66)
India,Odisha,1856.24123225,3.267695820391572,1.7211627723778906,1.2378911507748909,1.7748740990791276,High (40-80%),Low - Medium (5-25%),Low - Medium (0.25-0.50),Low - Medium (0.33-0.66)
India,Chhattisgarh,11867.1180635,3.267695820391572,1.7211627723778906,1.2378911507748909,1.7748740990791276,High (40-80%),Low - Medium (5-25%),Low - Medium (0.25-0.50),Low - Medium (0.33-0.66)
India,Madhya Pradesh,107.907197326,3.572855942876621,1.8276644976711445,1.0387410849423604,1.173282144170113,High (40-80%),Low - Medium (5-25%),Low - Medium (0.25-0.50),Low - Medium (0.33-0.66)
India,Chhattisgarh,9901.09445336,3.572855942876621,1.8276644976711445,1.0387410849423604,1.173282144170113,High (40-80%),Low - Medium (5-25%),Low - Medium (0.25-0.50),Low - Medium (0.33-0.66)
India,Odisha,948.339810348,2.076241638668133,1.2439377292254858,1.318502267709242,1.8155452392169704,Medium - High (20-40%),Low - Medium (5-25%),Low - Medium (0.25-0.50),Low - Medium (0.33-0.66)
India,Chhattisgarh,3513.32983873,2.076241638668133,1.2439377292254858,1.318502267709242,1.8155452392169704,Medium - High (20-40%),Low - Medium (5-25%),Low - Medium (0.25-0.50),Low - Medium (0.33-0.66)
India,Odisha,287.207450721,3.6331612202352015,2.0199309920261257,1.3339057705663095,1.6134432942521102,High (40-80%),Medium - High (25-50%),Low - Medium (0.25-0.50),Low - Medium (0.33-0.66)
India,Chhattisgarh,12995.8124585,3.6331612202352015,2.0199309920261257,1.3339057705663095,1.6134432942521102,High (40-80%),Medium - High (25-50%),Low - Medium (0.25-0.50),Low - Medium (0.33-0.66)
India,Chhattisgarh,2999.49463298,3.859220395049977,2.400920021916156,2.1516105713573808,1.6649323449902598,High (40-80%),Medium - High (25-50%),Medium - High (0.50-0.75),Low - Medium (0.33-0.66)
India,Madhya Pradesh,11.4753244035,2.015876398007861,1.1288002165281186,1.5139332064290505,1.673914216640929,Medium - High (20-40%),Low - Medium (5-25%),Low - Medium (0.25-0.50),Low - Medium (0.33-0.66)
India,Chhattisgarh,3336.97424913,2.015876398007861,1.1288002165281186,1.5139332064290505,1.673914216640929,Medium - High (20-40%),Low - Medium (5-25%),Low - Medium (0.25-0.50),Low - Medium (0.33-0.66)
India,Chhattisgarh,238.657453141,0.0,0.4001324390494571,1.6977845616242278,1.796615197707064,Low (<10%),Low (<5%),Low - Medium (0.25-0.50),Low - Medium (0.33-0.66)
India,Madhya Pradesh,32.9318490064,5.0,5.0,1.6141708600612406,1.9622078612836849,Extremely High (>80%),Extremely High (>75%),Low - Medium (0.25-0.50),Low - Medium (0.33-0.66)
India,Chhattisgarh,3940.52959295,5.0,5.0,1.6141708600612406,1.9622078612836849,Extremely High (>80%),Extremely High (>75%),Low - Medium (0.25-0.50),Low - Medium (0.33-0.66)
India,Chhattisgarh,821.434470789,0.0,0.2933964917354165,1.742935572408305,1.7487979588304243,Low (<10%),Low (<5%),Low - Medium (0.25-0.50),Low - Medium (0.33-0.66)
India,Madhya Pradesh,6.72511967532,3.6747074881427935,2.1224205357454293,2.0312151078329195,1.8819870411212216,High (40-80%),Medium - High (25-50%),Medium - High (0.50-0.75),Low - Medium (0.33-0.66)
India,Chhattisgarh,2487.91712695,3.6747074881427935,2.1224205357454293,2.0312151078329195,1.8819870411212216,High (40-80%),Medium - High (25-50%),Medium - High (0.50-0.75),Low - Medium (0.33-0.66)
India,Chhattisgarh,486.119522608,0.0,0.2148095773073389,1.718698698071398,1.7484976871095417,Low (<10%),Low (<5%),Low - Medium (0.25-0.50),Low - Medium (0.33-0.66)
India,Chhattisgarh,4117.26385733,4.482848813482937,2.897240105302997,5.0,1.442286694174817,Extremely High (>80%),Medium - High (25-50%),Extremely High (>1.00),Low - Medium (0.33-0.66)
India,Maharashtra,313.459214046,4.6410274448928455,2.8027774338960363,1.5475518091133147,1.237629991555176,Extremely High (>80%),Medium - High (25-50%),Low - Medium (0.25-0.50),Low - Medium (0.33-0.66)
India,Chhattisgarh,245.275453808,4.6410274448928455,2.8027774338960363,1.5475518091133147,1.237629991555176,Extremely High (>80%),Medium - High (25-50%),Low - Medium (0.25-0.50),Low - Medium (0.33-0.66)
India,Chhattisgarh,12139.6424393,4.6410274448928455,2.8027774338960363,1.5475518091133147,1.237629991555176,Extremely High (>80%),Medium - High (25-50%),Low - Medium (0.25-0.50),Low - Medium (0.33-0.66)
India,Odisha,3266.33927604,2.174555633297526,1.123735178598122,1.1560238184536349,1.8173523522115744,Medium - High (20-40%),Low - Medium (5-25%),Low - Medium (0.25-0.50),Low - Medium (0.33-0.66)
India,Odisha,59.916192391,2.174555633297526,1.123735178598122,1.1560238184536349,1.8173523522115744,Medium - High (20-40%),Low - Medium (5-25%),Low - Medium (0.25-0.50),Low - Medium (0.33-0.66)
India,Odisha,3703.39399482,3.817855368051972,1.849276841280887,1.5015309970591366,1.6557483605150725,High (40-80%),Low - Medium (5-25%),Low - Medium (0.25-0.50),Low - Medium (0.33-0.66)
India,Odisha,1261.43054593,3.817855368051972,1.849276841280887,1.5015309970591366,1.6557483605150725,High (40-80%),Low - Medium (5-25%),Low - Medium (0.25-0.50),Low - Medium (0.33-0.66)
India,Odisha,343.926878558,3.817855368051972,1.849276841280887,1.5015309970591366,1.6557483605150725,High (40-80%),Low - Medium (5-25%),Low - Medium (0.25-0.50),Low - Medium (0.33-0.66)
India,Odisha,75.1752192017,5.0,3.4448631062008026,1.336454383431972,0.9102499275770588,Extremely High (>80%),High (50-75%),Low - Medium (0.25-0.50),Low (<0.33)
India,Odisha,17.893953835,5.0,3.4448631062008026,1.336454383431972,0.9102499275770588,Extremely High (>80%),High (50-75%),Low - Medium (0.25-0.50),Low (<0.33)
India,Odisha,47.9290732929,5.0,3.4448631062008026,1.336454383431972,0.9102499275770588,Extremely High (>80%),High (50-75%),Low - Medium (0.25-0.50),Low (<0.33)
India,Odisha,23.6901094245,4.363715049446796,3.812287416902026,1.7481392285852944,1.5754242269915948,Extremely High (>80%),High (50-75%),Low - Medium (0.25-0.50),Low - Medium (0.33-0.66)
India,Odisha,4156.60216802,4.363715049446796,3.812287416902026,1.7481392285852944,1.5754242269915948,Extremely High (>80%),High (50-75%),Low - Medium (0.25-0.50),Low - Medium (0.33-0.66)
India,Odisha,3632.44303812,4.363715049446796,3.812287416902026,1.7481392285852944,1.5754242269915948,Extremely High (>80%),High (50-75%),Low - Medium (0.25-0.50),Low - Medium (0.33-0.66)
India,Odisha,104.372072945,4.363715049446796,3.812287416902026,1.7481392285852944,1.5754242269915948,Extremely High (>80%),High (50-75%),Low - Medium (0.25-0.50),Low - Medium (0.33-0.66)
India,Odisha,1.28514323895,4.363715049446796,3.812287416902026,1.7481392285852944,1.5754242269915948,Extremely High (>80%),High (50-75%),Low - Medium (0.25-0.50),Low - Medium (0.33-0.66)
India,Andhra Pradesh,867.757506775,5.0,5.0,2.1600075877549,1.7197842580830875,Extremely High (>80%),Extremely High (>75%),Medium - High (0.50-0.75),Low - Medium (0.33-0.66)
India,Andhra Pradesh,970.172482654,5.0,5.0,2.1600075877549,1.7197842580830875,Extremely High (>80%),Extremely High (>75%),Medium - High (0.50-0.75),Low - Medium (0.33-0.66)
India,Andhra Pradesh,18.2116956887,5.0,5.0,2.1600075877549,1.7197842580830875,Extremely High (>80%),Extremely High (>75%),Medium - High (0.50-0.75),Low - Medium (0.33-0.66)
India,Odisha,1587.40233488,5.0,5.0,2.1600075877549,1.7197842580830875,Extremely High (>80%),Extremely High (>75%),Medium - High (0.50-0.75),Low - Medium (0.33-0.66)
India,Odisha,228.261227947,5.0,5.0,2.1600075877549,1.7197842580830875,Extremely High (>80%),Extremely High (>75%),Medium - High (0.50-0.75),Low - Medium (0.33-0.66)
India,Odisha,12.0246105078,5.0,5.0,2.1600075877549,1.7197842580830875,Extremely High (>80%),Extremely High (>75%),Medium - High (0.50-0.75),Low - Medium (0.33-0.66)
India,Andhra Pradesh,678.137403231,3.4550563412076576,2.0787382202258096,1.555845474473314,1.354137726391988,High (40-80%),Medium - High (25-50%),Low - Medium (0.25-0.50),Low - Medium (0.33-0.66)
India,Andhra Pradesh,1171.07808515,3.4550563412076576,2.0787382202258096,1.555845474473314,1.354137726391988,High (40-80%),Medium - High (25-50%),Low - Medium (0.25-0.50),Low - Medium (0.33-0.66)
India,Odisha,1997.1087103,3.4550563412076576,2.0787382202258096,1.555845474473314,1.354137726391988,High (40-80%),Medium - High (25-50%),Low - Medium (0.25-0.50),Low - Medium (0.33-0.66)
India,Odisha,6777.52086858,3.4550563412076576,2.0787382202258096,1.555845474473314,1.354137726391988,High (40-80%),Medium - High (25-50%),Low - Medium (0.25-0.50),Low - Medium (0.33-0.66)
India,Odisha,114.656222021,3.4550563412076576,2.0787382202258096,1.555845474473314,1.354137726391988,High (40-80%),Medium - High (25-50%),Low - Medium (0.25-0.50),Low - Medium (0.33-0.66)
India,Andhra Pradesh,137.265311744,5.0,5.0,2.5682070587935955,3.403077931648374,Extremely High (>80%),Extremely High (>75%),Medium - High (0.50-0.75),High (1.00-1.33)
India,Andhra Pradesh,0.71223172053,5.0,5.0,2.5682070587935955,3.403077931648374,Extremely High (>80%),Extremely High (>75%),Medium - High (0.50-0.75),High (1.00-1.33)
India,Andhra Pradesh,2.65256901985,4.415998759443095,2.9500209903144023,1.652845175422791,1.1570359308636884,Extremely High (>80%),Medium - High (25-50%),Low - Medium (0.25-0.50),Low - Medium (0.33-0.66)
India,Andhra Pradesh,14.4531378816,4.415998759443095,2.9500209903144023,1.652845175422791,1.1570359308636884,Extremely High (>80%),Medium - High (25-50%),Low - Medium (0.25-0.50),Low - Medium (0.33-0.66)
India,Andhra Pradesh,2250.36680554,4.415998759443095,2.9500209903144023,1.652845175422791,1.1570359308636884,Extremely High (>80%),Medium - High (25-50%),Low - Medium (0.25-0.50),Low - Medium (0.33-0.66)
India,Andhra Pradesh,2551.69559097,4.415998759443095,2.9500209903144023,1.652845175422791,1.1570359308636884,Extremely High (>80%),Medium - High (25-50%),Low - Medium (0.25-0.50),Low - Medium (0.33-0.66)
India,Odisha,2662.79718466,4.415998759443095,2.9500209903144023,1.652845175422791,1.1570359308636884,Extremely High (>80%),Medium - High (25-50%),Low - Medium (0.25-0.50),Low - Medium (0.33-0.66)
India,Odisha,81.323700813,4.415998759443095,2.9500209903144023,1.652845175422791,1.1570359308636884,Extremely High (>80%),Medium - High (25-50%),Low - Medium (0.25-0.50),Low - Medium (0.33-0.66)
India,Odisha,644.236746083,4.415998759443095,2.9500209903144023,1.652845175422791,1.1570359308636884,Extremely High (>80%),Medium - High (25-50%),Low - Medium (0.25-0.50),Low - Medium (0.33-0.66)
India,Odisha,1021.90809213,4.415998759443095,2.9500209903144023,1.652845175422791,1.1570359308636884,Extremely High (>80%),Medium - High (25-50%),Low - Medium (0.25-0.50),Low - Medium (0.33-0.66)
India,Andhra Pradesh,748.961735117,2.5969779126327888,1.2314164813853918,1.2553770196646377,2.004557880345104,Medium - High (20-40%),Low - Medium (5-25%),Low - Medium (0.25-0.50),Medium - High (0.66-1.00)
India,Andhra Pradesh,427.270511473,2.5969779126327888,1.2314164813853918,1.2553770196646377,2.004557880345104,Medium - High (20-40%),Low - Medium (5-25%),Low - Medium (0.25-0.50),Medium - High (0.66-1.00)
India,Andhra Pradesh,367.566557991,2.5969779126327888,1.2314164813853918,1.2553770196646377,2.004557880345104,Medium - High (20-40%),Low - Medium (5-25%),Low - Medium (0.25-0.50),Medium - High (0.66-1.00)
India,Andhra Pradesh,11694.7812134,2.5969779126327888,1.2314164813853918,1.2553770196646377,2.004557880345104,Medium - High (20-40%),Low - Medium (5-25%),Low - Medium (0.25-0.50),Medium - High (0.66-1.00)
India,Andhra Pradesh,3241.61354219,2.5969779126327888,1.2314164813853918,1.2553770196646377,2.004557880345104,Medium - High (20-40%),Low - Medium (5-25%),Low - Medium (0.25-0.50),Medium - High (0.66-1.00)
India,Andhra Pradesh,29.9776307796,2.5969779126327888,1.2314164813853918,1.2553770196646377,2.004557880345104,Medium - High (20-40%),Low - Medium (5-25%),Low - Medium (0.25-0.50),Medium - High (0.66-1.00)
India,Puducherry,12.0814995524,2.5969779126327888,1.2314164813853918,1.2553770196646377,2.004557880345104,Medium - High (20-40%),Low - Medium (5-25%),Low - Medium (0.25-0.50),Medium - High (0.66-1.00)
India,Andhra Pradesh,1747.43571975,2.5969779126327888,1.2314164813853918,1.2553770196646377,2.004557880345104,Medium - High (20-40%),Low - Medium (5-25%),Low - Medium (0.25-0.50),Medium - High (0.66-1.00)
India,Andhra Pradesh,2272.86391186,2.5969779126327888,1.2314164813853918,1.2553770196646377,2.004557880345104,Medium - High (20-40%),Low - Medium (5-25%),Low - Medium (0.25-0.50),Medium - High (0.66-1.00)
India,Andhra Pradesh,29.6478573246,2.5969779126327888,1.2314164813853918,1.2553770196646377,2.004557880345104,Medium - High (20-40%),Low - Medium (5-25%),Low - Medium (0.25-0.50),Medium - High (0.66-1.00)
India,Andhra Pradesh,936.196354013,2.5969779126327888,1.2314164813853918,1.2553770196646377,2.004557880345104,Medium - High (20-40%),Low - Medium (5-25%),Low - Medium (0.25-0.50),Medium - High (0.66-1.00)
India,Puducherry,13.8960059928,2.5969779126327888,1.2314164813853918,1.2553770196646377,2.004557880345104,Medium - High (20-40%),Low - Medium (5-25%),Low - Medium (0.25-0.50),Medium - High (0.66-1.00)
India,Telangana,62.0534236172,2.5969779126327888,1.2314164813853918,1.2553770196646377,2.004557880345104,Medium - High (20-40%),Low - Medium (5-25%),Low - Medium (0.25-0.50),Medium - High (0.66-1.00)
India,Telangana,705.623869209,2.5969779126327888,1.2314164813853918,1.2553770196646377,2.004557880345104,Medium - High (20-40%),Low - Medium (5-25%),Low - Medium (0.25-0.50),Medium - High (0.66-1.00)
India,Telangana,206.581771737,2.5969779126327888,1.2314164813853918,1.2553770196646377,2.004557880345104,Medium - High (20-40%),Low - Medium (5-25%),Low - Medium (0.25-0.50),Medium - High (0.66-1.00)
India,Andhra Pradesh,2298.52042646,2.9446138465321536,1.365951399797218,1.0210195761850818,1.2807366756963388,Medium - High (20-40%),Low - Medium (5-25%),Low - Medium (0.25-0.50),Low - Medium (0.33-0.66)
India,Andhra Pradesh,1857.84139192,2.9446138465321536,1.365951399797218,1.0210195761850818,1.2807366756963388,Medium - High (20-40%),Low - Medium (5-25%),Low - Medium (0.25-0.50),Low - Medium (0.33-0.66)
India,Odisha,10481.0077521,2.9446138465321536,1.365951399797218,1.0210195761850818,1.2807366756963388,Medium - High (20-40%),Low - Medium (5-25%),Low - Medium (0.25-0.50),Low - Medium (0.33-0.66)
India,Odisha,64.3925148016,2.9446138465321536,1.365951399797218,1.0210195761850818,1.2807366756963388,Medium - High (20-40%),Low - Medium (5-25%),Low - Medium (0.25-0.50),Low - Medium (0.33-0.66)
India,Telangana,553.482929167,2.9446138465321536,1.365951399797218,1.0210195761850818,1.2807366756963388,Medium - High (20-40%),Low - Medium (5-25%),Low - Medium (0.25-0.50),Low - Medium (0.33-0.66)
India,Telangana,566.570740093,2.9446138465321536,1.365951399797218,1.0210195761850818,1.2807366756963388,Medium - High (20-40%),Low - Medium (5-25%),Low - Medium (0.25-0.50),Low - Medium (0.33-0.66)
India,Chhattisgarh,5590.10019453,2.9446138465321536,1.365951399797218,1.0210195761850818,1.2807366756963388,Medium - High (20-40%),Low - Medium (5-25%),Low - Medium (0.25-0.50),Low - Medium (0.33-0.66)
India,Chhattisgarh,142.731916103,2.9446138465321536,1.365951399797218,1.0210195761850818,1.2807366756963388,Medium - High (20-40%),Low - Medium (5-25%),Low - Medium (0.25-0.50),Low - Medium (0.33-0.66)
India,Telangana,375.901544408,1.3386803740494015,0.8029606296339749,1.2848335007958365,1.992803086082446,Low - Medium (10-20%),Low (<5%),Low - Medium (0.25-0.50),Low - Medium (0.33-0.66)
India,Telangana,421.826794459,1.3386803740494015,0.8029606296339749,1.2848335007958365,1.992803086082446,Low - Medium (10-20%),Low (<5%),Low - Medium (0.25-0.50),Low - Medium (0.33-0.66)
India,Telangana,10178.2963832,1.3386803740494015,0.8029606296339749,1.2848335007958365,1.992803086082446,Low - Medium (10-20%),Low (<5%),Low - Medium (0.25-0.50),Low - Medium (0.33-0.66)
India,Telangana,235.928315188,1.3386803740494015,0.8029606296339749,1.2848335007958365,1.992803086082446,Low - Medium (10-20%),Low (<5%),Low - Medium (0.25-0.50),Low - Medium (0.33-0.66)
India,Chhattisgarh,2878.56487223,1.3386803740494015,0.8029606296339749,1.2848335007958365,1.992803086082446,Low - Medium (10-20%),Low (<5%),Low - Medium (0.25-0.50),Low - Medium (0.33-0.66)
India,Chhattisgarh,1509.76723312,1.3386803740494015,0.8029606296339749,1.2848335007958365,1.992803086082446,Low - Medium (10-20%),Low (<5%),Low - Medium (0.25-0.50),Low - Medium (0.33-0.66)
India,Maharashtra,1105.40165696,0.0,0.1500553043908254,0.9401581730063232,1.424622263226068,Low (<10%),Low (<5%),Low (<0.25),Low - Medium (0.33-0.66)
India,Chhattisgarh,1483.63582626,0.0,0.1500553043908254,0.9401581730063232,1.424622263226068,Low (<10%),Low (<5%),Low (<0.25),Low - Medium (0.33-0.66)
India,Chhattisgarh,1460.09405033,0.0,0.1500553043908254,0.9401581730063232,1.424622263226068,Low (<10%),Low (<5%),Low (<0.25),Low - Medium (0.33-0.66)
India,Maharashtra,1728.45916658,0.7737141955459303,0.6757772708435985,0.8440236900361923,1.394653047684563,Low (<10%),Low (<5%),Low (<0.25),Low - Medium (0.33-0.66)
India,Maharashtra,1198.91911796,0.7737141955459303,0.6757772708435985,0.8440236900361923,1.394653047684563,Low (<10%),Low (<5%),Low (<0.25),Low - Medium (0.33-0.66)
India,Chhattisgarh,477.605513966,0.7737141955459303,0.6757772708435985,0.8440236900361923,1.394653047684563,Low (<10%),Low (<5%),Low (<0.25),Low - Medium (0.33-0.66)
India,Chhattisgarh,0.12290120679,0.7737141955459303,0.6757772708435985,0.8440236900361923,1.394653047684563,Low (<10%),Low (<5%),Low (<0.25),Low - Medium (0.33-0.66)
India,Maharashtra,152.088549489,0.0,0.0178863232958236,0.9920489984821071,1.467782491479538,Low (<10%),Low (<5%),Low (<0.25),Low - Medium (0.33-0.66)
India,Maharashtra,33.5181157356,0.0,0.0178863232958236,0.9920489984821071,1.467782491479538,Low (<10%),Low (<5%),Low (<0.25),Low - Medium (0.33-0.66)
India,Chhattisgarh,190.675790091,0.0,0.0178863232958236,0.9920489984821071,1.467782491479538,Low (<10%),Low (<5%),Low (<0.25),Low - Medium (0.33-0.66)
India,Chhattisgarh,6.6380378459,0.0,0.0178863232958236,0.9920489984821071,1.467782491479538,Low (<10%),Low (<5%),Low (<0.25),Low - Medium (0.33-0.66)
India,Maharashtra,467.088806817,2.8454926399831977,1.3696364210326717,0.9907378350682596,1.6009662757118743,Medium - High (20-40%),Low - Medium (5-25%),Low (<0.25),Low - Medium (0.33-0.66)
India,Chhattisgarh,6172.545806,2.8454926399831977,1.3696364210326717,0.9907378350682596,1.6009662757118743,Medium - High (20-40%),Low - Medium (5-25%),Low (<0.25),Low - Medium (0.33-0.66)
India,Maharashtra,652.935445975,0.0,0.1059247430312324,1.0017342829879756,1.4467644827018322,Low (<10%),Low (<5%),Low - Medium (0.25-0.50),Low - Medium (0.33-0.66)
India,Chhattisgarh,10148.6299987,0.0,0.1059247430312324,1.0017342829879756,1.4467644827018322,Low (<10%),Low (<5%),Low - Medium (0.25-0.50),Low - Medium (0.33-0.66)
India,Odisha,211.327492008,0.5464194991826969,0.4927512947376925,0.9420716024456968,1.251110534922322,Low (<10%),Low (<5%),Low (<0.25),Low - Medium (0.33-0.66)
India,Chhattisgarh,3055.55481719,0.5464194991826969,0.4927512947376925,0.9420716024456968,1.251110534922322,Low (<10%),Low (<5%),Low (<0.25),Low - Medium (0.33-0.66)
India,Chhattisgarh,652.618162592,0.0,0.0272693578748805,1.179538902609297,1.4008039605748674,Low (<10%),Low (<5%),Low - Medium (0.25-0.50),Low - Medium (0.33-0.66)
India,Odisha,480.515158747,0.0,0.1936867385095728,1.18317029595986,1.2717406934538342,Low (<10%),Low (<5%),Low - Medium (0.25-0.50),Low - Medium (0.33-0.66)
India,Chhattisgarh,3067.60944726,0.0,0.1936867385095728,1.18317029595986,1.2717406934538342,Low (<10%),Low (<5%),Low - Medium (0.25-0.50),Low - Medium (0.33-0.66)
India,Odisha,6822.15370309,3.0402415143394834,1.414091342770695,1.3947227077492736,1.50216502456095,High (40-80%),Low - Medium (5-25%),Low - Medium (0.25-0.50),Low - Medium (0.33-0.66)
India,Chhattisgarh,1291.95297077,3.0402415143394834,1.414091342770695,1.3947227077492736,1.50216502456095,High (40-80%),Low - Medium (5-25%),Low - Medium (0.25-0.50),Low - Medium (0.33-0.66)
India,Maharashtra,338.246022903,0.0,0.0528539183466201,1.7539344977467597,2.465926412067177,Low (<10%),Low (<5%),Low - Medium (0.25-0.50),Medium - High (0.66-1.00)
India,Telangana,25.6333950723,0.0,0.0528539183466201,1.7539344977467597,2.465926412067177,Low (<10%),Low (<5%),Low - Medium (0.25-0.50),Medium - High (0.66-1.00)
India,Telangana,1121.44286593,0.0,0.0528539183466201,1.7539344977467597,2.465926412067177,Low (<10%),Low (<5%),Low - Medium (0.25-0.50),Medium - High (0.66-1.00)
India,Chhattisgarh,1.29275779473,0.0,0.0528539183466201,1.7539344977467597,2.465926412067177,Low (<10%),Low (<5%),Low - Medium (0.25-0.50),Medium - High (0.66-1.00)
India,Maharashtra,819.789158119,0.0,0.006399700496217,1.5665227942608466,2.517819124024691,Low (<10%),Low (<5%),Low - Medium (0.25-0.50),Medium - High (0.66-1.00)
India,Telangana,382.943089784,0.0,0.006399700496217,1.5665227942608466,2.517819124024691,Low (<10%),Low (<5%),Low - Medium (0.25-0.50),Medium - High (0.66-1.00)
India,Telangana,422.431198963,0.0,0.006399700496217,1.5665227942608466,2.517819124024691,Low (<10%),Low (<5%),Low - Medium (0.25-0.50),Medium - High (0.66-1.00)
India,Maharashtra,1.57110519681,2.829176527947666,1.3731712166494208,1.9523925901814527,2.4548857633669354,Medium - High (20-40%),Low - Medium (5-25%),Low - Medium (0.25-0.50),Medium - High (0.66-1.00)
India,Maharashtra,365.417884357,2.829176527947666,1.3731712166494208,1.9523925901814527,2.4548857633669354,Medium - High (20-40%),Low - Medium (5-25%),Low - Medium (0.25-0.50),Medium - High (0.66-1.00)
India,Maharashtra,0.16857093871,2.829176527947666,1.3731712166494208,1.9523925901814527,2.4548857633669354,Medium - High (20-40%),Low - Medium (5-25%),Low - Medium (0.25-0.50),Medium - High (0.66-1.00)
India,Telangana,13.7668138087,2.829176527947666,1.3731712166494208,1.9523925901814527,2.4548857633669354,Medium - High (20-40%),Low - Medium (5-25%),Low - Medium (0.25-0.50),Medium - High (0.66-1.00)
India,Telangana,1859.38972726,2.829176527947666,1.3731712166494208,1.9523925901814527,2.4548857633669354,Medium - High (20-40%),Low - Medium (5-25%),Low - Medium (0.25-0.50),Medium - High (0.66-1.00)
India,Telangana,1691.1608794,2.829176527947666,1.3731712166494208,1.9523925901814527,2.4548857633669354,Medium - High (20-40%),Low - Medium (5-25%),Low - Medium (0.25-0.50),Medium - High (0.66-1.00)
India,Telangana,544.183687104,2.829176527947666,1.3731712166494208,1.9523925901814527,2.4548857633669354,Medium - High (20-40%),Low - Medium (5-25%),Low - Medium (0.25-0.50),Medium - High (0.66-1.00)
India,Maharashtra,24.3412793922,0.0,0.0336677240580305,1.5841963713183285,2.5202961855937724,Low (<10%),Low (<5%),Low - Medium (0.25-0.50),Medium - High (0.66-1.00)
India,Maharashtra,2078.8782926,0.0,0.0336677240580305,1.5841963713183285,2.5202961855937724,Low (<10%),Low (<5%),Low - Medium (0.25-0.50),Medium - High (0.66-1.00)
India,Telangana,717.552182756,0.0,0.0336677240580305,1.5841963713183285,2.5202961855937724,Low (<10%),Low (<5%),Low - Medium (0.25-0.50),Medium - High (0.66-1.00)
India,Madhya Pradesh,23331.9923579,4.0859300641078224,2.4022061636603533,1.4428070486001574,2.024908893024486,Extremely High (>80%),Medium - High (25-50%),Low - Medium (0.25-0.50),Medium - High (0.66-1.00)
India,Madhya Pradesh,42.7868335939,4.0859300641078224,2.4022061636603533,1.4428070486001574,2.024908893024486,Extremely High (>80%),Medium - High (25-50%),Low - Medium (0.25-0.50),Medium - High (0.66-1.00)
India,Maharashtra,3461.71129733,4.0859300641078224,2.4022061636603533,1.4428070486001574,2.024908893024486,Extremely High (>80%),Medium - High (25-50%),Low - Medium (0.25-0.50),Medium - High (0.66-1.00)
India,Maharashtra,21144.2409711,4.0859300641078224,2.4022061636603533,1.4428070486001574,2.024908893024486,Extremely High (>80%),Medium - High (25-50%),Low - Medium (0.25-0.50),Medium - High (0.66-1.00)
India,Maharashtra,2221.97490148,4.0859300641078224,2.4022061636603533,1.4428070486001574,2.024908893024486,Extremely High (>80%),Medium - High (25-50%),Low - Medium (0.25-0.50),Medium - High (0.66-1.00)
India,Maharashtra,528.4227783,4.0859300641078224,2.4022061636603533,1.4428070486001574,2.024908893024486,Extremely High (>80%),Medium - High (25-50%),Low - Medium (0.25-0.50),Medium - High (0.66-1.00)
India,Chhattisgarh,301.125808123,4.0859300641078224,2.4022061636603533,1.4428070486001574,2.024908893024486,Extremely High (>80%),Medium - High (25-50%),Low - Medium (0.25-0.50),Medium - High (0.66-1.00)
India,Chhattisgarh,657.643891549,4.0859300641078224,2.4022061636603533,1.4428070486001574,2.024908893024486,Extremely High (>80%),Medium - High (25-50%),Low - Medium (0.25-0.50),Medium - High (0.66-1.00)
India,Maharashtra,1381.28665851,2.2860601284994324,1.1479630283300637,2.9485405488711875,3.03834088395542,Medium - High (20-40%),Low - Medium (5-25%),Medium - High (0.50-0.75),High (1.00-1.33)
India,Maharashtra,1487.41099087,2.2860601284994324,1.1479630283300637,2.9485405488711875,3.03834088395542,Medium - High (20-40%),Low - Medium (5-25%),Medium - High (0.50-0.75),High (1.00-1.33)
India,Maharashtra,353.507227671,2.2860601284994324,1.1479630283300637,2.9485405488711875,3.03834088395542,Medium - High (20-40%),Low - Medium (5-25%),Medium - High (0.50-0.75),High (1.00-1.33)
India,Telangana,4.15039569091,2.2860601284994324,1.1479630283300637,2.9485405488711875,3.03834088395542,Medium - High (20-40%),Low - Medium (5-25%),Medium - High (0.50-0.75),High (1.00-1.33)
India,Telangana,37.101868144,2.2860601284994324,1.1479630283300637,2.9485405488711875,3.03834088395542,Medium - High (20-40%),Low - Medium (5-25%),Medium - High (0.50-0.75),High (1.00-1.33)
India,Telangana,1.37105995071,2.2860601284994324,1.1479630283300637,2.9485405488711875,3.03834088395542,Medium - High (20-40%),Low - Medium (5-25%),Medium - High (0.50-0.75),High (1.00-1.33)
India,Telangana,322.5254117,2.2860601284994324,1.1479630283300637,2.9485405488711875,3.03834088395542,Medium - High (20-40%),Low - Medium (5-25%),Medium - High (0.50-0.75),High (1.00-1.33)
India,Madhya Pradesh,1367.47809883,4.744079755198271,2.955668118293004,2.8730889514983766,2.779414127560417,Extremely High (>80%),Medium - High (25-50%),Medium - High (0.50-0.75),Medium - High (0.66-1.00)
India,Maharashtra,19167.6892719,4.744079755198271,2.955668118293004,2.8730889514983766,2.779414127560417,Extremely High (>80%),Medium - High (25-50%),Medium - High (0.50-0.75),Medium - High (0.66-1.00)
India,Maharashtra,20.874514814,4.744079755198271,2.955668118293004,2.8730889514983766,2.779414127560417,Extremely High (>80%),Medium - High (25-50%),Medium - High (0.50-0.75),Medium - High (0.66-1.00)
India,Maharashtra,4376.59828507,2.3585388269492613,1.2117839010664735,3.289681753835876,3.244741139109641,Medium - High (20-40%),Low - Medium (5-25%),High (0.75-1.00),High (1.00-1.33)
India,Telangana,1647.71391387,2.3585388269492613,1.2117839010664735,3.289681753835876,3.244741139109641,Medium - High (20-40%),Low - Medium (5-25%),High (0.75-1.00),High (1.00-1.33)
India,Maharashtra,4623.70491133,3.690863387267615,2.009582484404571,4.582780682718158,3.2448920072349705,High (40-80%),Medium - High (25-50%),Extremely High (>1.00),High (1.00-1.33)
India,Maharashtra,13308.4988809,5.0,2.920274532032332,4.633507532569105,3.204854752654765,Extremely High (>80%),Medium - High (25-50%),Extremely High (>1.00),High (1.00-1.33)
India,Telangana,44.8151243103,5.0,2.920274532032332,4.633507532569105,3.204854752654765,Extremely High (>80%),Medium - High (25-50%),Extremely High (>1.00),High (1.00-1.33)
India,Maharashtra,2.98697795007,0.0,0.0251051515882017,1.76698917049261,2.4815453526754983,Low (<10%),Low (<5%),Low - Medium (0.25-0.50),Medium - High (0.66-1.00)
India,Telangana,635.908330066,0.0,0.0251051515882017,1.76698917049261,2.4815453526754983,Low (<10%),Low (<5%),Low - Medium (0.25-0.50),Medium - High (0.66-1.00)
India,Telangana,88.939132291,0.0,0.0251051515882017,1.76698917049261,2.4815453526754983,Low (<10%),Low (<5%),Low - Medium (0.25-0.50),Medium - High (0.66-1.00)
India,Telangana,67.1382239343,0.0,0.0251051515882017,1.76698917049261,2.4815453526754983,Low (<10%),Low (<5%),Low - Medium (0.25-0.50),Medium - High (0.66-1.00)
India,Telangana,9451.85385546,5.0,5.0,2.242507976445539,1.4872187338883147,Extremely High (>80%),Extremely High (>75%),Medium - High (0.50-0.75),Low - Medium (0.33-0.66)
India,Telangana,3650.57553825,5.0,5.0,2.242507976445539,1.4872187338883147,Extremely High (>80%),Extremely High (>75%),Medium - High (0.50-0.75),Low - Medium (0.33-0.66)
India,Telangana,65.9638818892,5.0,5.0,2.242507976445539,1.4872187338883147,Extremely High (>80%),Extremely High (>75%),Medium - High (0.50-0.75),Low - Medium (0.33-0.66)
India,Telangana,540.353913303,3.7263968227205657,2.24143123623043,3.193991582160998,2.501129386377952,High (40-80%),Medium - High (25-50%),High (0.75-1.00),Medium - High (0.66-1.00)
India,Telangana,4455.88210679,3.7263968227205657,2.24143123623043,3.193991582160998,2.501129386377952,High (40-80%),Medium - High (25-50%),High (0.75-1.00),Medium - High (0.66-1.00)
India,Maharashtra,4.80251004948,3.8537278863570665,1.932753953282672,2.530933657702049,2.236514821374165,High (40-80%),Low - Medium (5-25%),Medium - High (0.50-0.75),Medium - High (0.66-1.00)
India,Telangana,2717.25963638,3.8537278863570665,1.932753953282672,2.530933657702049,2.236514821374165,High (40-80%),Low - Medium (5-25%),Medium - High (0.50-0.75),Medium - High (0.66-1.00)
India,Telangana,2159.34934672,3.709941103431444,2.0027404115484155,3.6281778465157215,2.768592633571707,High (40-80%),Medium - High (25-50%),High (0.75-1.00),Medium - High (0.66-1.00)
India,Telangana,1663.13055178,5.0,5.0,2.5599576515067413,1.980670350291473,Extremely High (>80%),Extremely High (>75%),Medium - High (0.50-0.75),Low - Medium (0.33-0.66)
India,Maharashtra,230.139469686,1.4590319147255149,1.0262044654223508,3.55688556044164,2.9151315034478817,Low - Medium (10-20%),Low - Medium (5-25%),High (0.75-1.00),Medium - High (0.66-1.00)
India,Telangana,1307.52454501,1.4590319147255149,1.0262044654223508,3.55688556044164,2.9151315034478817,Low - Medium (10-20%),Low - Medium (5-25%),High (0.75-1.00),Medium - High (0.66-1.00)
India,Maharashtra,556.529168332,3.78650278514369,2.930781043211536,5.0,3.576373506038369,High (40-80%),Medium - High (25-50%),Extremely High (>1.00),High (1.00-1.33)
India,Telangana,982.14796306,3.78650278514369,2.930781043211536,5.0,3.576373506038369,High (40-80%),Medium - High (25-50%),Extremely High (>1.00),High (1.00-1.33)
India,Maharashtra,65.9041535799,2.2665050159954165,1.280567820043052,3.517208321663957,2.9197248804307248,Medium - High (20-40%),Low - Medium (5-25%),High (0.75-1.00),Medium - High (0.66-1.00)
India,Telangana,1461.86206427,2.2665050159954165,1.280567820043052,3.517208321663957,2.9197248804307248,Medium - High (20-40%),Low - Medium (5-25%),High (0.75-1.00),Medium - High (0.66-1.00)
India,Maharashtra,190.036203512,2.9471202870447497,1.744946275407548,3.418660268126473,2.891796715660856,Medium - High (20-40%),Low - Medium (5-25%),High (0.75-1.00),Medium - High (0.66-1.00)
India,Telangana,841.463970114,2.9471202870447497,1.744946275407548,3.418660268126473,2.891796715660856,Medium - High (20-40%),Low - Medium (5-25%),High (0.75-1.00),Medium - High (0.66-1.00)
India,Maharashtra,2575.36523036,5.0,4.558669202260719,5.0,2.817126753317441,Extremely High (>80%),Extremely High (>75%),Extremely High (>1.00),Medium - High (0.66-1.00)
India,Telangana,0.01787309456,5.0,4.558669202260719,5.0,2.817126753317441,Extremely High (>80%),Extremely High (>75%),Extremely High (>1.00),Medium - High (0.66-1.00)
India,Maharashtra,51.6861640861,0.2083988403596963,0.4262715796382688,5.0,3.0191613968882045,Low (<10%),Low (<5%),Extremely High (>1.00),High (1.00-1.33)
India,Telangana,17.9499844739,0.2083988403596963,0.4262715796382688,5.0,3.0191613968882045,Low (<10%),Low (<5%),Extremely High (>1.00),High (1.00-1.33)
India,Karnataka,219.299037175,5.0,4.720996881257493,5.0,2.832953437770698,Extremely High (>80%),Extremely High (>75%),Extremely High (>1.00),Medium - High (0.66-1.00)
India,Maharashtra,1775.72181822,5.0,4.720996881257493,5.0,2.832953437770698,Extremely High (>80%),Extremely High (>75%),Extremely High (>1.00),Medium - High (0.66-1.00)
India,Telangana,94.9913132905,5.0,4.720996881257493,5.0,2.832953437770698,Extremely High (>80%),Extremely High (>75%),Extremely High (>1.00),Medium - High (0.66-1.00)
India,Karnataka,1797.24218173,5.0,5.0,3.3559410039681885,1.9850747556940007,Extremely High (>80%),Extremely High (>75%),High (0.75-1.00),Low - Medium (0.33-0.66)
India,Maharashtra,751.819933128,5.0,5.0,3.3559410039681885,1.9850747556940007,Extremely High (>80%),Extremely High (>75%),High (0.75-1.00),Low - Medium (0.33-0.66)
India,Telangana,9599.98089478,5.0,5.0,3.3559410039681885,1.9850747556940007,Extremely High (>80%),Extremely High (>75%),High (0.75-1.00),Low - Medium (0.33-0.66)
India,Karnataka,2316.25498725,5.0,4.220369617860193,4.382801679341703,1.8573490205999783,Extremely High (>80%),Extremely High (>75%),Extremely High (>1.00),Low - Medium (0.33-0.66)
India,Maharashtra,17.063149632,5.0,4.220369617860193,4.382801679341703,1.8573490205999783,Extremely High (>80%),Extremely High (>75%),Extremely High (>1.00),Low - Medium (0.33-0.66)
India,Telangana,580.55867171,5.0,4.220369617860193,4.382801679341703,1.8573490205999783,Extremely High (>80%),Extremely High (>75%),Extremely High (>1.00),Low - Medium (0.33-0.66)
India,Karnataka,176.007185442,1.794591045239273,1.069227653120226,5.0,2.9863913590929894,Low - Medium (10-20%),Low - Medium (5-25%),Extremely High (>1.00),Medium - High (0.66-1.00)
India,Maharashtra,26.3501872969,1.794591045239273,1.069227653120226,5.0,2.9863913590929894,Low - Medium (10-20%),Low - Medium (5-25%),Extremely High (>1.00),Medium - High (0.66-1.00)
India,Karnataka,12.7148470684,5.0,3.790921981721752,4.158567614775631,2.212550040320635,Extremely High (>80%),High (50-75%),Extremely High (>1.00),Medium - High (0.66-1.00)
India,Maharashtra,3134.14724796,5.0,3.790921981721752,4.158567614775631,2.212550040320635,Extremely High (>80%),High (50-75%),Extremely High (>1.00),Medium - High (0.66-1.00)
India,Karnataka,50.4821169009,5.0,3.860889145565265,3.5537043738989587,1.8910586335131483,Extremely High (>80%),High (50-75%),High (0.75-1.00),Low - Medium (0.33-0.66)
India,Maharashtra,6835.45217185,5.0,3.860889145565265,3.5537043738989587,1.8910586335131483,Extremely High (>80%),High (50-75%),High (0.75-1.00),Low - Medium (0.33-0.66)
India,Maharashtra,0.39926380955,5.0,3.860889145565265,3.5537043738989587,1.8910586335131483,Extremely High (>80%),High (50-75%),High (0.75-1.00),Low - Medium (0.33-0.66)
India,Maharashtra,4549.36451242,2.45375633673138,1.1583704138133857,3.0753232576073497,2.831430117830916,Medium - High (20-40%),Low - Medium (5-25%),High (0.75-1.00),Medium - High (0.66-1.00)
India,Telangana,5.2286348636,2.45375633673138,1.1583704138133857,3.0753232576073497,2.831430117830916,Medium - High (20-40%),Low - Medium (5-25%),High (0.75-1.00),Medium - High (0.66-1.00)
India,Maharashtra,15914.6732816,5.0,5.0,4.086427498393806,2.8319385248657905,Extremely High (>80%),Extremely High (>75%),Extremely High (>1.00),Medium - High (0.66-1.00)
India,Maharashtra,4672.4046107,3.7599387497537338,1.4019421488100614,2.7614459700697664,2.719561387728905,High (40-80%),Low - Medium (5-25%),Medium - High (0.50-0.75),Medium - High (0.66-1.00)
India,Maharashtra,4038.77349139,5.0,3.4295709567769004,5.0,2.6921736118832733,Extremely High (>80%),High (50-75%),Extremely High (>1.00),Medium - High (0.66-1.00)
India,Maharashtra,7477.62402634,3.652528603167359,1.3858321639043747,3.138247955904396,2.641642254910024,High (40-80%),Low - Medium (5-25%),High (0.75-1.00),Medium - High (0.66-1.00)
India,Maharashtra,2648.59323178,5.0,5.0,3.833518866186379,2.605634687650105,Extremely High (>80%),Extremely High (>75%),High (0.75-1.00),Medium - High (0.66-1.00)
India,Maharashtra,301.608327489,2.1138611015870588,1.1444869606175887,2.433528235973438,2.7832038222018705,Medium - High (20-40%),Low - Medium (5-25%),Medium - High (0.50-0.75),Medium - High (0.66-1.00)
India,Maharashtra,6344.69670547,4.601555487114826,1.8216433788133768,2.3707034126879094,2.6965825147518925,Extremely High (>80%),Low - Medium (5-25%),Medium - High (0.50-0.75),Medium - High (0.66-1.00)
India,Maharashtra,25.1294435653,4.601555487114826,1.8216433788133768,2.3707034126879094,2.6965825147518925,Extremely High (>80%),Low - Medium (5-25%),Medium - High (0.50-0.75),Medium - High (0.66-1.00)
India,Maharashtra,9515.25451299,5.0,3.552036914535789,1.814318766069047,2.394302363152729,Extremely High (>80%),High (50-75%),Low - Medium (0.25-0.50),Medium - High (0.66-1.00)
India,Maharashtra,173.530294038,5.0,3.552036914535789,1.814318766069047,2.394302363152729,Extremely High (>80%),High (50-75%),Low - Medium (0.25-0.50),Medium - High (0.66-1.00)
India,Andhra Pradesh,2679.0722511,4.504061825776995,2.8898828604284805,1.1834958681233427,2.08064008915772,Extremely High (>80%),Medium - High (25-50%),Low - Medium (0.25-0.50),Medium - High (0.66-1.00)
India,Andhra Pradesh,163.750434432,4.504061825776995,2.8898828604284805,1.1834958681233427,2.08064008915772,Extremely High (>80%),Medium - High (25-50%),Low - Medium (0.25-0.50),Medium - High (0.66-1.00)
India,Andhra Pradesh,9640.63301468,4.504061825776995,2.8898828604284805,1.1834958681233427,2.08064008915772,Extremely High (>80%),Medium - High (25-50%),Low - Medium (0.25-0.50),Medium - High (0.66-1.00)
India,Andhra Pradesh,315.819890105,4.504061825776995,2.8898828604284805,1.1834958681233427,2.08064008915772,Extremely High (>80%),Medium - High (25-50%),Low - Medium (0.25-0.50),Medium - High (0.66-1.00)
India,Puducherry,5.83608925602,4.504061825776995,2.8898828604284805,1.1834958681233427,2.08064008915772,Extremely High (>80%),Medium - High (25-50%),Low - Medium (0.25-0.50),Medium - High (0.66-1.00)
India,Telangana,575.94078594,4.504061825776995,2.8898828604284805,1.1834958681233427,2.08064008915772,Extremely High (>80%),Medium - High (25-50%),Low - Medium (0.25-0.50),Medium - High (0.66-1.00)
India,Telangana,30.6674736146,4.504061825776995,2.8898828604284805,1.1834958681233427,2.08064008915772,Extremely High (>80%),Medium - High (25-50%),Low - Medium (0.25-0.50),Medium - High (0.66-1.00)
India,Telangana,204.117616447,4.504061825776995,2.8898828604284805,1.1834958681233427,2.08064008915772,Extremely High (>80%),Medium - High (25-50%),Low - Medium (0.25-0.50),Medium - High (0.66-1.00)
India,Andhra Pradesh,5860.87997715,3.998598686018819,2.515587333220835,1.236893372499796,1.9922143687141445,High (40-80%),Medium - High (25-50%),Low - Medium (0.25-0.50),Low - Medium (0.33-0.66)
India,Andhra Pradesh,1840.3127514,3.998598686018819,2.515587333220835,1.236893372499796,1.9922143687141445,High (40-80%),Medium - High (25-50%),Low - Medium (0.25-0.50),Low - Medium (0.33-0.66)
India,Andhra Pradesh,69.4377586372,3.998598686018819,2.515587333220835,1.236893372499796,1.9922143687141445,High (40-80%),Medium - High (25-50%),Low - Medium (0.25-0.50),Low - Medium (0.33-0.66)
India,Telangana,3790.11280425,3.998598686018819,2.515587333220835,1.236893372499796,1.9922143687141445,High (40-80%),Medium - High (25-50%),Low - Medium (0.25-0.50),Low - Medium (0.33-0.66)
India,Telangana,9117.50426353,3.998598686018819,2.515587333220835,1.236893372499796,1.9922143687141445,High (40-80%),Medium - High (25-50%),Low - Medium (0.25-0.50),Low - Medium (0.33-0.66)
India,Telangana,356.785578099,3.998598686018819,2.515587333220835,1.236893372499796,1.9922143687141445,High (40-80%),Medium - High (25-50%),Low - Medium (0.25-0.50),Low - Medium (0.33-0.66)
India,Telangana,11353.2140101,5.0,5.0,1.8171789496455992,0.9363685858088564,Extremely High (>80%),Extremely High (>75%),Low - Medium (0.25-0.50),Low (<0.33)
India,Andhra Pradesh,4152.61579584,5.0,5.0,5.0,2.045057437689147,Extremely High (>80%),Extremely High (>75%),Extremely High (>1.00),Medium - High (0.66-1.00)
India,Telangana,15581.3718415,5.0,5.0,5.0,2.045057437689147,Extremely High (>80%),Extremely High (>75%),Extremely High (>1.00),Medium - High (0.66-1.00)
India,Andhra Pradesh,0.04122342827,0.0,0.0342236094096285,1.4671427255189642,2.547759841939839,Low (<10%),Low (<5%),Low - Medium (0.25-0.50),Medium - High (0.66-1.00)
India,Andhra Pradesh,338.933459669,0.0,0.0342236094096285,1.4671427255189642,2.547759841939839,Low (<10%),Low (<5%),Low - Medium (0.25-0.50),Medium - High (0.66-1.00)
India,Telangana,108.657116488,0.0,0.0342236094096285,1.4671427255189642,2.547759841939839,Low (<10%),Low (<5%),Low - Medium (0.25-0.50),Medium - High (0.66-1.00)
India,Andhra Pradesh,3402.7523587,0.0,0.5557661433455299,1.11553003775913,2.018747409227592,Low (<10%),Low (<5%),Low - Medium (0.25-0.50),Medium - High (0.66-1.00)
India,Andhra Pradesh,133.113467952,0.0,0.5557661433455299,1.11553003775913,2.018747409227592,Low (<10%),Low (<5%),Low - Medium (0.25-0.50),Medium - High (0.66-1.00)
India,Karnataka,5315.24306068,3.608214833527451,2.0252377246237705,1.084197198344395,1.845768434434388,High (40-80%),Medium - High (25-50%),Low - Medium (0.25-0.50),Low - Medium (0.33-0.66)
India,Karnataka,208.227242949,3.608214833527451,2.0252377246237705,1.084197198344395,1.845768434434388,High (40-80%),Medium - High (25-50%),Low - Medium (0.25-0.50),Low - Medium (0.33-0.66)
India,Andhra Pradesh,2954.4413727,3.608214833527451,2.0252377246237705,1.084197198344395,1.845768434434388,High (40-80%),Medium - High (25-50%),Low - Medium (0.25-0.50),Low - Medium (0.33-0.66)
India,Andhra Pradesh,40.1071437958,3.608214833527451,2.0252377246237705,1.084197198344395,1.845768434434388,High (40-80%),Medium - High (25-50%),Low - Medium (0.25-0.50),Low - Medium (0.33-0.66)
India,Telangana,847.914373798,3.608214833527451,2.0252377246237705,1.084197198344395,1.845768434434388,High (40-80%),Medium - High (25-50%),Low - Medium (0.25-0.50),Low - Medium (0.33-0.66)
India,Telangana,485.833059928,3.608214833527451,2.0252377246237705,1.084197198344395,1.845768434434388,High (40-80%),Medium - High (25-50%),Low - Medium (0.25-0.50),Low - Medium (0.33-0.66)
India,Karnataka,8573.47523125,3.640543172604638,2.0129392352818654,1.0947190899601582,1.8405282231780973,High (40-80%),Medium - High (25-50%),Low - Medium (0.25-0.50),Low - Medium (0.33-0.66)
India,Karnataka,9589.65304468,3.640543172604638,2.0129392352818654,1.0947190899601582,1.8405282231780973,High (40-80%),Medium - High (25-50%),Low - Medium (0.25-0.50),Low - Medium (0.33-0.66)
India,Karnataka,112.45857441,3.640543172604638,2.0129392352818654,1.0947190899601582,1.8405282231780973,High (40-80%),Medium - High (25-50%),Low - Medium (0.25-0.50),Low - Medium (0.33-0.66)
India,Andhra Pradesh,4785.8860937,3.640543172604638,2.0129392352818654,1.0947190899601582,1.8405282231780973,High (40-80%),Medium - High (25-50%),Low - Medium (0.25-0.50),Low - Medium (0.33-0.66)
India,Andhra Pradesh,543.732933429,3.640543172604638,2.0129392352818654,1.0947190899601582,1.8405282231780973,High (40-80%),Medium - High (25-50%),Low - Medium (0.25-0.50),Low - Medium (0.33-0.66)
India,Karnataka,5639.79457188,2.6082727889115347,1.2846073385205286,1.083493858301683,1.7468438400289523,Medium - High (20-40%),Low - Medium (5-25%),Low - Medium (0.25-0.50),Low - Medium (0.33-0.66)
India,Andhra Pradesh,1.32009502605,2.6082727889115347,1.2846073385205286,1.083493858301683,1.7468438400289523,Medium - High (20-40%),Low - Medium (5-25%),Low - Medium (0.25-0.50),Low - Medium (0.33-0.66)
India,Karnataka,3058.39380225,0.0,0.1325640406094427,1.14978819265325,1.803282476901613,Low (<10%),Low (<5%),Low - Medium (0.25-0.50),Low - Medium (0.33-0.66)
India,Karnataka,3972.02558828,2.0372058336773087,1.0935210007687346,1.1126872188038888,1.72912529021469,Medium - High (20-40%),Low - Medium (5-25%),Low - Medium (0.25-0.50),Low - Medium (0.33-0.66)
India,Karnataka,1258.74875161,2.0372058336773087,1.0935210007687346,1.1126872188038888,1.72912529021469,Medium - High (20-40%),Low - Medium (5-25%),Low - Medium (0.25-0.50),Low - Medium (0.33-0.66)
India,Karnataka,1165.59514649,4.382524038801737,2.4013695532121906,1.3029545069971942,2.098928921292394,Extremely High (>80%),Medium - High (25-50%),Low - Medium (0.25-0.50),Medium - High (0.66-1.00)
India,Karnataka,4075.78254424,4.382524038801737,2.4013695532121906,1.3029545069971942,2.098928921292394,Extremely High (>80%),Medium - High (25-50%),Low - Medium (0.25-0.50),Medium - High (0.66-1.00)
India,Karnataka,760.183988767,3.856908112837728,1.9322096021310493,1.0999663231030887,1.6879439057741363,High (40-80%),Low - Medium (5-25%),Low - Medium (0.25-0.50),Low - Medium (0.33-0.66)
India,Karnataka,7076.90078952,3.856908112837728,1.9322096021310493,1.0999663231030887,1.6879439057741363,High (40-80%),Low - Medium (5-25%),Low - Medium (0.25-0.50),Low - Medium (0.33-0.66)
India,Karnataka,7003.788145,3.856908112837728,1.9322096021310493,1.0999663231030887,1.6879439057741363,High (40-80%),Low - Medium (5-25%),Low - Medium (0.25-0.50),Low - Medium (0.33-0.66)
India,Karnataka,1372.10517343,0.0,0.250423688339728,1.5766805781625517,2.584457209079124,Low (<10%),Low (<5%),Low - Medium (0.25-0.50),Medium - High (0.66-1.00)
India,Telangana,0.29178930099,0.0,0.250423688339728,1.5766805781625517,2.584457209079124,Low (<10%),Low (<5%),Low - Medium (0.25-0.50),Medium - High (0.66-1.00)
India,Telangana,7830.17000145,0.0,0.250423688339728,1.5766805781625517,2.584457209079124,Low (<10%),Low (<5%),Low - Medium (0.25-0.50),Medium - High (0.66-1.00)
India,Karnataka,113.446948441,0.4373592671702356,0.5313741908785279,1.445248454601065,2.7282746922897365,Low (<10%),Low (<5%),Low - Medium (0.25-0.50),Medium - High (0.66-1.00)
India,Karnataka,4343.41032976,0.4373592671702356,0.5313741908785279,1.445248454601065,2.7282746922897365,Low (<10%),Low (<5%),Low - Medium (0.25-0.50),Medium - High (0.66-1.00)
India,Telangana,0.38887491388,0.4373592671702356,0.5313741908785279,1.445248454601065,2.7282746922897365,Low (<10%),Low (<5%),Low - Medium (0.25-0.50),Medium - High (0.66-1.00)
India,Karnataka,3314.2595754,5.0,4.70976493052436,1.834399905914163,0.9611299044248488,Extremely High (>80%),Extremely High (>75%),Low - Medium (0.25-0.50),Low (<0.33)
India,Maharashtra,44.0101575227,5.0,4.70976493052436,1.834399905914163,0.9611299044248488,Extremely High (>80%),Extremely High (>75%),Low - Medium (0.25-0.50),Low (<0.33)
India,Karnataka,501.132464363,2.359453264116228,1.3795188497556043,1.5551879419106152,2.9405891430717324,Medium - High (20-40%),Low - Medium (5-25%),Low - Medium (0.25-0.50),Medium - High (0.66-1.00)
India,Karnataka,1386.08644286,2.359453264116228,1.3795188497556043,1.5551879419106152,2.9405891430717324,Medium - High (20-40%),Low - Medium (5-25%),Low - Medium (0.25-0.50),Medium - High (0.66-1.00)
India,Karnataka,134.872721696,5.0,4.242885297462992,0.9422750143914784,1.013729504458918,Extremely High (>80%),Extremely High (>75%),Low (<0.25),Low - Medium (0.33-0.66)
India,Karnataka,8972.41531881,5.0,4.242885297462992,0.9422750143914784,1.013729504458918,Extremely High (>80%),Extremely High (>75%),Low (<0.25),Low - Medium (0.33-0.66)
India,Karnataka,2459.72624821,5.0,4.242885297462992,0.9422750143914784,1.013729504458918,Extremely High (>80%),Extremely High (>75%),Low (<0.25),Low - Medium (0.33-0.66)
India,Maharashtra,1.29498991754,5.0,4.242885297462992,0.9422750143914784,1.013729504458918,Extremely High (>80%),Extremely High (>75%),Low (<0.25),Low - Medium (0.33-0.66)
India,Karnataka,1285.22319454,0.3366598190897373,0.4836878269175196,2.7662902959932008,2.783433354767931,Low (<10%),Low (<5%),Medium - High (0.50-0.75),Medium - High (0.66-1.00)
India,Karnataka,4302.40091162,5.0,3.374911352078474,1.303971130658709,2.551553513844553,Extremely High (>80%),High (50-75%),Low - Medium (0.25-0.50),Medium - High (0.66-1.00)
India,Karnataka,2465.11646086,5.0,3.374911352078474,1.303971130658709,2.551553513844553,Extremely High (>80%),High (50-75%),Low - Medium (0.25-0.50),Medium - High (0.66-1.00)
India,Maharashtra,1912.8902802,5.0,3.374911352078474,1.303971130658709,2.551553513844553,Extremely High (>80%),High (50-75%),Low - Medium (0.25-0.50),Medium - High (0.66-1.00)
India,Karnataka,5186.52930205,4.989342961053367,3.295397927726293,1.1333658237110995,2.734958222302544,Extremely High (>80%),High (50-75%),Low - Medium (0.25-0.50),Medium - High (0.66-1.00)
India,Karnataka,828.43155101,4.989342961053367,3.295397927726293,1.1333658237110995,2.734958222302544,Extremely High (>80%),High (50-75%),Low - Medium (0.25-0.50),Medium - High (0.66-1.00)
India,Maharashtra,4146.11229018,4.989342961053367,3.295397927726293,1.1333658237110995,2.734958222302544,Extremely High (>80%),High (50-75%),Low - Medium (0.25-0.50),Medium - High (0.66-1.00)
India,Maharashtra,8950.12674307,4.989342961053367,3.295397927726293,1.1333658237110995,2.734958222302544,Extremely High (>80%),High (50-75%),Low - Medium (0.25-0.50),Medium - High (0.66-1.00)
India,Maharashtra,3522.64230574,5.0,5.0,1.4092497037302432,3.2420758162331813,Extremely High (>80%),Extremely High (>75%),Low - Medium (0.25-0.50),High (1.00-1.33)
India,Maharashtra,1895.56904147,2.122243434144523,1.1932383291591957,0.9438254800000554,2.698995727223599,Medium - High (20-40%),Low - Medium (5-25%),Low (<0.25),Medium - High (0.66-1.00)
India,Karnataka,18476.5518846,3.942638891349195,2.167728752636898,1.4303085225936418,2.811883540438901,High (40-80%),Medium - High (25-50%),Low - Medium (0.25-0.50),Medium - High (0.66-1.00)
India,Maharashtra,3747.53158951,3.942638891349195,2.167728752636898,1.4303085225936418,2.811883540438901,High (40-80%),Medium - High (25-50%),Low - Medium (0.25-0.50),Medium - High (0.66-1.00)
India,Telangana,2527.0566018,3.942638891349195,2.167728752636898,1.4303085225936418,2.811883540438901,High (40-80%),Medium - High (25-50%),Low - Medium (0.25-0.50),Medium - High (0.66-1.00)
India,Maharashtra,8012.60818805,4.980337211458402,3.2319507559427665,2.562999698908124,2.348172829432675,Extremely High (>80%),High (50-75%),Medium - High (0.50-0.75),Medium - High (0.66-1.00)
India,Maharashtra,4419.36556694,4.980337211458402,3.2319507559427665,2.562999698908124,2.348172829432675,Extremely High (>80%),High (50-75%),Medium - High (0.50-0.75),Medium - High (0.66-1.00)
India,Karnataka,945.583912262,2.586878841603524,1.4058715996022215,1.916539749452127,2.568032418558178,Medium - High (20-40%),Low - Medium (5-25%),Low - Medium (0.25-0.50),Medium - High (0.66-1.00)
India,Maharashtra,2711.28243058,2.586878841603524,1.4058715996022215,1.916539749452127,2.568032418558178,Medium - High (20-40%),Low - Medium (5-25%),Low - Medium (0.25-0.50),Medium - High (0.66-1.00)
India,Maharashtra,4781.72142839,5.0,5.0,3.4677778267249173,1.7825200353322814,Extremely High (>80%),Extremely High (>75%),High (0.75-1.00),Low - Medium (0.33-0.66)
India,Maharashtra,1268.16517806,3.379080326065278,1.2427978440701015,1.855773196116448,2.607684551172821,High (40-80%),Low - Medium (5-25%),Low - Medium (0.25-0.50),Medium - High (0.66-1.00)
India,Maharashtra,1568.53431134,3.379080326065278,1.2427978440701015,1.855773196116448,2.607684551172821,High (40-80%),Low - Medium (5-25%),Low - Medium (0.25-0.50),Medium - High (0.66-1.00)
India,Maharashtra,3381.82969762,4.873286177685191,2.751046096981004,1.757229096173233,2.5625287610505207,Extremely High (>80%),Medium - High (25-50%),Low - Medium (0.25-0.50),Medium - High (0.66-1.00)
India,Maharashtra,2919.0560038,4.873286177685191,2.751046096981004,1.757229096173233,2.5625287610505207,Extremely High (>80%),Medium - High (25-50%),Low - Medium (0.25-0.50),Medium - High (0.66-1.00)
India,Maharashtra,616.806846725,4.873286177685191,2.751046096981004,1.757229096173233,2.5625287610505207,Extremely High (>80%),Medium - High (25-50%),Low - Medium (0.25-0.50),Medium - High (0.66-1.00)
India,Maharashtra,1279.68617947,3.401108725496884,1.3677348390296218,1.6720541576562844,2.707592097764231,High (40-80%),Low - Medium (5-25%),Low - Medium (0.25-0.50),Medium - High (0.66-1.00)
India,Maharashtra,2800.33652757,3.401108725496884,1.3677348390296218,1.6720541576562844,2.707592097764231,High (40-80%),Low - Medium (5-25%),Low - Medium (0.25-0.50),Medium - High (0.66-1.00)
India,Maharashtra,3776.43507677,5.0,5.0,1.970461591102239,2.351015862046319,Extremely High (>80%),Extremely High (>75%),Low - Medium (0.25-0.50),Medium - High (0.66-1.00)
India,Maharashtra,831.567406244,5.0,5.0,1.970461591102239,2.351015862046319,Extremely High (>80%),Extremely High (>75%),Low - Medium (0.25-0.50),Medium - High (0.66-1.00)
India,Maharashtra,637.04497457,3.5871926621530417,1.5362321307400748,1.599059488156358,3.0965536023645166,High (40-80%),Low - Medium (5-25%),Low - Medium (0.25-0.50),High (1.00-1.33)
India,Maharashtra,411.782188888,4.406159075800666,2.942068609501041,1.292442865007185,3.3448709697664523,Extremely High (>80%),Medium - High (25-50%),Low - Medium (0.25-0.50),High (1.00-1.33)
India,Maharashtra,2542.97320376,4.406159075800666,2.942068609501041,1.292442865007185,3.3448709697664523,Extremely High (>80%),Medium - High (25-50%),Low - Medium (0.25-0.50),High (1.00-1.33)
India,Maharashtra,888.155135769,5.0,5.0,1.4946548749034794,3.778948681386306,Extremely High (>80%),Extremely High (>75%),Low - Medium (0.25-0.50),High (1.00-1.33)
India,Maharashtra,2276.55211792,5.0,5.0,1.4946548749034794,3.778948681386306,Extremely High (>80%),Extremely High (>75%),Low - Medium (0.25-0.50),High (1.00-1.33)
India,Andhra Pradesh,1914.30924382,3.998598686018819,2.515587333220835,1.236893372499796,1.9922143687141445,High (40-80%),Medium - High (25-50%),Low - Medium (0.25-0.50),Low - Medium (0.33-0.66)
India,Andhra Pradesh,3911.51411051,3.998598686018819,2.515587333220835,1.236893372499796,1.9922143687141445,High (40-80%),Medium - High (25-50%),Low - Medium (0.25-0.50),Low - Medium (0.33-0.66)
India,Andhra Pradesh,130.203610234,3.998598686018819,2.515587333220835,1.236893372499796,1.9922143687141445,High (40-80%),Medium - High (25-50%),Low - Medium (0.25-0.50),Low - Medium (0.33-0.66)
India,Andhra Pradesh,7870.38347604,5.0,5.0,1.415921924729965,0.5823419682635924,Extremely High (>80%),Extremely High (>75%),Low - Medium (0.25-0.50),Low (<0.33)
India,Andhra Pradesh,962.162301087,5.0,5.0,1.415921924729965,0.5823419682635924,Extremely High (>80%),Extremely High (>75%),Low - Medium (0.25-0.50),Low (<0.33)
India,Andhra Pradesh,6.63192164758,5.0,5.0,1.415921924729965,0.5823419682635924,Extremely High (>80%),Extremely High (>75%),Low - Medium (0.25-0.50),Low (<0.33)
India,Andhra Pradesh,7306.85937787,4.904048884889633,3.4600895822640942,1.657000792090687,0.8686492603398477,Extremely High (>80%),High (50-75%),Low - Medium (0.25-0.50),Low (<0.33)
India,Andhra Pradesh,2912.43107229,4.904048884889633,3.4600895822640942,1.657000792090687,0.8686492603398477,Extremely High (>80%),High (50-75%),Low - Medium (0.25-0.50),Low (<0.33)
India,Andhra Pradesh,39.9256298134,4.904048884889633,3.4600895822640942,1.657000792090687,0.8686492603398477,Extremely High (>80%),High (50-75%),Low - Medium (0.25-0.50),Low (<0.33)
India,Andhra Pradesh,3702.72404788,3.7957351795335232,1.8451107070245487,1.8827556306011828,1.308038761257828,High (40-80%),Low - Medium (5-25%),Low - Medium (0.25-0.50),Low - Medium (0.33-0.66)
India,Andhra Pradesh,684.124360808,3.7957351795335232,1.8451107070245487,1.8827556306011828,1.308038761257828,High (40-80%),Low - Medium (5-25%),Low - Medium (0.25-0.50),Low - Medium (0.33-0.66)
India,Karnataka,10.1616748627,5.0,5.0,2.118216353841022,1.3620107811658968,Extremely High (>80%),Extremely High (>75%),Medium - High (0.50-0.75),Low - Medium (0.33-0.66)
India,Andhra Pradesh,8106.77882834,5.0,5.0,2.118216353841022,1.3620107811658968,Extremely High (>80%),Extremely High (>75%),Medium - High (0.50-0.75),Low - Medium (0.33-0.66)
India,Andhra Pradesh,5823.329382,3.301572809902804,1.7489787817971276,2.1617338356210345,1.6928249224008023,High (40-80%),Low - Medium (5-25%),Medium - High (0.50-0.75),Low - Medium (0.33-0.66)
India,Karnataka,1717.1521353,5.0,5.0,2.058078879899352,1.2511160567005444,Extremely High (>80%),Extremely High (>75%),Medium - High (0.50-0.75),Low - Medium (0.33-0.66)
India,Andhra Pradesh,5424.38444908,5.0,5.0,2.058078879899352,1.2511160567005444,Extremely High (>80%),Extremely High (>75%),Medium - High (0.50-0.75),Low - Medium (0.33-0.66)
India,Andhra Pradesh,504.343102844,5.0,5.0,2.2527734175699488,0.7924773657117976,Extremely High (>80%),Extremely High (>75%),Medium - High (0.50-0.75),Low (<0.33)
India,Andhra Pradesh,139.463203109,5.0,3.387526438436112,1.689786326339096,0.5888248875883071,Extremely High (>80%),High (50-75%),Low - Medium (0.25-0.50),Low (<0.33)
India,Andhra Pradesh,8284.83393125,5.0,3.387526438436112,1.689786326339096,0.5888248875883071,Extremely High (>80%),High (50-75%),Low - Medium (0.25-0.50),Low (<0.33)
India,Andhra Pradesh,892.369544695,2.515444526307701,1.3241470011852987,2.2732639874471974,1.7151642131145357,Medium - High (20-40%),Low - Medium (5-25%),Medium - High (0.50-0.75),Low - Medium (0.33-0.66)
India,Karnataka,886.753122014,5.0,5.0,2.848751679822707,2.4085993530099024,Extremely High (>80%),Extremely High (>75%),Medium - High (0.50-0.75),Medium - High (0.66-1.00)
India,Andhra Pradesh,5612.34254422,5.0,5.0,2.848751679822707,2.4085993530099024,Extremely High (>80%),Extremely High (>75%),Medium - High (0.50-0.75),Medium - High (0.66-1.00)
India,Karnataka,263.417593188,5.0,5.0,2.408245316080784,1.8118641867384788,Extremely High (>80%),Extremely High (>75%),Medium - High (0.50-0.75),Low - Medium (0.33-0.66)
India,Karnataka,3784.3006896,5.0,5.0,2.408245316080784,1.8118641867384788,Extremely High (>80%),Extremely High (>75%),Medium - High (0.50-0.75),Low - Medium (0.33-0.66)
India,Andhra Pradesh,4102.39806759,5.0,5.0,2.408245316080784,1.8118641867384788,Extremely High (>80%),Extremely High (>75%),Medium - High (0.50-0.75),Low - Medium (0.33-0.66)
India,Andhra Pradesh,5089.3607794,5.0,5.0,2.408245316080784,1.8118641867384788,Extremely High (>80%),Extremely High (>75%),Medium - High (0.50-0.75),Low - Medium (0.33-0.66)
India,Andhra Pradesh,8240.24839639,4.943346226421216,3.750355309227636,1.5484496845232525,1.0354133631277576,Extremely High (>80%),High (50-75%),Low - Medium (0.25-0.50),Low - Medium (0.33-0.66)
India,Andhra Pradesh,2763.84033081,4.943346226421216,3.750355309227636,1.5484496845232525,1.0354133631277576,Extremely High (>80%),High (50-75%),Low - Medium (0.25-0.50),Low - Medium (0.33-0.66)
India,Andhra Pradesh,154.836976337,4.943346226421216,3.750355309227636,1.5484496845232525,1.0354133631277576,Extremely High (>80%),High (50-75%),Low - Medium (0.25-0.50),Low - Medium (0.33-0.66)
India,Tamil Nadu,1365.84440315,4.943346226421216,3.750355309227636,1.5484496845232525,1.0354133631277576,Extremely High (>80%),High (50-75%),Low - Medium (0.25-0.50),Low - Medium (0.33-0.66)
India,Tamil Nadu,4741.43256724,4.943346226421216,3.750355309227636,1.5484496845232525,1.0354133631277576,Extremely High (>80%),High (50-75%),Low - Medium (0.25-0.50),Low - Medium (0.33-0.66)
India,Tamil Nadu,27.627574175,4.943346226421216,3.750355309227636,1.5484496845232525,1.0354133631277576,Extremely High (>80%),High (50-75%),Low - Medium (0.25-0.50),Low - Medium (0.33-0.66)
India,Karnataka,2823.19754293,4.6411227037596525,4.293224816499009,2.195884194153464,1.533954509909749,Extremely High (>80%),Extremely High (>75%),Medium - High (0.50-0.75),Low - Medium (0.33-0.66)
India,Andhra Pradesh,4988.06891203,4.6411227037596525,4.293224816499009,2.195884194153464,1.533954509909749,Extremely High (>80%),Extremely High (>75%),Medium - High (0.50-0.75),Low - Medium (0.33-0.66)
India,Tamil Nadu,8926.65976194,4.6411227037596525,4.293224816499009,2.195884194153464,1.533954509909749,Extremely High (>80%),Extremely High (>75%),Medium - High (0.50-0.75),Low - Medium (0.33-0.66)
India,Tamil Nadu,1296.93903611,4.6411227037596525,4.293224816499009,2.195884194153464,1.533954509909749,Extremely High (>80%),Extremely High (>75%),Medium - High (0.50-0.75),Low - Medium (0.33-0.66)
India,Puducherry,130.757497636,3.3771633013102265,2.4470885085059293,2.4182043252072125,2.208861689220935,High (40-80%),Medium - High (25-50%),Medium - High (0.50-0.75),Medium - High (0.66-1.00)
India,Puducherry,46.0452822745,3.3771633013102265,2.4470885085059293,2.4182043252072125,2.208861689220935,High (40-80%),Medium - High (25-50%),Medium - High (0.50-0.75),Medium - High (0.66-1.00)
India,Puducherry,0.25771412532,3.3771633013102265,2.4470885085059293,2.4182043252072125,2.208861689220935,High (40-80%),Medium - High (25-50%),Medium - High (0.50-0.75),Medium - High (0.66-1.00)
India,Tamil Nadu,4360.23870458,3.3771633013102265,2.4470885085059293,2.4182043252072125,2.208861689220935,High (40-80%),Medium - High (25-50%),Medium - High (0.50-0.75),Medium - High (0.66-1.00)
India,Tamil Nadu,271.204997248,3.3771633013102265,2.4470885085059293,2.4182043252072125,2.208861689220935,High (40-80%),Medium - High (25-50%),Medium - High (0.50-0.75),Medium - High (0.66-1.00)
India,Tamil Nadu,2.19555482479,3.3771633013102265,2.4470885085059293,2.4182043252072125,2.208861689220935,High (40-80%),Medium - High (25-50%),Medium - High (0.50-0.75),Medium - High (0.66-1.00)
India,Karnataka,1.42517412183,4.400663779311278,3.598080376825924,2.1617762218775822,1.675365392131196,Extremely High (>80%),High (50-75%),Medium - High (0.50-0.75),Low - Medium (0.33-0.66)
India,Karnataka,3768.94494308,4.400663779311278,3.598080376825924,2.1617762218775822,1.675365392131196,Extremely High (>80%),High (50-75%),Medium - High (0.50-0.75),Low - Medium (0.33-0.66)
India,Andhra Pradesh,158.940693097,4.400663779311278,3.598080376825924,2.1617762218775822,1.675365392131196,Extremely High (>80%),High (50-75%),Medium - High (0.50-0.75),Low - Medium (0.33-0.66)
India,Puducherry,16.0160295867,4.400663779311278,3.598080376825924,2.1617762218775822,1.675365392131196,Extremely High (>80%),High (50-75%),Medium - High (0.50-0.75),Low - Medium (0.33-0.66)
India,Puducherry,3.43312452194,4.400663779311278,3.598080376825924,2.1617762218775822,1.675365392131196,Extremely High (>80%),High (50-75%),Medium - High (0.50-0.75),Low - Medium (0.33-0.66)
India,Tamil Nadu,256.693818202,4.400663779311278,3.598080376825924,2.1617762218775822,1.675365392131196,Extremely High (>80%),High (50-75%),Medium - High (0.50-0.75),Low - Medium (0.33-0.66)
India,Tamil Nadu,9350.66173814,4.400663779311278,3.598080376825924,2.1617762218775822,1.675365392131196,Extremely High (>80%),High (50-75%),Medium - High (0.50-0.75),Low - Medium (0.33-0.66)
India,Tamil Nadu,290.099365113,4.400663779311278,3.598080376825924,2.1617762218775822,1.675365392131196,Extremely High (>80%),High (50-75%),Medium - High (0.50-0.75),Low - Medium (0.33-0.66)
India,Tamil Nadu,1.07089393159,4.400663779311278,3.598080376825924,2.1617762218775822,1.675365392131196,Extremely High (>80%),High (50-75%),Medium - High (0.50-0.75),Low - Medium (0.33-0.66)
India,Tamil Nadu,8031.22553126,5.0,5.0,2.7295436005035585,2.601774881027838,Extremely High (>80%),Extremely High (>75%),Medium - High (0.50-0.75),Medium - High (0.66-1.00)
India,Tamil Nadu,1761.25816908,5.0,5.0,2.7295436005035585,2.601774881027838,Extremely High (>80%),Extremely High (>75%),Medium - High (0.50-0.75),Medium - High (0.66-1.00)
India,Tamil Nadu,46.1132071776,5.0,5.0,2.7295436005035585,2.601774881027838,Extremely High (>80%),Extremely High (>75%),Medium - High (0.50-0.75),Medium - High (0.66-1.00)
India,Tamil Nadu,7960.61959613,2.387289319303638,1.4604839252932562,1.1776553229055011,1.4504152567100637,Medium - High (20-40%),Low - Medium (5-25%),Low - Medium (0.25-0.50),Low - Medium (0.33-0.66)
India,Tamil Nadu,2294.37955506,2.387289319303638,1.4604839252932562,1.1776553229055011,1.4504152567100637,Medium - High (20-40%),Low - Medium (5-25%),Low - Medium (0.25-0.50),Low - Medium (0.33-0.66)
India,Tamil Nadu,1.97935904078,2.387289319303638,1.4604839252932562,1.1776553229055011,1.4504152567100637,Medium - High (20-40%),Low - Medium (5-25%),Low - Medium (0.25-0.50),Low - Medium (0.33-0.66)
India,Kerala,331.249537625,5.0,4.098931651274587,1.3832628980241102,0.7810164267640846,Extremely High (>80%),Extremely High (>75%),Low - Medium (0.25-0.50),Low (<0.33)
India,Tamil Nadu,702.691317247,5.0,4.098931651274587,1.3832628980241102,0.7810164267640846,Extremely High (>80%),Extremely High (>75%),Low - Medium (0.25-0.50),Low (<0.33)
India,Tamil Nadu,8041.1874706,5.0,4.098931651274587,1.3832628980241102,0.7810164267640846,Extremely High (>80%),Extremely High (>75%),Low - Medium (0.25-0.50),Low (<0.33)
India,Kerala,8.97766688273,2.0668401546321604,1.1785905483627772,0.989965123598598,1.2807482082920394,Medium - High (20-40%),Low - Medium (5-25%),Low (<0.25),Low - Medium (0.33-0.66)
India,Kerala,3.46611701598,2.0668401546321604,1.1785905483627772,0.989965123598598,1.2807482082920394,Medium - High (20-40%),Low - Medium (5-25%),Low (<0.25),Low - Medium (0.33-0.66)
India,Tamil Nadu,5207.26614499,2.0668401546321604,1.1785905483627772,0.989965123598598,1.2807482082920394,Medium - High (20-40%),Low - Medium (5-25%),Low (<0.25),Low - Medium (0.33-0.66)
India,Tamil Nadu,2421.73902818,2.0668401546321604,1.1785905483627772,0.989965123598598,1.2807482082920394,Medium - High (20-40%),Low - Medium (5-25%),Low (<0.25),Low - Medium (0.33-0.66)
India,Tamil Nadu,50.7111622483,2.0668401546321604,1.1785905483627772,0.989965123598598,1.2807482082920394,Medium - High (20-40%),Low - Medium (5-25%),Low (<0.25),Low - Medium (0.33-0.66)
India,Karnataka,3.451228326,4.028040415472816,2.1988612027304004,1.4831642715588882,1.1052898136471394,Extremely High (>80%),Medium - High (25-50%),Low - Medium (0.25-0.50),Low - Medium (0.33-0.66)
India,Karnataka,261.634562578,4.028040415472816,2.1988612027304004,1.4831642715588882,1.1052898136471394,Extremely High (>80%),Medium - High (25-50%),Low - Medium (0.25-0.50),Low - Medium (0.33-0.66)
India,Kerala,187.1391321,4.028040415472816,2.1988612027304004,1.4831642715588882,1.1052898136471394,Extremely High (>80%),Medium - High (25-50%),Low - Medium (0.25-0.50),Low - Medium (0.33-0.66)
India,Kerala,360.523862155,4.028040415472816,2.1988612027304004,1.4831642715588882,1.1052898136471394,Extremely High (>80%),Medium - High (25-50%),Low - Medium (0.25-0.50),Low - Medium (0.33-0.66)
India,Tamil Nadu,3229.41533433,4.028040415472816,2.1988612027304004,1.4831642715588882,1.1052898136471394,Extremely High (>80%),Medium - High (25-50%),Low - Medium (0.25-0.50),Low - Medium (0.33-0.66)
India,Tamil Nadu,2278.91910857,4.028040415472816,2.1988612027304004,1.4831642715588882,1.1052898136471394,Extremely High (>80%),Medium - High (25-50%),Low - Medium (0.25-0.50),Low - Medium (0.33-0.66)
India,Tamil Nadu,182.897623039,4.028040415472816,2.1988612027304004,1.4831642715588882,1.1052898136471394,Extremely High (>80%),Medium - High (25-50%),Low - Medium (0.25-0.50),Low - Medium (0.33-0.66)
India,Karnataka,4096.94839315,2.12584837902194,1.2405081095885695,0.9402109947284452,1.246263382529318,Medium - High (20-40%),Low - Medium (5-25%),Low (<0.25),Low - Medium (0.33-0.66)
India,Karnataka,2445.77651602,2.12584837902194,1.2405081095885695,0.9402109947284452,1.246263382529318,Medium - High (20-40%),Low - Medium (5-25%),Low (<0.25),Low - Medium (0.33-0.66)
India,Tamil Nadu,6543.54789746,2.12584837902194,1.2405081095885695,0.9402109947284452,1.246263382529318,Medium - High (20-40%),Low - Medium (5-25%),Low (<0.25),Low - Medium (0.33-0.66)
India,Tamil Nadu,902.608884503,2.12584837902194,1.2405081095885695,0.9402109947284452,1.246263382529318,Medium - High (20-40%),Low - Medium (5-25%),Low (<0.25),Low - Medium (0.33-0.66)
India,Karnataka,2454.19152166,5.0,5.0,1.2360854121953042,0.7179436132466905,Extremely High (>80%),Extremely High (>75%),Low - Medium (0.25-0.50),Low (<0.33)
India,Karnataka,6286.1094614,5.0,5.0,1.2360854121953042,0.7179436132466905,Extremely High (>80%),Extremely High (>75%),Low - Medium (0.25-0.50),Low (<0.33)
India,Karnataka,2430.58205863,1.544627365037073,1.00894179839851,0.962068084527792,1.281206245852191,Low - Medium (10-20%),Low - Medium (5-25%),Low (<0.25),Low - Medium (0.33-0.66)
India,Karnataka,0.0245467925,1.544627365037073,1.00894179839851,0.962068084527792,1.281206245852191,Low - Medium (10-20%),Low - Medium (5-25%),Low (<0.25),Low - Medium (0.33-0.66)
India,Tamil Nadu,539.558244383,1.544627365037073,1.00894179839851,0.962068084527792,1.281206245852191,Low - Medium (10-20%),Low - Medium (5-25%),Low (<0.25),Low - Medium (0.33-0.66)
India,Karnataka,1564.97839448,2.277481200088266,1.1578815351522596,0.9833696654700164,1.293600909346286,Medium - High (20-40%),Low - Medium (5-25%),Low (<0.25),Low - Medium (0.33-0.66)
India,Karnataka,2019.87135912,2.277481200088266,1.1578815351522596,0.9833696654700164,1.293600909346286,Medium - High (20-40%),Low - Medium (5-25%),Low (<0.25),Low - Medium (0.33-0.66)
India,Karnataka,1422.28050287,2.277481200088266,1.1578815351522596,0.9833696654700164,1.293600909346286,Medium - High (20-40%),Low - Medium (5-25%),Low (<0.25),Low - Medium (0.33-0.66)
India,Kerala,1857.25833114,2.277481200088266,1.1578815351522596,0.9833696654700164,1.293600909346286,Medium - High (20-40%),Low - Medium (5-25%),Low (<0.25),Low - Medium (0.33-0.66)
India,Tamil Nadu,51.8515058496,2.277481200088266,1.1578815351522596,0.9833696654700164,1.293600909346286,Medium - High (20-40%),Low - Medium (5-25%),Low (<0.25),Low - Medium (0.33-0.66)
India,Tamil Nadu,174.156927652,2.277481200088266,1.1578815351522596,0.9833696654700164,1.293600909346286,Medium - High (20-40%),Low - Medium (5-25%),Low (<0.25),Low - Medium (0.33-0.66)
India,Karnataka,1026.17715132,3.345005949634248,1.633784477373336,0.8848788421366599,1.096206667583857,High (40-80%),Low - Medium (5-25%),Low (<0.25),Low - Medium (0.33-0.66)
India,Karnataka,4441.93824898,3.345005949634248,1.633784477373336,0.8848788421366599,1.096206667583857,High (40-80%),Low - Medium (5-25%),Low (<0.25),Low - Medium (0.33-0.66)
India,Karnataka,6758.08023158,3.345005949634248,1.633784477373336,0.8848788421366599,1.096206667583857,High (40-80%),Low - Medium (5-25%),Low (<0.25),Low - Medium (0.33-0.66)
India,Puducherry,179.296149458,4.622068916823272,3.640664244830117,1.2691499834582989,1.6901284607453562,Extremely High (>80%),High (50-75%),Low - Medium (0.25-0.50),Low - Medium (0.33-0.66)
India,Puducherry,14.3334269196,4.622068916823272,3.640664244830117,1.2691499834582989,1.6901284607453562,Extremely High (>80%),High (50-75%),Low - Medium (0.25-0.50),Low - Medium (0.33-0.66)
India,Tamil Nadu,9181.65150053,4.622068916823272,3.640664244830117,1.2691499834582989,1.6901284607453562,Extremely High (>80%),High (50-75%),Low - Medium (0.25-0.50),Low - Medium (0.33-0.66)
India,Tamil Nadu,8931.8906867,4.622068916823272,3.640664244830117,1.2691499834582989,1.6901284607453562,Extremely High (>80%),High (50-75%),Low - Medium (0.25-0.50),Low - Medium (0.33-0.66)
India,Tamil Nadu,146.532656945,4.622068916823272,3.640664244830117,1.2691499834582989,1.6901284607453562,Extremely High (>80%),High (50-75%),Low - Medium (0.25-0.50),Low - Medium (0.33-0.66)
India,Kerala,12.6738079715,4.585969578609088,3.604219526889629,1.7306843560909404,1.507796693239868,Extremely High (>80%),High (50-75%),Low - Medium (0.25-0.50),Low - Medium (0.33-0.66)
India,Kerala,12.0741144924,4.585969578609088,3.604219526889629,1.7306843560909404,1.507796693239868,Extremely High (>80%),High (50-75%),Low - Medium (0.25-0.50),Low - Medium (0.33-0.66)
India,Tamil Nadu,5475.72357006,4.585969578609088,3.604219526889629,1.7306843560909404,1.507796693239868,Extremely High (>80%),High (50-75%),Low - Medium (0.25-0.50),Low - Medium (0.33-0.66)
India,Tamil Nadu,200.007185256,4.585969578609088,3.604219526889629,1.7306843560909404,1.507796693239868,Extremely High (>80%),High (50-75%),Low - Medium (0.25-0.50),Low - Medium (0.33-0.66)
India,Tamil Nadu,1027.54238741,4.585969578609088,3.604219526889629,1.7306843560909404,1.507796693239868,Extremely High (>80%),High (50-75%),Low - Medium (0.25-0.50),Low - Medium (0.33-0.66)
India,Tamil Nadu,55.4265072295,3.270127581615652,1.7698605447344349,1.3885618930236838,0.837203108839362,High (40-80%),Low - Medium (5-25%),Low - Medium (0.25-0.50),Low (<0.33)
India,Tamil Nadu,456.470398757,3.270127581615652,1.7698605447344349,1.3885618930236838,0.837203108839362,High (40-80%),Low - Medium (5-25%),Low - Medium (0.25-0.50),Low (<0.33)
India,Tamil Nadu,18.4304163922,3.270127581615652,1.7698605447344349,1.3885618930236838,0.837203108839362,High (40-80%),Low - Medium (5-25%),Low - Medium (0.25-0.50),Low (<0.33)
India,Tamil Nadu,3147.55380044,4.53317121887253,2.9444610974767835,1.5400752083667495,1.105878132982993,Extremely High (>80%),Medium - High (25-50%),Low - Medium (0.25-0.50),Low - Medium (0.33-0.66)
India,Tamil Nadu,802.531026873,4.53317121887253,2.9444610974767835,1.5400752083667495,1.105878132982993,Extremely High (>80%),Medium - High (25-50%),Low - Medium (0.25-0.50),Low - Medium (0.33-0.66)
India,Tamil Nadu,654.092848307,1.7743922211123482,1.0662711570103391,1.4720987354084638,0.9720075754066226,Low - Medium (10-20%),Low - Medium (5-25%),Low - Medium (0.25-0.50),Low (<0.33)
India,Tamil Nadu,329.372590104,1.7743922211123482,1.0662711570103391,1.4720987354084638,0.9720075754066226,Low - Medium (10-20%),Low - Medium (5-25%),Low - Medium (0.25-0.50),Low (<0.33)
India,Kerala,3.27260987898,4.925360955406369,3.416092489667033,1.31489509889831,0.7661834422100421,Extremely High (>80%),High (50-75%),Low - Medium (0.25-0.50),Low (<0.33)
India,Kerala,1.19336623605,4.925360955406369,3.416092489667033,1.31489509889831,0.7661834422100421,Extremely High (>80%),High (50-75%),Low - Medium (0.25-0.50),Low (<0.33)
India,Tamil Nadu,4860.04187096,4.925360955406369,3.416092489667033,1.31489509889831,0.7661834422100421,Extremely High (>80%),High (50-75%),Low - Medium (0.25-0.50),Low (<0.33)
India,Tamil Nadu,266.182452019,4.925360955406369,3.416092489667033,1.31489509889831,0.7661834422100421,Extremely High (>80%),High (50-75%),Low - Medium (0.25-0.50),Low (<0.33)
India,Tamil Nadu,39.6920450961,4.925360955406369,3.416092489667033,1.31489509889831,0.7661834422100421,Extremely High (>80%),High (50-75%),Low - Medium (0.25-0.50),Low (<0.33)
India,Tamil Nadu,1180.41457053,4.357256511102476,2.814847711064801,1.4586011474334477,0.9523485597438254,Extremely High (>80%),Medium - High (25-50%),Low - Medium (0.25-0.50),Low (<0.33)
India,Tamil Nadu,335.844436325,4.357256511102476,2.814847711064801,1.4586011474334477,0.9523485597438254,Extremely High (>80%),Medium - High (25-50%),Low - Medium (0.25-0.50),Low (<0.33)
India,Tamil Nadu,13.6540415649,4.357256511102476,2.814847711064801,1.4586011474334477,0.9523485597438254,Extremely High (>80%),Medium - High (25-50%),Low - Medium (0.25-0.50),Low (<0.33)
India,Kerala,2.32781654866,4.335570184276017,2.4346696419531417,1.4607778061868546,0.7485670153375037,Extremely High (>80%),Medium - High (25-50%),Low - Medium (0.25-0.50),Low (<0.33)
India,Tamil Nadu,4046.93482504,4.335570184276017,2.4346696419531417,1.4607778061868546,0.7485670153375037,Extremely High (>80%),Medium - High (25-50%),Low - Medium (0.25-0.50),Low (<0.33)
India,Tamil Nadu,1359.86618535,4.335570184276017,2.4346696419531417,1.4607778061868546,0.7485670153375037,Extremely High (>80%),Medium - High (25-50%),Low - Medium (0.25-0.50),Low (<0.33)
India,Tamil Nadu,223.311492437,4.335570184276017,2.4346696419531417,1.4607778061868546,0.7485670153375037,Extremely High (>80%),Medium - High (25-50%),Low - Medium (0.25-0.50),Low (<0.33)
India,Tamil Nadu,1245.90084648,2.873573947146523,1.4114480529840376,1.5960143733003729,0.9450482831896678,Medium - High (20-40%),Low - Medium (5-25%),Low - Medium (0.25-0.50),Low (<0.33)
India,Tamil Nadu,734.148191678,2.873573947146523,1.4114480529840376,1.5960143733003729,0.9450482831896678,Medium - High (20-40%),Low - Medium (5-25%),Low - Medium (0.25-0.50),Low (<0.33)
India,Tamil Nadu,5.48505103806,2.873573947146523,1.4114480529840376,1.5960143733003729,0.9450482831896678,Medium - High (20-40%),Low - Medium (5-25%),Low - Medium (0.25-0.50),Low (<0.33)
India,Kerala,97.2934229768,3.128106265155441,1.513639675082059,1.2788831340195068,1.3876055413958643,High (40-80%),Low - Medium (5-25%),Low - Medium (0.25-0.50),Low - Medium (0.33-0.66)
India,Kerala,12534.7616849,3.128106265155441,1.513639675082059,1.2788831340195068,1.3876055413958643,High (40-80%),Low - Medium (5-25%),Low - Medium (0.25-0.50),Low - Medium (0.33-0.66)
India,Kerala,378.330775944,3.128106265155441,1.513639675082059,1.2788831340195068,1.3876055413958643,High (40-80%),Low - Medium (5-25%),Low - Medium (0.25-0.50),Low - Medium (0.33-0.66)
India,Tamil Nadu,1609.68046791,3.128106265155441,1.513639675082059,1.2788831340195068,1.3876055413958643,High (40-80%),Low - Medium (5-25%),Low - Medium (0.25-0.50),Low - Medium (0.33-0.66)
India,Tamil Nadu,232.724406363,3.128106265155441,1.513639675082059,1.2788831340195068,1.3876055413958643,High (40-80%),Low - Medium (5-25%),Low - Medium (0.25-0.50),Low - Medium (0.33-0.66)
India,Tamil Nadu,96.7152242362,3.128106265155441,1.513639675082059,1.2788831340195068,1.3876055413958643,High (40-80%),Low - Medium (5-25%),Low - Medium (0.25-0.50),Low - Medium (0.33-0.66)
India,Tamil Nadu,1.56111839978,3.128106265155441,1.513639675082059,1.2788831340195068,1.3876055413958643,High (40-80%),Low - Medium (5-25%),Low - Medium (0.25-0.50),Low - Medium (0.33-0.66)
India,Kerala,427.743588583,2.5413643974848013,1.2210860818056628,1.0777221873828016,1.6665092650145932,Medium - High (20-40%),Low - Medium (5-25%),Low - Medium (0.25-0.50),Low - Medium (0.33-0.66)
India,Kerala,5336.40672192,2.5413643974848013,1.2210860818056628,1.0777221873828016,1.6665092650145932,Medium - High (20-40%),Low - Medium (5-25%),Low - Medium (0.25-0.50),Low - Medium (0.33-0.66)
India,Tamil Nadu,227.045441409,2.5413643974848013,1.2210860818056628,1.0777221873828016,1.6665092650145932,Medium - High (20-40%),Low - Medium (5-25%),Low - Medium (0.25-0.50),Low - Medium (0.33-0.66)
India,Tamil Nadu,399.925043861,2.5413643974848013,1.2210860818056628,1.0777221873828016,1.6665092650145932,Medium - High (20-40%),Low - Medium (5-25%),Low - Medium (0.25-0.50),Low - Medium (0.33-0.66)
India,Kerala,1787.1470932,3.694862152612045,1.94743957746206,1.129642998287402,1.6770765494311504,High (40-80%),Low - Medium (5-25%),Low - Medium (0.25-0.50),Low - Medium (0.33-0.66)
India,Kerala,1.9797092431,3.694862152612045,1.94743957746206,1.129642998287402,1.6770765494311504,High (40-80%),Low - Medium (5-25%),Low - Medium (0.25-0.50),Low - Medium (0.33-0.66)
India,Kerala,196.786803358,3.57334979305539,1.7481039061840686,1.137730460121184,1.3077510092004698,High (40-80%),Low - Medium (5-25%),Low - Medium (0.25-0.50),Low - Medium (0.33-0.66)
India,Kerala,3956.67134311,3.57334979305539,1.7481039061840686,1.137730460121184,1.3077510092004698,High (40-80%),Low - Medium (5-25%),Low - Medium (0.25-0.50),Low - Medium (0.33-0.66)
India,Tamil Nadu,1900.8543651,3.57334979305539,1.7481039061840686,1.137730460121184,1.3077510092004698,High (40-80%),Low - Medium (5-25%),Low - Medium (0.25-0.50),Low - Medium (0.33-0.66)
India,Tamil Nadu,146.858861583,3.57334979305539,1.7481039061840686,1.137730460121184,1.3077510092004698,High (40-80%),Low - Medium (5-25%),Low - Medium (0.25-0.50),Low - Medium (0.33-0.66)
India,Karnataka,89.5483351065,2.3016208302267462,1.208246863414479,0.8559012650318082,2.07719213758015,Medium - High (20-40%),Low - Medium (5-25%),Low (<0.25),Medium - High (0.66-1.00)
India,Karnataka,20109.3051856,2.3016208302267462,1.208246863414479,0.8559012650318082,2.07719213758015,Medium - High (20-40%),Low - Medium (5-25%),Low (<0.25),Medium - High (0.66-1.00)
India,Karnataka,115.264926169,2.3016208302267462,1.208246863414479,0.8559012650318082,2.07719213758015,Medium - High (20-40%),Low - Medium (5-25%),Low (<0.25),Medium - High (0.66-1.00)
India,Kerala,10426.2093951,2.3016208302267462,1.208246863414479,0.8559012650318082,2.07719213758015,Medium - High (20-40%),Low - Medium (5-25%),Low (<0.25),Medium - High (0.66-1.00)
India,Kerala,17.3200109048,2.3016208302267462,1.208246863414479,0.8559012650318082,2.07719213758015,Medium - High (20-40%),Low - Medium (5-25%),Low (<0.25),Medium - High (0.66-1.00)
India,Puducherry,122.543628487,2.3016208302267462,1.208246863414479,0.8559012650318082,2.07719213758015,Medium - High (20-40%),Low - Medium (5-25%),Low (<0.25),Medium - High (0.66-1.00)
India,Puducherry,6.68493903617,2.3016208302267462,1.208246863414479,0.8559012650318082,2.07719213758015,Medium - High (20-40%),Low - Medium (5-25%),Low (<0.25),Medium - High (0.66-1.00)
India,Tamil Nadu,40.2493882547,2.3016208302267462,1.208246863414479,0.8559012650318082,2.07719213758015,Medium - High (20-40%),Low - Medium (5-25%),Low (<0.25),Medium - High (0.66-1.00)
India,Tamil Nadu,386.037080688,2.3016208302267462,1.208246863414479,0.8559012650318082,2.07719213758015,Medium - High (20-40%),Low - Medium (5-25%),Low (<0.25),Medium - High (0.66-1.00)
India,Goa,60.4514531931,0.0,0.0980471512686466,0.681765573195985,1.2610588349581031,Low (<10%),Low (<5%),Low (<0.25),Low - Medium (0.33-0.66)
India,Karnataka,4725.07020379,0.0,0.0980471512686466,0.681765573195985,1.2610588349581031,Low (<10%),Low (<5%),Low (<0.25),Low - Medium (0.33-0.66)
India,Goa,3602.41238348,1.3716477591331362,0.9041917109115152,0.7347350173952746,2.5885770574479743,Low - Medium (10-20%),Low (<5%),Low (<0.25),Medium - High (0.66-1.00)
India,Goa,53.2385229881,1.3716477591331362,0.9041917109115152,0.7347350173952746,2.5885770574479743,Low - Medium (10-20%),Low (<5%),Low (<0.25),Medium - High (0.66-1.00)
India,Karnataka,522.057525098,1.3716477591331362,0.9041917109115152,0.7347350173952746,2.5885770574479743,Low - Medium (10-20%),Low (<5%),Low (<0.25),Medium - High (0.66-1.00)
India,Maharashtra,20755.5014009,1.3716477591331362,0.9041917109115152,0.7347350173952746,2.5885770574479743,Low - Medium (10-20%),Low (<5%),Low (<0.25),Medium - High (0.66-1.00)
India,Maharashtra,198.727890345,1.3716477591331362,0.9041917109115152,0.7347350173952746,2.5885770574479743,Low - Medium (10-20%),Low (<5%),Low (<0.25),Medium - High (0.66-1.00)
India,Maharashtra,37.5502515891,0.9450943301303214,0.7721089256437862,0.9816797386125844,3.0320708606766216,Low (<10%),Low (<5%),Low (<0.25),High (1.00-1.33)
India,Maharashtra,4400.39024651,0.9450943301303214,0.7721089256437862,0.9816797386125844,3.0320708606766216,Low (<10%),Low (<5%),Low (<0.25),High (1.00-1.33)
India,Maharashtra,60.8632767796,0.9450943301303214,0.7721089256437862,0.9816797386125844,3.0320708606766216,Low (<10%),Low (<5%),Low (<0.25),High (1.00-1.33)
India,Maharashtra,291.572988953,0.0,0.2375460815738886,1.202593129988308,3.497906801105348,Low (<10%),Low (<5%),Low - Medium (0.25-0.50),High (1.00-1.33)
India,Maharashtra,10.4820464139,0.0,0.2375460815738886,1.202593129988308,3.497906801105348,Low (<10%),Low (<5%),Low - Medium (0.25-0.50),High (1.00-1.33)
India,Maharashtra,27.8908733425,1.1884690109679357,1.0220230826657228,1.1497993383264,3.676256752098821,Low - Medium (10-20%),Low - Medium (5-25%),Low - Medium (0.25-0.50),High (1.00-1.33)
India,Maharashtra,3868.6927265,1.1884690109679357,1.0220230826657228,1.1497993383264,3.676256752098821,Low - Medium (10-20%),Low - Medium (5-25%),Low - Medium (0.25-0.50),High (1.00-1.33)
India,Gujarat,5316.54658893,3.6090998640731424,1.819401570394343,1.6327653311702692,2.798023402554261,High (40-80%),Low - Medium (5-25%),Low - Medium (0.25-0.50),Medium - High (0.66-1.00)
India,Gujarat,1637.22771429,3.6090998640731424,1.819401570394343,1.6327653311702692,2.798023402554261,High (40-80%),Low - Medium (5-25%),Low - Medium (0.25-0.50),Medium - High (0.66-1.00)
India,Gujarat,2252.6648971,3.6090998640731424,1.819401570394343,1.6327653311702692,2.798023402554261,High (40-80%),Low - Medium (5-25%),Low - Medium (0.25-0.50),Medium - High (0.66-1.00)
India,Gujarat,464.353253529,3.6090998640731424,1.819401570394343,1.6327653311702692,2.798023402554261,High (40-80%),Low - Medium (5-25%),Low - Medium (0.25-0.50),Medium - High (0.66-1.00)
India,Maharashtra,1582.697848,3.6090998640731424,1.819401570394343,1.6327653311702692,2.798023402554261,High (40-80%),Low - Medium (5-25%),Low - Medium (0.25-0.50),Medium - High (0.66-1.00)
India,Maharashtra,2209.11589584,3.6090998640731424,1.819401570394343,1.6327653311702692,2.798023402554261,High (40-80%),Low - Medium (5-25%),Low - Medium (0.25-0.50),Medium - High (0.66-1.00)
India,Maharashtra,9.99516637818,3.6090998640731424,1.819401570394343,1.6327653311702692,2.798023402554261,High (40-80%),Low - Medium (5-25%),Low - Medium (0.25-0.50),Medium - High (0.66-1.00)
India,Dadra and Nagar Haveli,494.017029299,3.6090998640731424,1.819401570394343,1.6327653311702692,2.798023402554261,High (40-80%),Low - Medium (5-25%),Low - Medium (0.25-0.50),Medium - High (0.66-1.00)
India,Daman and Diu,8.41474688161,3.6090998640731424,1.819401570394343,1.6327653311702692,2.798023402554261,High (40-80%),Low - Medium (5-25%),Low - Medium (0.25-0.50),Medium - High (0.66-1.00)
India,Daman and Diu,49.9639828488,3.6090998640731424,1.819401570394343,1.6327653311702692,2.798023402554261,High (40-80%),Low - Medium (5-25%),Low - Medium (0.25-0.50),Medium - High (0.66-1.00)
India,Daman and Diu,0.21782770758,3.6090998640731424,1.819401570394343,1.6327653311702692,2.798023402554261,High (40-80%),Low - Medium (5-25%),Low - Medium (0.25-0.50),Medium - High (0.66-1.00)
India,Gujarat,2950.66442828,3.5519768597079224,1.7013236461523649,2.3087377785438705,2.979450146025448,High (40-80%),Low - Medium (5-25%),Medium - High (0.50-0.75),Medium - High (0.66-1.00)
India,Gujarat,681.365410314,3.5519768597079224,1.7013236461523649,2.3087377785438705,2.979450146025448,High (40-80%),Low - Medium (5-25%),Medium - High (0.50-0.75),Medium - High (0.66-1.00)
India,Gujarat,119.264028699,3.5519768597079224,1.7013236461523649,2.3087377785438705,2.979450146025448,High (40-80%),Low - Medium (5-25%),Medium - High (0.50-0.75),Medium - High (0.66-1.00)
India,Gujarat,5.41797898885,3.5519768597079224,1.7013236461523649,2.3087377785438705,2.979450146025448,High (40-80%),Low - Medium (5-25%),Medium - High (0.50-0.75),Medium - High (0.66-1.00)
India,Madhya Pradesh,660.997195711,3.5519768597079224,1.7013236461523649,2.3087377785438705,2.979450146025448,High (40-80%),Low - Medium (5-25%),Medium - High (0.50-0.75),Medium - High (0.66-1.00)
India,Madhya Pradesh,98.4199983706,3.5519768597079224,1.7013236461523649,2.3087377785438705,2.979450146025448,High (40-80%),Low - Medium (5-25%),Medium - High (0.50-0.75),Medium - High (0.66-1.00)
India,Maharashtra,5013.23535085,3.5519768597079224,1.7013236461523649,2.3087377785438705,2.979450146025448,High (40-80%),Low - Medium (5-25%),Medium - High (0.50-0.75),Medium - High (0.66-1.00)
India,Maharashtra,3014.05478616,3.5519768597079224,1.7013236461523649,2.3087377785438705,2.979450146025448,High (40-80%),Low - Medium (5-25%),Medium - High (0.50-0.75),Medium - High (0.66-1.00)
India,Gujarat,0.71182650648,3.299218598248242,1.4991482799217073,2.7318915570676565,3.2157896079283823,High (40-80%),Low - Medium (5-25%),Medium - High (0.50-0.75),High (1.00-1.33)
India,Maharashtra,2710.26431501,3.299218598248242,1.4991482799217073,2.7318915570676565,3.2157896079283823,High (40-80%),Low - Medium (5-25%),Medium - High (0.50-0.75),High (1.00-1.33)
India,Maharashtra,259.900442383,3.299218598248242,1.4991482799217073,2.7318915570676565,3.2157896079283823,High (40-80%),Low - Medium (5-25%),Medium - High (0.50-0.75),High (1.00-1.33)
India,Madhya Pradesh,796.515502577,4.1393178097421295,1.831795008568329,2.6917909344664426,3.1734572763020337,Extremely High (>80%),Low - Medium (5-25%),Medium - High (0.50-0.75),High (1.00-1.33)
India,Maharashtra,2388.80054305,4.1393178097421295,1.831795008568329,2.6917909344664426,3.1734572763020337,Extremely High (>80%),Low - Medium (5-25%),Medium - High (0.50-0.75),High (1.00-1.33)
India,Maharashtra,1156.56480177,4.1393178097421295,1.831795008568329,2.6917909344664426,3.1734572763020337,Extremely High (>80%),Low - Medium (5-25%),Medium - High (0.50-0.75),High (1.00-1.33)
India,Gujarat,18.1810472485,4.897864216188723,2.705417085299978,2.526546262753784,3.0780301786537736,Extremely High (>80%),Medium - High (25-50%),Medium - High (0.50-0.75),High (1.00-1.33)
India,Maharashtra,9698.17403119,4.897864216188723,2.705417085299978,2.526546262753784,3.0780301786537736,Extremely High (>80%),Medium - High (25-50%),Medium - High (0.50-0.75),High (1.00-1.33)
India,Maharashtra,502.048765723,4.897864216188723,2.705417085299978,2.526546262753784,3.0780301786537736,Extremely High (>80%),Medium - High (25-50%),Medium - High (0.50-0.75),High (1.00-1.33)
India,Maharashtra,760.460485696,3.542695493773443,1.9511143302730345,2.859778125083857,3.168025823822343,High (40-80%),Low - Medium (5-25%),Medium - High (0.50-0.75),High (1.00-1.33)
India,Maharashtra,473.95772375,3.542695493773443,1.9511143302730345,2.859778125083857,3.168025823822343,High (40-80%),Low - Medium (5-25%),Medium - High (0.50-0.75),High (1.00-1.33)
India,Maharashtra,2372.55129206,5.0,3.946849077744316,4.679545117002501,3.174469748353526,Extremely High (>80%),High (50-75%),Extremely High (>1.00),High (1.00-1.33)
India,Maharashtra,116.339262508,5.0,3.946849077744316,4.679545117002501,3.174469748353526,Extremely High (>80%),High (50-75%),Extremely High (>1.00),High (1.00-1.33)
India,Madhya Pradesh,238.455606078,2.587840371239051,1.3429962575966452,2.8766155865260123,3.090170825958357,Medium - High (20-40%),Low - Medium (5-25%),Medium - High (0.50-0.75),High (1.00-1.33)
India,Maharashtra,469.752107137,2.587840371239051,1.3429962575966452,2.8766155865260123,3.090170825958357,Medium - High (20-40%),Low - Medium (5-25%),Medium - High (0.50-0.75),High (1.00-1.33)
India,Maharashtra,659.367703194,2.587840371239051,1.3429962575966452,2.8766155865260123,3.090170825958357,Medium - High (20-40%),Low - Medium (5-25%),Medium - High (0.50-0.75),High (1.00-1.33)
India,Madhya Pradesh,726.425492046,4.309840240327212,2.532738280722543,3.111400847273806,2.505172583794274,Extremely High (>80%),Medium - High (25-50%),High (0.75-1.00),Medium - High (0.66-1.00)
India,Madhya Pradesh,31.347936764,4.309840240327212,2.532738280722543,3.111400847273806,2.505172583794274,Extremely High (>80%),Medium - High (25-50%),High (0.75-1.00),Medium - High (0.66-1.00)
India,Maharashtra,9667.41263283,4.309840240327212,2.532738280722543,3.111400847273806,2.505172583794274,Extremely High (>80%),Medium - High (25-50%),High (0.75-1.00),Medium - High (0.66-1.00)
India,Maharashtra,8247.70782818,4.309840240327212,2.532738280722543,3.111400847273806,2.505172583794274,Extremely High (>80%),Medium - High (25-50%),High (0.75-1.00),Medium - High (0.66-1.00)
India,Madhya Pradesh,6772.39236875,3.111820329317289,1.6401504099419422,2.532621296777843,2.7347879891742366,High (40-80%),Low - Medium (5-25%),Medium - High (0.50-0.75),Medium - High (0.66-1.00)
India,Madhya Pradesh,118.085679864,3.111820329317289,1.6401504099419422,2.532621296777843,2.7347879891742366,High (40-80%),Low - Medium (5-25%),Medium - High (0.50-0.75),Medium - High (0.66-1.00)
India,Maharashtra,3628.30451638,3.111820329317289,1.6401504099419422,2.532621296777843,2.7347879891742366,High (40-80%),Low - Medium (5-25%),Medium - High (0.50-0.75),Medium - High (0.66-1.00)
India,Maharashtra,121.735772022,3.111820329317289,1.6401504099419422,2.532621296777843,2.7347879891742366,High (40-80%),Low - Medium (5-25%),Medium - High (0.50-0.75),Medium - High (0.66-1.00)
India,Gujarat,385.121829102,5.0,2.942103405472384,2.8569990671644137,2.8380769533444923,Extremely High (>80%),Medium - High (25-50%),Medium - High (0.50-0.75),Medium - High (0.66-1.00)
India,Gujarat,1735.05893373,5.0,2.942103405472384,2.8569990671644137,2.8380769533444923,Extremely High (>80%),Medium - High (25-50%),Medium - High (0.50-0.75),Medium - High (0.66-1.00)
India,Gujarat,326.454370741,5.0,2.942103405472384,2.8569990671644137,2.8380769533444923,Extremely High (>80%),Medium - High (25-50%),Medium - High (0.50-0.75),Medium - High (0.66-1.00)
India,Gujarat,4952.17895207,3.847978605922288,1.958306711287904,2.423037681777643,2.9123262750700385,High (40-80%),Low - Medium (5-25%),Medium - High (0.50-0.75),Medium - High (0.66-1.00)
India,Gujarat,3139.53017456,3.847978605922288,1.958306711287904,2.423037681777643,2.9123262750700385,High (40-80%),Low - Medium (5-25%),Medium - High (0.50-0.75),Medium - High (0.66-1.00)
India,Gujarat,91.2450381639,3.847978605922288,1.958306711287904,2.423037681777643,2.9123262750700385,High (40-80%),Low - Medium (5-25%),Medium - High (0.50-0.75),Medium - High (0.66-1.00)
India,Madhya Pradesh,24018.8722403,3.847978605922288,1.958306711287904,2.423037681777643,2.9123262750700385,High (40-80%),Low - Medium (5-25%),Medium - High (0.50-0.75),Medium - High (0.66-1.00)
India,Maharashtra,1631.33259863,3.847978605922288,1.958306711287904,2.423037681777643,2.9123262750700385,High (40-80%),Low - Medium (5-25%),Medium - High (0.50-0.75),Medium - High (0.66-1.00)
India,Madhya Pradesh,5183.62270564,4.392833889586472,2.6810727005848536,3.467787062134706,3.0417080596299746,Extremely High (>80%),Medium - High (25-50%),High (0.75-1.00),High (1.00-1.33)
India,Madhya Pradesh,3249.07953123,3.03057505450853,1.4026776148857358,2.527940777114209,2.881887586078059,High (40-80%),Low - Medium (5-25%),Medium - High (0.50-0.75),Medium - High (0.66-1.00)
India,Madhya Pradesh,8873.77520712,3.03057505450853,1.4026776148857358,2.527940777114209,2.881887586078059,High (40-80%),Low - Medium (5-25%),Medium - High (0.50-0.75),Medium - High (0.66-1.00)
India,Madhya Pradesh,369.756870358,2.006449295014786,1.1310764456442983,1.6874236532374518,2.590745439927033,Medium - High (20-40%),Low - Medium (5-25%),Low - Medium (0.25-0.50),Medium - High (0.66-1.00)
India,Madhya Pradesh,6184.82347447,2.006449295014786,1.1310764456442983,1.6874236532374518,2.590745439927033,Medium - High (20-40%),Low - Medium (5-25%),Low - Medium (0.25-0.50),Medium - High (0.66-1.00)
India,Madhya Pradesh,4659.499548,4.00652672975111,2.1609291476046715,1.8267226394407297,2.680204772849544,Extremely High (>80%),Medium - High (25-50%),Low - Medium (0.25-0.50),Medium - High (0.66-1.00)
India,Madhya Pradesh,10877.0164369,4.00652672975111,2.1609291476046715,1.8267226394407297,2.680204772849544,Extremely High (>80%),Medium - High (25-50%),Low - Medium (0.25-0.50),Medium - High (0.66-1.00)
India,Madhya Pradesh,2477.09658372,3.1673337583506767,1.6596905504319313,1.710306622002017,2.399065355320302,High (40-80%),Low - Medium (5-25%),Low - Medium (0.25-0.50),Medium - High (0.66-1.00)
India,Madhya Pradesh,2148.0277497,3.1673337583506767,1.6596905504319313,1.710306622002017,2.399065355320302,High (40-80%),Low - Medium (5-25%),Low - Medium (0.25-0.50),Medium - High (0.66-1.00)
India,Madhya Pradesh,328.540919359,2.4499437418011505,1.264252292738038,1.5015822180496594,2.336098254932813,Medium - High (20-40%),Low - Medium (5-25%),Low - Medium (0.25-0.50),Medium - High (0.66-1.00)
India,Madhya Pradesh,8126.8105612,2.4499437418011505,1.264252292738038,1.5015822180496594,2.336098254932813,Medium - High (20-40%),Low - Medium (5-25%),Low - Medium (0.25-0.50),Medium - High (0.66-1.00)
India,Madhya Pradesh,346.891238176,2.4499437418011505,1.264252292738038,1.5015822180496594,2.336098254932813,Medium - High (20-40%),Low - Medium (5-25%),Low - Medium (0.25-0.50),Medium - High (0.66-1.00)
India,Chhattisgarh,462.997505663,2.4499437418011505,1.264252292738038,1.5015822180496594,2.336098254932813,Medium - High (20-40%),Low - Medium (5-25%),Low - Medium (0.25-0.50),Medium - High (0.66-1.00)
India,Chhattisgarh,3.50809319792,2.4499437418011505,1.264252292738038,1.5015822180496594,2.336098254932813,Medium - High (20-40%),Low - Medium (5-25%),Low - Medium (0.25-0.50),Medium - High (0.66-1.00)
India,Madhya Pradesh,1016.01926707,0.9009152385405906,0.8112470109103607,1.359328728210388,2.5573524984770675,Low (<10%),Low (<5%),Low - Medium (0.25-0.50),Medium - High (0.66-1.00)
India,Madhya Pradesh,2952.89469368,0.9009152385405906,0.8112470109103607,1.359328728210388,2.5573524984770675,Low (<10%),Low (<5%),Low - Medium (0.25-0.50),Medium - High (0.66-1.00)
India,Chhattisgarh,38.2870504597,0.9009152385405906,0.8112470109103607,1.359328728210388,2.5573524984770675,Low (<10%),Low (<5%),Low - Medium (0.25-0.50),Medium - High (0.66-1.00)
India,Chhattisgarh,216.460667423,0.9009152385405906,0.8112470109103607,1.359328728210388,2.5573524984770675,Low (<10%),Low (<5%),Low - Medium (0.25-0.50),Medium - High (0.66-1.00)
India,Madhya Pradesh,1.40080459574,1.0387274722969322,0.9392449521173312,1.3930303765094263,2.73856886142079,Low - Medium (10-20%),Low (<5%),Low - Medium (0.25-0.50),Medium - High (0.66-1.00)
India,Madhya Pradesh,4908.17854794,1.0387274722969322,0.9392449521173312,1.3930303765094263,2.73856886142079,Low - Medium (10-20%),Low (<5%),Low - Medium (0.25-0.50),Medium - High (0.66-1.00)
India,Chhattisgarh,4.45965518502,1.0387274722969322,0.9392449521173312,1.3930303765094263,2.73856886142079,Low - Medium (10-20%),Low (<5%),Low - Medium (0.25-0.50),Medium - High (0.66-1.00)
India,Gujarat,108.853351761,5.0,5.0,3.3381546079499,2.915439270530829,Extremely High (>80%),Extremely High (>75%),High (0.75-1.00),Medium - High (0.66-1.00)
India,Gujarat,5761.05434501,5.0,5.0,3.3381546079499,2.915439270530829,Extremely High (>80%),Extremely High (>75%),High (0.75-1.00),Medium - High (0.66-1.00)
India,Gujarat,190.132564469,5.0,5.0,3.3381546079499,2.915439270530829,Extremely High (>80%),Extremely High (>75%),High (0.75-1.00),Medium - High (0.66-1.00)
India,Gujarat,1076.11397069,4.850513711030622,3.974021354142741,3.2472253575540844,3.0855522671203723,Extremely High (>80%),High (50-75%),High (0.75-1.00),High (1.00-1.33)
India,Gujarat,2971.15383173,4.850513711030622,3.974021354142741,3.2472253575540844,3.0855522671203723,Extremely High (>80%),High (50-75%),High (0.75-1.00),High (1.00-1.33)
India,Gujarat,0.57227822803,4.850513711030622,3.974021354142741,3.2472253575540844,3.0855522671203723,Extremely High (>80%),High (50-75%),High (0.75-1.00),High (1.00-1.33)
India,Gujarat,2668.90338881,5.0,5.0,3.3664366011440507,2.7638506158779945,Extremely High (>80%),Extremely High (>75%),High (0.75-1.00),Medium - High (0.66-1.00)
India,Madhya Pradesh,69.0957570444,5.0,5.0,3.3664366011440507,2.7638506158779945,Extremely High (>80%),Extremely High (>75%),High (0.75-1.00),Medium - High (0.66-1.00)
India,Gujarat,1908.81051117,3.826042991441659,2.082340172677317,3.488307060778717,2.911356100146492,High (40-80%),Medium - High (25-50%),High (0.75-1.00),Medium - High (0.66-1.00)
India,Gujarat,38.5252065006,3.826042991441659,2.082340172677317,3.488307060778717,2.911356100146492,High (40-80%),Medium - High (25-50%),High (0.75-1.00),Medium - High (0.66-1.00)
India,Rajasthan,522.214850311,3.826042991441659,2.082340172677317,3.488307060778717,2.911356100146492,High (40-80%),Medium - High (25-50%),High (0.75-1.00),Medium - High (0.66-1.00)
India,Gujarat,1613.79920135,5.0,4.097385708635695,3.595443882885641,2.575537728819353,Extremely High (>80%),Extremely High (>75%),High (0.75-1.00),Medium - High (0.66-1.00)
India,Madhya Pradesh,2647.67171483,5.0,4.097385708635695,3.595443882885641,2.575537728819353,Extremely High (>80%),Extremely High (>75%),High (0.75-1.00),Medium - High (0.66-1.00)
India,Rajasthan,1450.67347048,5.0,4.097385708635695,3.595443882885641,2.575537728819353,Extremely High (>80%),Extremely High (>75%),High (0.75-1.00),Medium - High (0.66-1.00)
India,Rajasthan,3239.1883309,4.05784414596501,2.4775108081055017,3.569725518116202,2.9464466216781244,Extremely High (>80%),Medium - High (25-50%),High (0.75-1.00),Medium - High (0.66-1.00)
India,Gujarat,1.46743615326,4.681477403738954,3.3864814891467256,3.132046666795885,2.14542901098359,Extremely High (>80%),High (50-75%),High (0.75-1.00),Medium - High (0.66-1.00)
India,Madhya Pradesh,28.4565841834,4.681477403738954,3.3864814891467256,3.132046666795885,2.14542901098359,Extremely High (>80%),High (50-75%),High (0.75-1.00),Medium - High (0.66-1.00)
India,Rajasthan,8576.93800072,4.681477403738954,3.3864814891467256,3.132046666795885,2.14542901098359,Extremely High (>80%),High (50-75%),High (0.75-1.00),Medium - High (0.66-1.00)
India,Rajasthan,1079.62758256,2.1807217810116173,1.216448749569698,3.4071389927741915,2.953726436541843,Medium - High (20-40%),Low - Medium (5-25%),High (0.75-1.00),Medium - High (0.66-1.00)
India,Madhya Pradesh,275.009834089,5.0,4.880831236254576,2.651575778342741,2.417050481993144,Extremely High (>80%),Extremely High (>75%),Medium - High (0.50-0.75),Medium - High (0.66-1.00)
India,Rajasthan,1216.75259226,5.0,4.880831236254576,2.651575778342741,2.417050481993144,Extremely High (>80%),Extremely High (>75%),Medium - High (0.50-0.75),Medium - High (0.66-1.00)
India,Madhya Pradesh,4153.37967285,5.0,5.0,3.4402243144892948,2.878067553076273,Extremely High (>80%),Extremely High (>75%),High (0.75-1.00),Medium - High (0.66-1.00)
India,Rajasthan,613.407500362,5.0,5.0,3.4402243144892948,2.878067553076273,Extremely High (>80%),Extremely High (>75%),High (0.75-1.00),Medium - High (0.66-1.00)
India,Gujarat,7.92050485992,3.816380425521408,2.4904666294808826,2.616580304053866,1.7122370699744072,High (40-80%),Medium - High (25-50%),Medium - High (0.50-0.75),Low - Medium (0.33-0.66)
India,Gujarat,18.1612859987,3.816380425521408,2.4904666294808826,2.616580304053866,1.7122370699744072,High (40-80%),Medium - High (25-50%),Medium - High (0.50-0.75),Low - Medium (0.33-0.66)
India,Gujarat,1811.54519297,5.0,5.0,3.000857084584675,3.358228043008891,Extremely High (>80%),Extremely High (>75%),High (0.75-1.00),High (1.00-1.33)
India,Gujarat,60.1927656307,5.0,5.0,3.000857084584675,3.358228043008891,Extremely High (>80%),Extremely High (>75%),High (0.75-1.00),High (1.00-1.33)
India,Gujarat,3067.94649788,5.0,5.0,2.96909453740108,3.055311273221613,Extremely High (>80%),Extremely High (>75%),Medium - High (0.50-0.75),High (1.00-1.33)
India,Gujarat,20120.4243231,5.0,5.0,2.96909453740108,3.055311273221613,Extremely High (>80%),Extremely High (>75%),Medium - High (0.50-0.75),High (1.00-1.33)
India,Gujarat,2757.98634865,5.0,5.0,2.96909453740108,3.055311273221613,Extremely High (>80%),Extremely High (>75%),Medium - High (0.50-0.75),High (1.00-1.33)
India,Rajasthan,4097.82072218,5.0,5.0,2.96909453740108,3.055311273221613,Extremely High (>80%),Extremely High (>75%),Medium - High (0.50-0.75),High (1.00-1.33)
India,Gujarat,4021.29556738,5.0,5.0,4.696695037070361,3.3145056692678327,Extremely High (>80%),Extremely High (>75%),Extremely High (>1.00),High (1.00-1.33)
India,Gujarat,14255.2798637,5.0,5.0,4.696695037070361,3.3145056692678327,Extremely High (>80%),Extremely High (>75%),Extremely High (>1.00),High (1.00-1.33)
India,Gujarat,4329.25832332,5.0,5.0,4.696695037070361,3.3145056692678327,Extremely High (>80%),Extremely High (>75%),Extremely High (>1.00),High (1.00-1.33)
India,Gujarat,768.442797968,5.0,5.0,4.696695037070361,3.3145056692678327,Extremely High (>80%),Extremely High (>75%),Extremely High (>1.00),High (1.00-1.33)
India,Daman and Diu,25.0257873935,5.0,5.0,4.696695037070361,3.3145056692678327,Extremely High (>80%),Extremely High (>75%),Extremely High (>1.00),High (1.00-1.33)
India,Daman and Diu,0.3577722037,5.0,5.0,4.696695037070361,3.3145056692678327,Extremely High (>80%),Extremely High (>75%),Extremely High (>1.00),High (1.00-1.33)
India,Gujarat,9984.85246535,5.0,5.0,5.0,3.4515160733135284,Extremely High (>80%),Extremely High (>75%),Extremely High (>1.00),High (1.00-1.33)
India,Gujarat,509.514649599,5.0,5.0,5.0,3.4515160733135284,Extremely High (>80%),Extremely High (>75%),Extremely High (>1.00),High (1.00-1.33)
India,Gujarat,2.25029099088,5.0,5.0,5.0,3.4515160733135284,Extremely High (>80%),Extremely High (>75%),Extremely High (>1.00),High (1.00-1.33)
India,Gujarat,827.374098509,5.0,5.0,5.0,3.4223090169671027,Extremely High (>80%),Extremely High (>75%),Extremely High (>1.00),High (1.00-1.33)
India,Gujarat,11605.7655335,5.0,5.0,5.0,3.4223090169671027,Extremely High (>80%),Extremely High (>75%),Extremely High (>1.00),High (1.00-1.33)
India,Gujarat,1755.06607475,5.0,5.0,5.0,3.4223090169671027,Extremely High (>80%),Extremely High (>75%),Extremely High (>1.00),High (1.00-1.33)
India,Gujarat,367.701518468,5.0,5.0,5.0,3.4223090169671027,Extremely High (>80%),Extremely High (>75%),Extremely High (>1.00),High (1.00-1.33)
India,Gujarat,7012.30030141,5.0,5.0,3.552145497968327,3.215739147477022,Extremely High (>80%),Extremely High (>75%),High (0.75-1.00),High (1.00-1.33)
India,Gujarat,726.769243745,5.0,5.0,3.552145497968327,3.215739147477022,Extremely High (>80%),Extremely High (>75%),High (0.75-1.00),High (1.00-1.33)
India,Gujarat,13781.3072105,5.0,5.0,3.552145497968327,3.215739147477022,Extremely High (>80%),Extremely High (>75%),High (0.75-1.00),High (1.00-1.33)
India,Gujarat,4955.29338298,5.0,5.0,3.552145497968327,3.215739147477022,Extremely High (>80%),Extremely High (>75%),High (0.75-1.00),High (1.00-1.33)
India,Gujarat,0.01741900714,5.0,5.0,3.552145497968327,3.215739147477022,Extremely High (>80%),Extremely High (>75%),High (0.75-1.00),High (1.00-1.33)
India,Rajasthan,2746.36660525,5.0,5.0,3.552145497968327,3.215739147477022,Extremely High (>80%),Extremely High (>75%),High (0.75-1.00),High (1.00-1.33)
India,Rajasthan,121.463004633,5.0,5.0,3.552145497968327,3.215739147477022,Extremely High (>80%),Extremely High (>75%),High (0.75-1.00),High (1.00-1.33)
India,Gujarat,10936.0956377,5.0,5.0,5.0,2.997435458585036,Extremely High (>80%),Extremely High (>75%),Extremely High (>1.00),Medium - High (0.66-1.00)
India,Gujarat,186.690002818,5.0,5.0,5.0,2.997435458585036,Extremely High (>80%),Extremely High (>75%),Extremely High (>1.00),Medium - High (0.66-1.00)
India,Rajasthan,12166.3068136,5.0,3.526884638382114,3.1414087809202007,2.2212394802921223,Extremely High (>80%),High (50-75%),High (0.75-1.00),Medium - High (0.66-1.00)
India,Rajasthan,488.60153324,5.0,3.526884638382114,3.1414087809202007,2.2212394802921223,Extremely High (>80%),High (50-75%),High (0.75-1.00),Medium - High (0.66-1.00)
India,Rajasthan,19206.6811132,5.0,3.526884638382114,3.1414087809202007,2.2212394802921223,Extremely High (>80%),High (50-75%),High (0.75-1.00),Medium - High (0.66-1.00)
India,Rajasthan,1104.51806869,5.0,5.0,4.727551342156434,3.388951803478955,Extremely High (>80%),Extremely High (>75%),Extremely High (>1.00),High (1.00-1.33)
India,Rajasthan,7222.25872476,5.0,5.0,3.5617397227777623,2.328243415669246,Extremely High (>80%),Extremely High (>75%),High (0.75-1.00),Medium - High (0.66-1.00)
India,Rajasthan,149.093782208,5.0,5.0,3.8573728374583376,1.5162086231073544,Extremely High (>80%),Extremely High (>75%),High (0.75-1.00),Low - Medium (0.33-0.66)
India,Rajasthan,4451.65256011,5.0,5.0,3.8573728374583376,1.5162086231073544,Extremely High (>80%),Extremely High (>75%),High (0.75-1.00),Low - Medium (0.33-0.66)
India,Rajasthan,2896.7523716,5.0,5.0,3.8573728374583376,1.5162086231073544,Extremely High (>80%),Extremely High (>75%),High (0.75-1.00),Low - Medium (0.33-0.66)
India,Rajasthan,442.264122217,5.0,5.0,3.8573728374583376,1.5162086231073544,Extremely High (>80%),Extremely High (>75%),High (0.75-1.00),Low - Medium (0.33-0.66)
India,Rajasthan,351.26726251,4.841057285773613,5.0,3.448483630220713,2.188854331626377,Extremely High (>80%),Extremely High (>75%),High (0.75-1.00),Medium - High (0.66-1.00)
India,Rajasthan,5032.80095773,4.841057285773613,5.0,3.448483630220713,2.188854331626377,Extremely High (>80%),Extremely High (>75%),High (0.75-1.00),Medium - High (0.66-1.00)
India,Rajasthan,208.559129302,4.780330517997202,5.0,3.698746042447461,2.135287866793904,Extremely High (>80%),Extremely High (>75%),High (0.75-1.00),Medium - High (0.66-1.00)
India,Rajasthan,5.85655634218,4.780330517997202,5.0,3.698746042447461,2.135287866793904,Extremely High (>80%),Extremely High (>75%),High (0.75-1.00),Medium - High (0.66-1.00)
India,Rajasthan,5449.05039872,4.780330517997202,5.0,3.698746042447461,2.135287866793904,Extremely High (>80%),Extremely High (>75%),High (0.75-1.00),Medium - High (0.66-1.00)
India,Rajasthan,907.645386201,4.780330517997202,5.0,3.698746042447461,2.135287866793904,Extremely High (>80%),Extremely High (>75%),High (0.75-1.00),Medium - High (0.66-1.00)
India,Rajasthan,841.517211161,5.0,5.0,3.610879436563982,2.7947539338422667,Extremely High (>80%),Extremely High (>75%),High (0.75-1.00),Medium - High (0.66-1.00)
India,Rajasthan,3033.45945236,5.0,5.0,3.610879436563982,2.7947539338422667,Extremely High (>80%),Extremely High (>75%),High (0.75-1.00),Medium - High (0.66-1.00)
India,Rajasthan,2817.82573474,5.0,5.0,5.0,1.1524368926266395,Extremely High (>80%),Extremely High (>75%),Extremely High (>1.00),Low - Medium (0.33-0.66)
India,Rajasthan,1116.97661431,5.0,5.0,5.0,1.1524368926266395,Extremely High (>80%),Extremely High (>75%),Extremely High (>1.00),Low - Medium (0.33-0.66)
India,Rajasthan,1491.86350566,5.0,5.0,4.9016447992615335,1.7848569378594852,Extremely High (>80%),Extremely High (>75%),Extremely High (>1.00),Low - Medium (0.33-0.66)
India,Rajasthan,1914.3231024,5.0,5.0,4.9016447992615335,1.7848569378594852,Extremely High (>80%),Extremely High (>75%),Extremely High (>1.00),Low - Medium (0.33-0.66)
India,Rajasthan,792.459450151,5.0,5.0,4.9016447992615335,1.7848569378594852,Extremely High (>80%),Extremely High (>75%),Extremely High (>1.00),Low - Medium (0.33-0.66)
India,Gujarat,587.55839615,4.9505752674074,3.2966082259967915,2.959179642189471,2.720338099744771,Extremely High (>80%),High (50-75%),Medium - High (0.50-0.75),Medium - High (0.66-1.00)
India,Rajasthan,5321.77024911,5.0,5.0,4.791118236377785,1.6476775494317408,Extremely High (>80%),Extremely High (>75%),Extremely High (>1.00),Low - Medium (0.33-0.66)
India,Rajasthan,276.67345778,5.0,5.0,4.791118236377785,1.6476775494317408,Extremely High (>80%),Extremely High (>75%),Extremely High (>1.00),Low - Medium (0.33-0.66)
India,Gujarat,14744.5134484,3.301289809660029,1.867576922763594,2.9456077150062834,2.881056320454181,High (40-80%),Low - Medium (5-25%),Medium - High (0.50-0.75),Medium - High (0.66-1.00)
India,Gujarat,1383.41290687,0.0,0.3408881730940594,3.945221966716252,3.111525911125457,Low (<10%),Low (<5%),High (0.75-1.00),High (1.00-1.33)
India,Rajasthan,59.7920304609,0.0,0.3408881730940594,3.945221966716252,3.111525911125457,Low (<10%),Low (<5%),High (0.75-1.00),High (1.00-1.33)
India,Gujarat,9570.09967156,5.0,5.0,3.729481857773351,2.7839520857675715,Extremely High (>80%),Extremely High (>75%),High (0.75-1.00),Medium - High (0.66-1.00)
India,Gujarat,4650.96438592,5.0,5.0,3.729481857773351,2.7839520857675715,Extremely High (>80%),Extremely High (>75%),High (0.75-1.00),Medium - High (0.66-1.00)
India,Rajasthan,6675.43685009,5.0,5.0,3.729481857773351,2.7839520857675715,Extremely High (>80%),Extremely High (>75%),High (0.75-1.00),Medium - High (0.66-1.00)
India,Rajasthan,2263.48167635,5.0,5.0,3.729481857773351,2.7839520857675715,Extremely High (>80%),Extremely High (>75%),High (0.75-1.00),Medium - High (0.66-1.00)
India,Rajasthan,44.788902388,5.0,5.0,5.0,2.027481514628898,Extremely High (>80%),Extremely High (>75%),Extremely High (>1.00),Medium - High (0.66-1.00)
India,Rajasthan,2179.41891011,5.0,5.0,5.0,2.027481514628898,Extremely High (>80%),Extremely High (>75%),Extremely High (>1.00),Medium - High (0.66-1.00)
India,Rajasthan,5939.3423738,5.0,5.0,5.0,2.027481514628898,Extremely High (>80%),Extremely High (>75%),Extremely High (>1.00),Medium - High (0.66-1.00)
India,Rajasthan,11686.3784419,5.0,5.0,5.0,3.0437841755415835,Extremely High (>80%),Extremely High (>75%),Extremely High (>1.00),High (1.00-1.33)
India,Rajasthan,3843.29696787,5.0,5.0,5.0,3.0437841755415835,Extremely High (>80%),Extremely High (>75%),Extremely High (>1.00),High (1.00-1.33)
India,Rajasthan,363.415860939,5.0,5.0,5.0,3.0437841755415835,Extremely High (>80%),Extremely High (>75%),Extremely High (>1.00),High (1.00-1.33)
India,Rajasthan,4127.55473591,5.0,5.0,3.63100829436813,2.6313386419839184,Extremely High (>80%),Extremely High (>75%),High (0.75-1.00),Medium - High (0.66-1.00)
India,Rajasthan,2178.97109594,5.0,5.0,3.63100829436813,2.6313386419839184,Extremely High (>80%),Extremely High (>75%),High (0.75-1.00),Medium - High (0.66-1.00)
India,Rajasthan,291.947262238,5.0,5.0,4.23954807223668,2.791961379405504,Extremely High (>80%),Extremely High (>75%),Extremely High (>1.00),Medium - High (0.66-1.00)
India,Rajasthan,2942.96451353,5.0,5.0,4.23954807223668,2.791961379405504,Extremely High (>80%),Extremely High (>75%),Extremely High (>1.00),Medium - High (0.66-1.00)
India,Rajasthan,695.270360469,5.0,5.0,4.23954807223668,2.791961379405504,Extremely High (>80%),Extremely High (>75%),Extremely High (>1.00),Medium - High (0.66-1.00)
India,Rajasthan,4112.16331815,5.0,5.0,4.23954807223668,2.791961379405504,Extremely High (>80%),Extremely High (>75%),Extremely High (>1.00),Medium - High (0.66-1.00)
India,Rajasthan,1285.74886397,5.0,5.0,3.6140380982659934,2.816460099137724,Extremely High (>80%),Extremely High (>75%),High (0.75-1.00),Medium - High (0.66-1.00)
India,Rajasthan,710.968230764,5.0,5.0,3.6140380982659934,2.816460099137724,Extremely High (>80%),Extremely High (>75%),High (0.75-1.00),Medium - High (0.66-1.00)
India,Rajasthan,1146.72976883,5.0,5.0,3.6140380982659934,2.816460099137724,Extremely High (>80%),Extremely High (>75%),High (0.75-1.00),Medium - High (0.66-1.00)
India,Rajasthan,2338.10522885,5.0,5.0,3.6140380982659934,2.816460099137724,Extremely High (>80%),Extremely High (>75%),High (0.75-1.00),Medium - High (0.66-1.00)
India,Rajasthan,3460.48013554,5.0,5.0,3.7221822643507374,2.9014248682264445,Extremely High (>80%),Extremely High (>75%),High (0.75-1.00),Medium - High (0.66-1.00)
India,Rajasthan,418.203846534,5.0,5.0,3.7221822643507374,2.9014248682264445,Extremely High (>80%),Extremely High (>75%),High (0.75-1.00),Medium - High (0.66-1.00)
India,Rajasthan,1986.25876755,5.0,5.0,3.7221822643507374,2.9014248682264445,Extremely High (>80%),Extremely High (>75%),High (0.75-1.00),Medium - High (0.66-1.00)
India,Rajasthan,5351.55275641,5.0,5.0,3.7221822643507374,2.9014248682264445,Extremely High (>80%),Extremely High (>75%),High (0.75-1.00),Medium - High (0.66-1.00)
India,Gujarat,560.241189726,5.0,4.444076544812434,2.8981896411071784,2.5779047118762204,Extremely High (>80%),Extremely High (>75%),Medium - High (0.50-0.75),Medium - High (0.66-1.00)
India,Rajasthan,4464.08807984,5.0,5.0,5.0,2.4216768776032875,Extremely High (>80%),Extremely High (>75%),Extremely High (>1.00),Medium - High (0.66-1.00)
India,Rajasthan,1804.29570968,5.0,5.0,5.0,2.4216768776032875,Extremely High (>80%),Extremely High (>75%),Extremely High (>1.00),Medium - High (0.66-1.00)
India,Rajasthan,10.1932148476,5.0,3.681184704787169,2.889020465146731,2.72753741808136,Extremely High (>80%),High (50-75%),Medium - High (0.50-0.75),Medium - High (0.66-1.00)
India,Rajasthan,5264.2814955,5.0,3.681184704787169,2.889020465146731,2.72753741808136,Extremely High (>80%),High (50-75%),Medium - High (0.50-0.75),Medium - High (0.66-1.00)
India,Rajasthan,2241.3890264,5.0,3.681184704787169,2.889020465146731,2.72753741808136,Extremely High (>80%),High (50-75%),Medium - High (0.50-0.75),Medium - High (0.66-1.00)
India,Rajasthan,4953.66537837,2.2186782770320166,1.205153880853552,4.702099871475394,2.416774579324292,Medium - High (20-40%),Low - Medium (5-25%),Extremely High (>1.00),Medium - High (0.66-1.00)
India,Rajasthan,426.675042788,2.2186782770320166,1.205153880853552,4.702099871475394,2.416774579324292,Medium - High (20-40%),Low - Medium (5-25%),Extremely High (>1.00),Medium - High (0.66-1.00)
India,Rajasthan,1968.72541164,2.2186782770320166,1.205153880853552,4.702099871475394,2.416774579324292,Medium - High (20-40%),Low - Medium (5-25%),Extremely High (>1.00),Medium - High (0.66-1.00)
India,Rajasthan,865.487543224,4.723625331016539,3.307220568854645,2.862439601146676,2.646868134105345,Extremely High (>80%),High (50-75%),Medium - High (0.50-0.75),Medium - High (0.66-1.00)
India,Rajasthan,230.230020316,4.723625331016539,3.307220568854645,2.862439601146676,2.646868134105345,Extremely High (>80%),High (50-75%),Medium - High (0.50-0.75),Medium - High (0.66-1.00)
India,Rajasthan,1880.91796363,2.9763560028047062,1.5831824111625958,2.9232312810502243,2.9478157135733416,Medium - High (20-40%),Low - Medium (5-25%),Medium - High (0.50-0.75),Medium - High (0.66-1.00)
India,Rajasthan,0.72532044896,3.272592616647405,1.7600150787237503,3.036480709979529,3.210272327594767,High (40-80%),Low - Medium (5-25%),High (0.75-1.00),High (1.00-1.33)
India,Rajasthan,682.964396817,3.272592616647405,1.7600150787237503,3.036480709979529,3.210272327594767,High (40-80%),Low - Medium (5-25%),High (0.75-1.00),High (1.00-1.33)
India,Rajasthan,876.573030071,2.500989012756536,1.149166566556762,3.2092463136186056,3.4669638232282023,Medium - High (20-40%),Low - Medium (5-25%),High (0.75-1.00),High (1.00-1.33)
India,Haryana,1071.32424644,5.0,5.0,3.0206399974147966,2.822344285969398,Extremely High (>80%),Extremely High (>75%),High (0.75-1.00),Medium - High (0.66-1.00)
India,Punjab,3188.0758854,5.0,5.0,3.0206399974147966,2.822344285969398,Extremely High (>80%),Extremely High (>75%),High (0.75-1.00),Medium - High (0.66-1.00)
India,Punjab,8360.48866442,5.0,5.0,3.0206399974147966,2.822344285969398,Extremely High (>80%),Extremely High (>75%),High (0.75-1.00),Medium - High (0.66-1.00)
India,Rajasthan,5550.44198178,5.0,5.0,3.0206399974147966,2.822344285969398,Extremely High (>80%),Extremely High (>75%),High (0.75-1.00),Medium - High (0.66-1.00)
India,Rajasthan,11562.981831,5.0,5.0,3.162786304657548,3.648534981069409,Extremely High (>80%),Extremely High (>75%),High (0.75-1.00),High (1.00-1.33)
India,Rajasthan,152.536228795,5.0,5.0,3.162786304657548,3.648534981069409,Extremely High (>80%),Extremely High (>75%),High (0.75-1.00),High (1.00-1.33)
India,Haryana,0.23346009097,5.0,5.0,3.369863820824155,3.936475407399021,Extremely High (>80%),Extremely High (>75%),High (0.75-1.00),High (1.00-1.33)
India,Rajasthan,581.893305938,5.0,5.0,3.369863820824155,3.936475407399021,Extremely High (>80%),Extremely High (>75%),High (0.75-1.00),High (1.00-1.33)
India,Rajasthan,1287.14459348,5.0,5.0,3.1631379252437344,2.110240980754547,Extremely High (>80%),Extremely High (>75%),High (0.75-1.00),Medium - High (0.66-1.00)
India,Rajasthan,3434.79619791,5.0,5.0,3.1631379252437344,2.110240980754547,Extremely High (>80%),Extremely High (>75%),High (0.75-1.00),Medium - High (0.66-1.00)
India,Rajasthan,932.487451455,5.0,5.0,3.1631379252437344,2.110240980754547,Extremely High (>80%),Extremely High (>75%),High (0.75-1.00),Medium - High (0.66-1.00)
India,Haryana,663.69008495,5.0,5.0,4.192606244727091,3.506006669491273,Extremely High (>80%),Extremely High (>75%),Extremely High (>1.00),High (1.00-1.33)
India,Rajasthan,1159.48365138,5.0,5.0,4.192606244727091,3.506006669491273,Extremely High (>80%),Extremely High (>75%),Extremely High (>1.00),High (1.00-1.33)
India,Rajasthan,3522.68490248,5.0,5.0,4.278250765614196,3.5852643252570484,Extremely High (>80%),Extremely High (>75%),Extremely High (>1.00),High (1.00-1.33)
India,Rajasthan,1453.11974597,5.0,5.0,4.278250765614196,3.5852643252570484,Extremely High (>80%),Extremely High (>75%),Extremely High (>1.00),High (1.00-1.33)
India,Rajasthan,2037.51376331,5.0,5.0,4.516735740928312,3.778849453686712,Extremely High (>80%),Extremely High (>75%),Extremely High (>1.00),High (1.00-1.33)
India,Rajasthan,1464.29946437,5.0,5.0,4.516735740928312,3.778849453686712,Extremely High (>80%),Extremely High (>75%),Extremely High (>1.00),High (1.00-1.33)
India,Haryana,1503.30654345,5.0,5.0,3.7580864536310914,2.7836928334675486,Extremely High (>80%),Extremely High (>75%),High (0.75-1.00),Medium - High (0.66-1.00)
India,Haryana,62.6901836667,5.0,5.0,3.7580864536310914,2.7836928334675486,Extremely High (>80%),Extremely High (>75%),High (0.75-1.00),Medium - High (0.66-1.00)
India,Rajasthan,4621.46177871,5.0,5.0,3.7580864536310914,2.7836928334675486,Extremely High (>80%),Extremely High (>75%),High (0.75-1.00),Medium - High (0.66-1.00)
India,Rajasthan,612.876876836,5.0,5.0,3.7580864536310914,2.7836928334675486,Extremely High (>80%),Extremely High (>75%),High (0.75-1.00),Medium - High (0.66-1.00)
India,Rajasthan,210.698360093,5.0,5.0,3.7580864536310914,2.7836928334675486,Extremely High (>80%),Extremely High (>75%),High (0.75-1.00),Medium - High (0.66-1.00)
India,Haryana,1547.10689651,5.0,5.0,4.499417836438662,3.596810076010475,Extremely High (>80%),Extremely High (>75%),Extremely High (>1.00),High (1.00-1.33)
India,Haryana,2901.88825062,5.0,5.0,4.499417836438662,3.596810076010475,Extremely High (>80%),Extremely High (>75%),Extremely High (>1.00),High (1.00-1.33)
India,Punjab,15.231479423,5.0,5.0,4.499417836438662,3.596810076010475,Extremely High (>80%),Extremely High (>75%),Extremely High (>1.00),High (1.00-1.33)
India,Punjab,20.9181239478,5.0,5.0,4.499417836438662,3.596810076010475,Extremely High (>80%),Extremely High (>75%),Extremely High (>1.00),High (1.00-1.33)
India,Rajasthan,340.898739187,5.0,5.0,4.499417836438662,3.596810076010475,Extremely High (>80%),Extremely High (>75%),Extremely High (>1.00),High (1.00-1.33)
India,Haryana,3039.98617489,5.0,5.0,4.546498297436057,3.739475762428574,Extremely High (>80%),Extremely High (>75%),Extremely High (>1.00),High (1.00-1.33)
India,Haryana,0.92524408588,5.0,5.0,4.546498297436057,3.739475762428574,Extremely High (>80%),Extremely High (>75%),Extremely High (>1.00),High (1.00-1.33)
India,Rajasthan,1265.16411678,5.0,5.0,4.546498297436057,3.739475762428574,Extremely High (>80%),Extremely High (>75%),Extremely High (>1.00),High (1.00-1.33)
India,Haryana,5366.08863847,5.0,5.0,4.514261945683978,3.811190431204852,Extremely High (>80%),Extremely High (>75%),Extremely High (>1.00),High (1.00-1.33)
India,Haryana,21.8755065652,5.0,5.0,4.514261945683978,3.811190431204852,Extremely High (>80%),Extremely High (>75%),Extremely High (>1.00),High (1.00-1.33)
India,Haryana,725.416563007,5.0,5.0,2.8612617513471976,2.7424085599392187,Extremely High (>80%),Extremely High (>75%),Medium - High (0.50-0.75),Medium - High (0.66-1.00)
India,Haryana,4298.7077207,5.0,5.0,2.8612617513471976,2.7424085599392187,Extremely High (>80%),Extremely High (>75%),Medium - High (0.50-0.75),Medium - High (0.66-1.00)
India,Haryana,4559.52202584,5.0,5.0,2.8612617513471976,2.7424085599392187,Extremely High (>80%),Extremely High (>75%),Medium - High (0.50-0.75),Medium - High (0.66-1.00)
India,Himachal Pradesh,623.62363739,5.0,5.0,2.8612617513471976,2.7424085599392187,Extremely High (>80%),Extremely High (>75%),Medium - High (0.50-0.75),Medium - High (0.66-1.00)
India,Punjab,55.0618632618,5.0,5.0,2.8612617513471976,2.7424085599392187,Extremely High (>80%),Extremely High (>75%),Medium - High (0.50-0.75),Medium - High (0.66-1.00)
India,Punjab,5375.93326988,5.0,5.0,2.8612617513471976,2.7424085599392187,Extremely High (>80%),Extremely High (>75%),Medium - High (0.50-0.75),Medium - High (0.66-1.00)
India,Punjab,2938.49837957,5.0,5.0,2.8612617513471976,2.7424085599392187,Extremely High (>80%),Extremely High (>75%),Medium - High (0.50-0.75),Medium - High (0.66-1.00)
India,Rajasthan,1398.90192405,5.0,5.0,2.8612617513471976,2.7424085599392187,Extremely High (>80%),Extremely High (>75%),Medium - High (0.50-0.75),Medium - High (0.66-1.00)
India,Chandigarh,5.69146827768,5.0,5.0,2.8612617513471976,2.7424085599392187,Extremely High (>80%),Extremely High (>75%),Medium - High (0.50-0.75),Medium - High (0.66-1.00)
India,Chandigarh,112.788278294,5.0,5.0,2.8612617513471976,2.7424085599392187,Extremely High (>80%),Extremely High (>75%),Medium - High (0.50-0.75),Medium - High (0.66-1.00)
India,Gujarat,793.123198234,0.0,0.1269829557204086,1.7500057456737872,2.0382487436474617,Low (<10%),Low (<5%),Low - Medium (0.25-0.50),Medium - High (0.66-1.00)
India,Gujarat,10.722009517,0.0,0.1269829557204086,1.7500057456737872,2.0382487436474617,Low (<10%),Low (<5%),Low - Medium (0.25-0.50),Medium - High (0.66-1.00)
India,Himachal Pradesh,31.0194320556,0.0,0.0026641117627981,2.234033958290787,3.274899783101905,Low (<10%),Low (<5%),Medium - High (0.50-0.75),High (1.00-1.33)
India,Jammu and Kashmir,67.9317199153,0.0,0.0026641117627981,2.234033958290787,3.274899783101905,Low (<10%),Low (<5%),Medium - High (0.50-0.75),High (1.00-1.33)
India,Jammu and Kashmir,2237.9131909,0.0,0.0026641117627981,2.234033958290787,3.274899783101905,Low (<10%),Low (<5%),Medium - High (0.50-0.75),High (1.00-1.33)
India,Himachal Pradesh,210.810228306,5.0,5.0,1.9565364150129323,2.533088911378088,Extremely High (>80%),Extremely High (>75%),Low - Medium (0.25-0.50),Medium - High (0.66-1.00)
India,Himachal Pradesh,4973.81176838,5.0,5.0,1.9565364150129323,2.533088911378088,Extremely High (>80%),Extremely High (>75%),Low - Medium (0.25-0.50),Medium - High (0.66-1.00)
India,Jammu and Kashmir,2190.67476388,5.0,5.0,1.9565364150129323,2.533088911378088,Extremely High (>80%),Extremely High (>75%),Low - Medium (0.25-0.50),Medium - High (0.66-1.00)
India,Jammu and Kashmir,488.806751771,5.0,5.0,1.9565364150129323,2.533088911378088,Extremely High (>80%),Extremely High (>75%),Low - Medium (0.25-0.50),Medium - High (0.66-1.00)
India,Jammu and Kashmir,871.182763047,5.0,5.0,1.9565364150129323,2.533088911378088,Extremely High (>80%),Extremely High (>75%),Low - Medium (0.25-0.50),Medium - High (0.66-1.00)
India,Punjab,122.400285235,5.0,5.0,1.9565364150129323,2.533088911378088,Extremely High (>80%),Extremely High (>75%),Low - Medium (0.25-0.50),Medium - High (0.66-1.00)
India,Punjab,4520.30048424,5.0,5.0,1.9565364150129323,2.533088911378088,Extremely High (>80%),Extremely High (>75%),Low - Medium (0.25-0.50),Medium - High (0.66-1.00)
India,Punjab,707.022898501,5.0,5.0,1.9565364150129323,2.533088911378088,Extremely High (>80%),Extremely High (>75%),Low - Medium (0.25-0.50),Medium - High (0.66-1.00)
India,Jammu and Kashmir,4191.53263336,3.13532619203254,1.6836883687126822,1.4877462143014093,1.5271316282544762,High (40-80%),Low - Medium (5-25%),Low - Medium (0.25-0.50),Low - Medium (0.33-0.66)
India,Jammu and Kashmir,9314.20439158,3.13532619203254,1.6836883687126822,1.4877462143014093,1.5271316282544762,High (40-80%),Low - Medium (5-25%),Low - Medium (0.25-0.50),Low - Medium (0.33-0.66)
India,Jammu and Kashmir,4539.22349195,3.13532619203254,1.6836883687126822,1.4877462143014093,1.5271316282544762,High (40-80%),Low - Medium (5-25%),Low - Medium (0.25-0.50),Low - Medium (0.33-0.66)
India,Himachal Pradesh,43.9410334299,4.167645266589828,2.6237903894910293,1.5763942766836432,1.874134155699401,Extremely High (>80%),Medium - High (25-50%),Low - Medium (0.25-0.50),Low - Medium (0.33-0.66)
India,Himachal Pradesh,7834.14627689,4.167645266589828,2.6237903894910293,1.5763942766836432,1.874134155699401,Extremely High (>80%),Medium - High (25-50%),Low - Medium (0.25-0.50),Low - Medium (0.33-0.66)
India,Jammu and Kashmir,4544.92217601,4.167645266589828,2.6237903894910293,1.5763942766836432,1.874134155699401,Extremely High (>80%),Medium - High (25-50%),Low - Medium (0.25-0.50),Low - Medium (0.33-0.66)
India,Jammu and Kashmir,14539.7857404,4.167645266589828,2.6237903894910293,1.5763942766836432,1.874134155699401,Extremely High (>80%),Medium - High (25-50%),Low - Medium (0.25-0.50),Low - Medium (0.33-0.66)
India,Jammu and Kashmir,2027.8502496,4.167645266589828,2.6237903894910293,1.5763942766836432,1.874134155699401,Extremely High (>80%),Medium - High (25-50%),Low - Medium (0.25-0.50),Low - Medium (0.33-0.66)
India,Punjab,232.342098219,5.0,5.0,3.115598107560416,2.229697451997525,Extremely High (>80%),Extremely High (>75%),High (0.75-1.00),Medium - High (0.66-1.00)
India,Punjab,134.316438885,5.0,5.0,3.115598107560416,2.229697451997525,Extremely High (>80%),Extremely High (>75%),High (0.75-1.00),Medium - High (0.66-1.00)
India,Punjab,1898.95531805,4.230375082427831,2.7324035391380743,1.4918206524334248,1.9801537568710548,Extremely High (>80%),Medium - High (25-50%),Low - Medium (0.25-0.50),Low - Medium (0.33-0.66)
India,Punjab,7964.82106541,4.230375082427831,2.7324035391380743,1.4918206524334248,1.9801537568710548,Extremely High (>80%),Medium - High (25-50%),Low - Medium (0.25-0.50),Low - Medium (0.33-0.66)
India,Punjab,0.43177043607,4.230375082427831,2.7324035391380743,1.4918206524334248,1.9801537568710548,Extremely High (>80%),Medium - High (25-50%),Low - Medium (0.25-0.50),Low - Medium (0.33-0.66)
India,Rajasthan,564.588356442,4.230375082427831,2.7324035391380743,1.4918206524334248,1.9801537568710548,Extremely High (>80%),Medium - High (25-50%),Low - Medium (0.25-0.50),Low - Medium (0.33-0.66)
India,Himachal Pradesh,6572.85622214,3.454308788740909,2.00305582097264,1.2396348941385036,1.9359692519220029,High (40-80%),Medium - High (25-50%),Low - Medium (0.25-0.50),Low - Medium (0.33-0.66)
India,Himachal Pradesh,7263.91571283,3.454308788740909,2.00305582097264,1.2396348941385036,1.9359692519220029,High (40-80%),Medium - High (25-50%),Low - Medium (0.25-0.50),Low - Medium (0.33-0.66)
India,Himachal Pradesh,264.962920855,3.454308788740909,2.00305582097264,1.2396348941385036,1.9359692519220029,High (40-80%),Medium - High (25-50%),Low - Medium (0.25-0.50),Low - Medium (0.33-0.66)
India,Punjab,195.840324655,3.454308788740909,2.00305582097264,1.2396348941385036,1.9359692519220029,High (40-80%),Medium - High (25-50%),Low - Medium (0.25-0.50),Low - Medium (0.33-0.66)
India,Punjab,1484.97212787,3.454308788740909,2.00305582097264,1.2396348941385036,1.9359692519220029,High (40-80%),Medium - High (25-50%),Low - Medium (0.25-0.50),Low - Medium (0.33-0.66)
India,Punjab,1412.41162618,3.454308788740909,2.00305582097264,1.2396348941385036,1.9359692519220029,High (40-80%),Medium - High (25-50%),Low - Medium (0.25-0.50),Low - Medium (0.33-0.66)
India,Haryana,76.3863408531,2.97833302953605,1.7444019930715178,1.307777834349683,1.8695130714581945,Medium - High (20-40%),Low - Medium (5-25%),Low - Medium (0.25-0.50),Low - Medium (0.33-0.66)
India,Himachal Pradesh,11826.1441429,2.97833302953605,1.7444019930715178,1.307777834349683,1.8695130714581945,Medium - High (20-40%),Low - Medium (5-25%),Low - Medium (0.25-0.50),Low - Medium (0.33-0.66)
India,Himachal Pradesh,1815.38190053,2.97833302953605,1.7444019930715178,1.307777834349683,1.8695130714581945,Medium - High (20-40%),Low - Medium (5-25%),Low - Medium (0.25-0.50),Low - Medium (0.33-0.66)
India,Himachal Pradesh,21.9813896135,2.97833302953605,1.7444019930715178,1.307777834349683,1.8695130714581945,Medium - High (20-40%),Low - Medium (5-25%),Low - Medium (0.25-0.50),Low - Medium (0.33-0.66)
India,Himachal Pradesh,20.2710991796,2.97833302953605,1.7444019930715178,1.307777834349683,1.8695130714581945,Medium - High (20-40%),Low - Medium (5-25%),Low - Medium (0.25-0.50),Low - Medium (0.33-0.66)
India,Punjab,1061.80835238,2.97833302953605,1.7444019930715178,1.307777834349683,1.8695130714581945,Medium - High (20-40%),Low - Medium (5-25%),Low - Medium (0.25-0.50),Low - Medium (0.33-0.66)
India,Punjab,21.7788855548,2.97833302953605,1.7444019930715178,1.307777834349683,1.8695130714581945,Medium - High (20-40%),Low - Medium (5-25%),Low - Medium (0.25-0.50),Low - Medium (0.33-0.66)
India,Punjab,8905.17439023,2.97833302953605,1.7444019930715178,1.307777834349683,1.8695130714581945,Medium - High (20-40%),Low - Medium (5-25%),Low - Medium (0.25-0.50),Low - Medium (0.33-0.66)
India,Punjab,1769.82543986,2.97833302953605,1.7444019930715178,1.307777834349683,1.8695130714581945,Medium - High (20-40%),Low - Medium (5-25%),Low - Medium (0.25-0.50),Low - Medium (0.33-0.66)
India,Uttarakhand,38.7947964927,2.97833302953605,1.7444019930715178,1.307777834349683,1.8695130714581945,Medium - High (20-40%),Low - Medium (5-25%),Low - Medium (0.25-0.50),Low - Medium (0.33-0.66)
India,Himachal Pradesh,3075.23048009,0.0,0.0031614795440681,1.332588192606943,2.15822029442887,Low (<10%),Low (<5%),Low - Medium (0.25-0.50),Medium - High (0.66-1.00)
India,Himachal Pradesh,3653.02765682,0.0,0.0031614795440681,1.332588192606943,2.15822029442887,Low (<10%),Low (<5%),Low - Medium (0.25-0.50),Medium - High (0.66-1.00)
India,Jammu and Kashmir,333.633840917,0.0,0.0031614795440681,1.332588192606943,2.15822029442887,Low (<10%),Low (<5%),Low - Medium (0.25-0.50),Medium - High (0.66-1.00)
India,Jammu and Kashmir,708.937345097,0.0,0.0031614795440681,1.332588192606943,2.15822029442887,Low (<10%),Low (<5%),Low - Medium (0.25-0.50),Medium - High (0.66-1.00)
India,Himachal Pradesh,136.062815707,0.0,0.000243427207691,1.3264728063681837,2.14701329363708,Low (<10%),Low (<5%),Low - Medium (0.25-0.50),Medium - High (0.66-1.00)
India,Uttarakhand,27.631779445,0.0,0.000243427207691,1.3264728063681837,2.14701329363708,Low (<10%),Low (<5%),Low - Medium (0.25-0.50),Medium - High (0.66-1.00)
India,Jammu and Kashmir,57.2167094441,0.0,0.0033548459712489,2.4609768808749752,2.0442910193230435,Low (<10%),Low (<5%),Medium - High (0.50-0.75),Medium - High (0.66-1.00)
India,Uttarakhand,3.29735101418,0.0,3.1859682473193296e-05,1.2112969475926836,2.48750202225674,Low (<10%),Low (<5%),Low - Medium (0.25-0.50),Medium - High (0.66-1.00)
India,Uttarakhand,29.0477613371,0.0,0.0011759277558514,1.211499251941527,2.578995254813127,Low (<10%),Low (<5%),Low - Medium (0.25-0.50),Medium - High (0.66-1.00)
India,Uttarakhand,9.7693251683,0.0,0.0011759277558514,1.211499251941527,2.578995254813127,Low (<10%),Low (<5%),Low - Medium (0.25-0.50),Medium - High (0.66-1.00)
India,Uttarakhand,17.9516601742,0.0,0.0066096535299281,1.5500232265037954,3.119951733183981,Low (<10%),Low (<5%),Low - Medium (0.25-0.50),High (1.00-1.33)
India,Jammu and Kashmir,0.6981117839,2.878817275182983,1.5421091060212726,3.7710869884586113,3.2517235500917545,Medium - High (20-40%),Low - Medium (5-25%),High (0.75-1.00),High (1.00-1.33)
India,Jammu and Kashmir,3792.27644696,0.0,0.2129696448695554,4.041947451727498,2.263399957054232,Low (<10%),Low (<5%),Extremely High (>1.00),Medium - High (0.66-1.00)
India,Jammu and Kashmir,2371.52213097,3.386884757564566,3.713808341722788,3.478300328097736,2.904753461632707,High (40-80%),High (50-75%),High (0.75-1.00),Medium - High (0.66-1.00)
India,Jammu and Kashmir,2283.1515349,0.0,0.104116609079982,4.846625420542304,2.388937040929324,Low (<10%),Low (<5%),Extremely High (>1.00),Medium - High (0.66-1.00)
India,Jammu and Kashmir,7578.51194075,5.0,5.0,4.430438924037389,2.547385766718045,Arid and Low Water Use,Arid and Low Water Use,Extremely High (>1.00),Medium - High (0.66-1.00)
India,Jammu and Kashmir,4801.42736235,5.0,5.0,5.0,2.157236990248056,Arid and Low Water Use,Arid and Low Water Use,Extremely High (>1.00),Medium - High (0.66-1.00)
India,Jammu and Kashmir,37.8637229643,5.0,5.0,2.656618064749865,1.6972619821698007,Arid and Low Water Use,Arid and Low Water Use,Medium - High (0.50-0.75),Low - Medium (0.33-0.66)
India,Jammu and Kashmir,263.001432114,0.0,0.0196612993245083,3.282389181978858,2.921212000594716,Low (<10%),Low (<5%),High (0.75-1.00),Medium - High (0.66-1.00)
India,Jammu and Kashmir,732.361515722,0.0,0.0196612993245083,3.282389181978858,2.921212000594716,Low (<10%),Low (<5%),High (0.75-1.00),Medium - High (0.66-1.00)
India,Jammu and Kashmir,6381.99309638,0.0,0.1449795161943834,1.9493047952793687,2.7084990402810867,Low (<10%),Low (<5%),Low - Medium (0.25-0.50),Medium - High (0.66-1.00)
India,Jammu and Kashmir,5023.40947361,0.0,0.0150288851301728,2.220931322385985,2.356764010841689,Low (<10%),Low (<5%),Medium - High (0.50-0.75),Medium - High (0.66-1.00)
India,Himachal Pradesh,1403.35869242,0.0,0.0165145928701918,2.8093444187157166,2.685578431633659,Low (<10%),Low (<5%),Medium - High (0.50-0.75),Medium - High (0.66-1.00)
India,Jammu and Kashmir,7402.29577503,0.0,0.0165145928701918,2.8093444187157166,2.685578431633659,Low (<10%),Low (<5%),Medium - High (0.50-0.75),Medium - High (0.66-1.00)
India,Jammu and Kashmir,6102.08673458,0.0,0.0165145928701918,2.8093444187157166,2.685578431633659,Low (<10%),Low (<5%),Medium - High (0.50-0.75),Medium - High (0.66-1.00)
India,Jammu and Kashmir,12901.1183249,0.0,0.2106266997074389,1.889709892936628,2.409084538774402,Low (<10%),Low (<5%),Low - Medium (0.25-0.50),Medium - High (0.66-1.00)
India,Jammu and Kashmir,147.238784683,0.0,0.2106266997074389,1.889709892936628,2.409084538774402,Low (<10%),Low (<5%),Low - Medium (0.25-0.50),Medium - High (0.66-1.00)
India,Jammu and Kashmir,0.01936604332,5.0,5.0,2.7912313851942074,3.0632826473055106,Arid and Low Water Use,Arid and Low Water Use,Medium - High (0.50-0.75),High (1.00-1.33)
United States,Minnesota,1358.16904041,0.0,0.096527237691845,1.407353836266803,0.6208394885569176,Low (<10%),Low (<5%),Low - Medium (0.25-0.50),Low (<0.33)
United States,Minnesota,6148.51852443,0.0,0.096527237691845,1.407353836266803,0.6208394885569176,Low (<10%),Low (<5%),Low - Medium (0.25-0.50),Low (<0.33)
United States,Minnesota,2085.35825917,0.0,0.1713054443163519,2.1366496480906525,0.9243603308757836,Low (<10%),Low (<5%),Medium - High (0.50-0.75),Low (<0.33)
United States,Minnesota,3287.53630935,0.0,0.1713054443163519,2.1366496480906525,0.9243603308757836,Low (<10%),Low (<5%),Medium - High (0.50-0.75),Low (<0.33)
United States,Minnesota,38.5374951421,0.0,0.0247085545450717,2.087098410425564,0.5510456767062462,Low (<10%),Low (<5%),Medium - High (0.50-0.75),Low (<0.33)
United States,Minnesota,4785.57712111,0.0,0.0460867158231229,2.4219992218987123,0.5371602918108612,Low (<10%),Low (<5%),Medium - High (0.50-0.75),Low (<0.33)
United States,Minnesota,1023.57335898,0.1766743785206096,0.26484005798316,1.5615571634126388,0.888861789634352,Low (<10%),Low (<5%),Low - Medium (0.25-0.50),Low (<0.33)
United States,Minnesota,0.83405613658,0.0,0.0826918865587763,2.154327919221044,1.16745511993156,Low (<10%),Low (<5%),Medium - High (0.50-0.75),Low - Medium (0.33-0.66)
United States,Minnesota,10734.12906,0.0,0.0411024915884131,1.8392806044442271,0.4746994865838028,Low (<10%),Low (<5%),Low - Medium (0.25-0.50),Low (<0.33)
United States,North Dakota,5145.98162991,2.2199010971713657,1.0104177307767317,3.278210480601268,1.5160427802897982,Medium - High (20-40%),Low - Medium (5-25%),High (0.75-1.00),Low - Medium (0.33-0.66)
United States,North Dakota,4864.15864747,2.2199010971713657,1.0104177307767317,3.278210480601268,1.5160427802897982,Medium - High (20-40%),Low - Medium (5-25%),High (0.75-1.00),Low - Medium (0.33-0.66)
United States,North Dakota,104.679147468,1.2867047039745767,0.5322726318154398,2.350479262090392,1.355008768772889,Low - Medium (10-20%),Low (<5%),Medium - High (0.50-0.75),Low - Medium (0.33-0.66)
United States,North Dakota,0.62600802164,1.2867047039745767,0.5322726318154398,2.350479262090392,1.355008768772889,Low - Medium (10-20%),Low (<5%),Medium - High (0.50-0.75),Low - Medium (0.33-0.66)
United States,Minnesota,2545.72452629,1.3932899335448825,0.59882773189142,2.34693781860788,1.0852694737733315,Low - Medium (10-20%),Low (<5%),Medium - High (0.50-0.75),Low - Medium (0.33-0.66)
United States,Minnesota,759.318316755,1.3932899335448825,0.59882773189142,2.34693781860788,1.0852694737733315,Low - Medium (10-20%),Low (<5%),Medium - High (0.50-0.75),Low - Medium (0.33-0.66)
United States,Minnesota,191.711581976,0.0,0.0192218247905694,2.531067705552198,1.559483549795636,Low (<10%),Low (<5%),Medium - High (0.50-0.75),Low - Medium (0.33-0.66)
United States,North Dakota,15.8809556168,0.0,0.0192218247905694,2.531067705552198,1.559483549795636,Low (<10%),Low (<5%),Medium - High (0.50-0.75),Low - Medium (0.33-0.66)
United States,North Dakota,4055.73139161,5.0,5.0,3.0170338103165824,1.2218659811920225,Extremely High (>80%),Extremely High (>75%),High (0.75-1.00),Low - Medium (0.33-0.66)
United States,North Dakota,874.085585201,5.0,5.0,3.0170338103165824,1.2218659811920225,Extremely High (>80%),Extremely High (>75%),High (0.75-1.00),Low - Medium (0.33-0.66)
United States,Minnesota,8132.22917487,1.5261630059587752,0.6677621379958916,2.43743822937094,1.554368077495234,Low - Medium (10-20%),Low (<5%),Medium - High (0.50-0.75),Low - Medium (0.33-0.66)
United States,North Dakota,71.5796570502,1.5261630059587752,0.6677621379958916,2.43743822937094,1.554368077495234,Low - Medium (10-20%),Low (<5%),Medium - High (0.50-0.75),Low - Medium (0.33-0.66)
United States,North Dakota,7977.64932854,1.5261630059587752,0.6677621379958916,2.43743822937094,1.554368077495234,Low - Medium (10-20%),Low (<5%),Medium - High (0.50-0.75),Low - Medium (0.33-0.66)
United States,Minnesota,14447.4639941,0.7281445780829108,0.4015825021656591,2.2729719815152856,1.404437005696266,Low (<10%),Low (<5%),Medium - High (0.50-0.75),Low - Medium (0.33-0.66)
United States,Minnesota,6.83315555789,0.7281445780829108,0.4015825021656591,2.2729719815152856,1.404437005696266,Low (<10%),Low (<5%),Medium - High (0.50-0.75),Low - Medium (0.33-0.66)
United States,Minnesota,9552.76583985,1.5364899938584236,0.7528863990897527,2.3115789314824924,1.4700892993129424,Low - Medium (10-20%),Low (<5%),Medium - High (0.50-0.75),Low - Medium (0.33-0.66)
United States,Minnesota,64.5500323285,1.5364899938584236,0.7528863990897527,2.3115789314824924,1.4700892993129424,Low - Medium (10-20%),Low (<5%),Medium - High (0.50-0.75),Low - Medium (0.33-0.66)
United States,North Dakota,6181.45142443,1.5364899938584236,0.7528863990897527,2.3115789314824924,1.4700892993129424,Low - Medium (10-20%),Low (<5%),Medium - High (0.50-0.75),Low - Medium (0.33-0.66)
United States,Minnesota,10163.4109726,2.09775257504817,1.065973954512755,2.052338784879637,1.2957235687421906,Medium - High (20-40%),Low - Medium (5-25%),Medium - High (0.50-0.75),Low - Medium (0.33-0.66)
United States,North Dakota,6048.86340466,2.09775257504817,1.065973954512755,2.052338784879637,1.2957235687421906,Medium - High (20-40%),Low - Medium (5-25%),Medium - High (0.50-0.75),Low - Medium (0.33-0.66)
United States,South Dakota,1461.55601552,2.09775257504817,1.065973954512755,2.052338784879637,1.2957235687421906,Medium - High (20-40%),Low - Medium (5-25%),Medium - High (0.50-0.75),Low - Medium (0.33-0.66)
United States,North Dakota,3415.04515931,1.1257976291738507,0.6360441914497951,2.2444333549217026,1.518162494648101,Low - Medium (10-20%),Low (<5%),Medium - High (0.50-0.75),Low - Medium (0.33-0.66)
United States,North Dakota,15739.3234767,1.1257976291738507,0.6360441914497951,2.2444333549217026,1.518162494648101,Low - Medium (10-20%),Low (<5%),Medium - High (0.50-0.75),Low - Medium (0.33-0.66)
United States,North Dakota,2553.2088626,2.890460627501444,1.1488850678177562,2.8670597291107143,1.132652977225434,Medium - High (20-40%),Low - Medium (5-25%),Medium - High (0.50-0.75),Low - Medium (0.33-0.66)
United States,North Dakota,4252.83513823,1.382017364670692,0.5925577852580101,2.784470824670647,1.1077313324724936,Low - Medium (10-20%),Low (<5%),Medium - High (0.50-0.75),Low - Medium (0.33-0.66)
United States,North Dakota,176.419784982,0.0,0.0101445823834627,2.657034645943469,1.0734910676452474,Low (<10%),Low (<5%),Medium - High (0.50-0.75),Low - Medium (0.33-0.66)
United States,North Dakota,4161.96894858,3.4062231857369247,1.308583601323322,1.9221187727968905,0.5208226987737039,High (40-80%),Low - Medium (5-25%),Low - Medium (0.25-0.50),Low (<0.33)
United States,North Dakota,8335.54998659,2.1599318846534064,1.000124752055071,2.343315440050848,1.0007756557458136,Medium - High (20-40%),Low - Medium (5-25%),Medium - High (0.50-0.75),Low - Medium (0.33-0.66)
United States,North Dakota,312.76809557,2.1599318846534064,1.000124752055071,2.343315440050848,1.0007756557458136,Medium - High (20-40%),Low - Medium (5-25%),Medium - High (0.50-0.75),Low - Medium (0.33-0.66)
United States,North Dakota,31.3595456327,5.0,5.0,2.3355172521004395,0.5482476152693863,Extremely High (>80%),Extremely High (>75%),Medium - High (0.50-0.75),Low (<0.33)
United States,North Dakota,2403.67280222,5.0,5.0,2.3355172521004395,0.5482476152693863,Extremely High (>80%),Extremely High (>75%),Medium - High (0.50-0.75),Low (<0.33)
United States,Montana,94.0793994004,3.2197152744262185,2.088356533268997,1.8475398826306493,1.8778878349260952,High (40-80%),Medium - High (25-50%),Low - Medium (0.25-0.50),Low - Medium (0.33-0.66)
United States,Montana,987.5458086,3.2197152744262185,2.088356533268997,1.8475398826306493,1.8778878349260952,High (40-80%),Medium - High (25-50%),Low - Medium (0.25-0.50),Low - Medium (0.33-0.66)
United States,Montana,689.094560149,3.2197152744262185,2.088356533268997,1.8475398826306493,1.8778878349260952,High (40-80%),Medium - High (25-50%),Low - Medium (0.25-0.50),Low - Medium (0.33-0.66)
United States,Maine,34.5561164538,0.0,0.038941204256172,0.9768006327391712,0.8807710022702022,Low (<10%),Low (<5%),Low (<0.25),Low (<0.33)
United States,Maine,3.83112989632,1.045899165267922,0.4818404815842297,0.8595619736675562,0.8109814482307793,Low - Medium (10-20%),Low (<5%),Low (<0.25),Low (<0.33)
United States,New Hampshire,10.537041706,1.045899165267922,0.4818404815842297,0.8595619736675562,0.8109814482307793,Low - Medium (10-20%),Low (<5%),Low (<0.25),Low (<0.33)
United States,Vermont,1548.10822828,1.045899165267922,0.4818404815842297,0.8595619736675562,0.8109814482307793,Low - Medium (10-20%),Low (<5%),Low (<0.25),Low (<0.33)
United States,New York,6976.89913085,0.0,0.0113762354761733,1.0198758400035206,0.8666123976236106,Low (<10%),Low (<5%),Low - Medium (0.25-0.50),Low (<0.33)
United States,New York,749.27281967,0.0,0.0113762354761733,1.0198758400035206,0.8666123976236106,Low (<10%),Low (<5%),Low - Medium (0.25-0.50),Low (<0.33)
United States,Vermont,12033.6195404,0.0,0.0113762354761733,1.0198758400035206,0.8666123976236106,Low (<10%),Low (<5%),Low - Medium (0.25-0.50),Low (<0.33)
United States,New York,208.523855241,0.0,0.0245364009880916,1.114653817984797,0.9086712394365626,Low (<10%),Low (<5%),Low - Medium (0.25-0.50),Low (<0.33)
United States,New York,845.78134781,0.0,0.0245364009880916,1.114653817984797,0.9086712394365626,Low (<10%),Low (<5%),Low - Medium (0.25-0.50),Low (<0.33)
United States,New York,10170.1400426,0.0,0.0751821523605066,0.4611072511393217,0.4566259050120566,Low (<10%),Low (<5%),Low (<0.25),Low (<0.33)
United States,New York,3482.40961384,0.0,0.0751821523605066,0.4611072511393217,0.4566259050120566,Low (<10%),Low (<5%),Low (<0.25),Low (<0.33)
United States,New York,8.62707756266,0.0,0.0072884026642696,1.487496818267736,1.163049345027285,Low (<10%),Low (<5%),Low - Medium (0.25-0.50),Low - Medium (0.33-0.66)
United States,New York,9606.98642325,0.1572145460948789,0.3097566428439784,1.382012583645233,1.906199931654512,Low (<10%),Low (<5%),Low - Medium (0.25-0.50),Low - Medium (0.33-0.66)
United States,New York,275.055926013,0.1572145460948789,0.3097566428439784,1.382012583645233,1.906199931654512,Low (<10%),Low (<5%),Low - Medium (0.25-0.50),Low - Medium (0.33-0.66)
United States,New York,13679.9875834,0.0,0.0094925252799521,1.4911409431798466,1.165373841579163,Low (<10%),Low (<5%),Low - Medium (0.25-0.50),Low - Medium (0.33-0.66)
United States,New York,27.9454672797,0.0,0.0094925252799521,1.4911409431798466,1.165373841579163,Low (<10%),Low (<5%),Low - Medium (0.25-0.50),Low - Medium (0.33-0.66)
United States,New York,4766.95889033,0.0,0.0190419586726007,1.49128440798355,1.166203290946089,Low (<10%),Low (<5%),Low - Medium (0.25-0.50),Low - Medium (0.33-0.66)
United States,New York,114.355043079,0.0,0.0190419586726007,1.49128440798355,1.166203290946089,Low (<10%),Low (<5%),Low - Medium (0.25-0.50),Low - Medium (0.33-0.66)
United States,New York,6624.82734309,0.0,0.006154436346647,1.493164344014762,1.167550389114628,Low (<10%),Low (<5%),Low - Medium (0.25-0.50),Low - Medium (0.33-0.66)
United States,New York,17.9044753164,0.0,0.006154436346647,1.493164344014762,1.167550389114628,Low (<10%),Low (<5%),Low - Medium (0.25-0.50),Low - Medium (0.33-0.66)
United States,Pennsylvania,131.127678325,0.0,0.006154436346647,1.493164344014762,1.167550389114628,Low (<10%),Low (<5%),Low - Medium (0.25-0.50),Low - Medium (0.33-0.66)
United States,Pennsylvania,113.531100536,0.0,0.006154436346647,1.493164344014762,1.167550389114628,Low (<10%),Low (<5%),Low - Medium (0.25-0.50),Low - Medium (0.33-0.66)
United States,New York,4346.07414983,3.400944162891712,1.3814246439348965,1.710654588490445,2.045309702800182,High (40-80%),Low - Medium (5-25%),Low - Medium (0.25-0.50),Medium - High (0.66-1.00)
United States,New York,1742.08081515,3.400944162891712,1.3814246439348965,1.710654588490445,2.045309702800182,High (40-80%),Low - Medium (5-25%),Low - Medium (0.25-0.50),Medium - High (0.66-1.00)
United States,New York,55.1693493379,3.74627603849926,1.475557310175296,1.4792030218124113,1.2723472715580502,High (40-80%),Low - Medium (5-25%),Low - Medium (0.25-0.50),Low - Medium (0.33-0.66)
United States,New York,5746.50627031,0.0,0.0241156760817508,1.4690148068082791,0.98444885661387,Low (<10%),Low (<5%),Low - Medium (0.25-0.50),Low (<0.33)
United States,New York,347.647378279,0.0,0.0241156760817508,1.4690148068082791,0.98444885661387,Low (<10%),Low (<5%),Low - Medium (0.25-0.50),Low (<0.33)
United States,Ohio,754.122945153,0.0,0.0241156760817508,1.4690148068082791,0.98444885661387,Low (<10%),Low (<5%),Low - Medium (0.25-0.50),Low (<0.33)
United States,Ohio,256.435390778,0.0,0.0241156760817508,1.4690148068082791,0.98444885661387,Low (<10%),Low (<5%),Low - Medium (0.25-0.50),Low (<0.33)
United States,Ohio,0.061821245,0.0,0.013856486019654,1.6518711713494154,1.5056934258241146,Low (<10%),Low (<5%),Low - Medium (0.25-0.50),Low - Medium (0.33-0.66)
United States,New York,328.059543414,1.9881559259036168,0.9164061993619916,1.1497781034858887,0.952917195744828,Low - Medium (10-20%),Low (<5%),Low - Medium (0.25-0.50),Low (<0.33)
United States,Ohio,1020.17069821,1.9881559259036168,0.9164061993619916,1.1497781034858887,0.952917195744828,Low - Medium (10-20%),Low (<5%),Low - Medium (0.25-0.50),Low (<0.33)
United States,Ohio,17525.3099598,1.9881559259036168,0.9164061993619916,1.1497781034858887,0.952917195744828,Low - Medium (10-20%),Low (<5%),Low - Medium (0.25-0.50),Low (<0.33)
United States,Pennsylvania,1158.68052529,1.9881559259036168,0.9164061993619916,1.1497781034858887,0.952917195744828,Low - Medium (10-20%),Low (<5%),Low - Medium (0.25-0.50),Low (<0.33)
United States,Pennsylvania,189.856966433,1.9881559259036168,0.9164061993619916,1.1497781034858887,0.952917195744828,Low - Medium (10-20%),Low (<5%),Low - Medium (0.25-0.50),Low (<0.33)
United States,Ohio,6524.48794037,0.0,0.0067801041226332,1.6503531091810095,1.506039538628476,Low (<10%),Low (<5%),Low - Medium (0.25-0.50),Low - Medium (0.33-0.66)
United States,Ohio,3487.97562943,0.0,0.0085943136890295,1.6520736864125476,1.5071485451083126,Low (<10%),Low (<5%),Low - Medium (0.25-0.50),Low - Medium (0.33-0.66)
United States,Indiana,2217.22380602,0.0,0.0534549506050327,1.636536012995391,1.494758537673409,Low (<10%),Low (<5%),Low - Medium (0.25-0.50),Low - Medium (0.33-0.66)
United States,Indiana,1147.50826873,0.0,0.0534549506050327,1.636536012995391,1.494758537673409,Low (<10%),Low (<5%),Low - Medium (0.25-0.50),Low - Medium (0.33-0.66)
United States,Michigan,2.26948778535,0.0,0.0534549506050327,1.636536012995391,1.494758537673409,Low (<10%),Low (<5%),Low - Medium (0.25-0.50),Low - Medium (0.33-0.66)
United States,Michigan,82.4131374629,0.0,0.0534549506050327,1.636536012995391,1.494758537673409,Low (<10%),Low (<5%),Low - Medium (0.25-0.50),Low - Medium (0.33-0.66)
United States,Michigan,4635.99764415,0.0,0.0534549506050327,1.636536012995391,1.494758537673409,Low (<10%),Low (<5%),Low - Medium (0.25-0.50),Low - Medium (0.33-0.66)
United States,Ohio,10013.0509237,0.0,0.0534549506050327,1.636536012995391,1.494758537673409,Low (<10%),Low (<5%),Low - Medium (0.25-0.50),Low - Medium (0.33-0.66)
United States,Ohio,3506.75711232,0.0,0.0534549506050327,1.636536012995391,1.494758537673409,Low (<10%),Low (<5%),Low - Medium (0.25-0.50),Low - Medium (0.33-0.66)
United States,Michigan,638.40799859,0.0,0.0027431065418849,1.6533343513008163,1.508919622804216,Low (<10%),Low (<5%),Low - Medium (0.25-0.50),Low - Medium (0.33-0.66)
United States,Ohio,81.2333943038,0.0,0.0027431065418849,1.6533343513008163,1.508919622804216,Low (<10%),Low (<5%),Low - Medium (0.25-0.50),Low - Medium (0.33-0.66)
United States,Ohio,43.6864709122,0.0,0.0027431065418849,1.6533343513008163,1.508919622804216,Low (<10%),Low (<5%),Low - Medium (0.25-0.50),Low - Medium (0.33-0.66)
United States,Ohio,57.1055036946,0.0,0.0027431065418849,1.6533343513008163,1.508919622804216,Low (<10%),Low (<5%),Low - Medium (0.25-0.50),Low - Medium (0.33-0.66)
United States,Michigan,78.8334429875,3.530514924286732,1.370176403789752,1.2904152793741317,0.9586635578448118,High (40-80%),Low - Medium (5-25%),Low - Medium (0.25-0.50),Low (<0.33)
United States,Michigan,2062.76782711,3.530514924286732,1.370176403789752,1.2904152793741317,0.9586635578448118,High (40-80%),Low - Medium (5-25%),Low - Medium (0.25-0.50),Low (<0.33)
United States,Ohio,8.90704094304,3.530514924286732,1.370176403789752,1.2904152793741317,0.9586635578448118,High (40-80%),Low - Medium (5-25%),Low - Medium (0.25-0.50),Low (<0.33)
United States,Michigan,2156.81707734,0.0,0.0307462068441223,1.6557320432779905,1.6249076906847717,Low (<10%),Low (<5%),Low - Medium (0.25-0.50),Low - Medium (0.33-0.66)
United States,Ohio,66.0925047467,0.0,0.0307462068441223,1.6557320432779905,1.6249076906847717,Low (<10%),Low (<5%),Low - Medium (0.25-0.50),Low - Medium (0.33-0.66)
United States,Michigan,14.3448322367,4.070823619496321,1.890604924930348,2.4385659310705083,2.236014471892881,Extremely High (>80%),Low - Medium (5-25%),Medium - High (0.50-0.75),Medium - High (0.66-1.00)
United States,Michigan,205.658984566,0.0,0.0047809519760028,1.719511942100603,1.9244618014526549,Low (<10%),Low (<5%),Low - Medium (0.25-0.50),Low - Medium (0.33-0.66)
United States,Michigan,2.32275042677,0.0,0.00981240736629,1.7180276800901737,1.9119557574707844,Low (<10%),Low (<5%),Low - Medium (0.25-0.50),Low - Medium (0.33-0.66)
United States,Michigan,18.1475176081,1.73681942669369,0.7398319006792899,2.371488104954448,3.178553259355871,Low - Medium (10-20%),Low (<5%),Medium - High (0.50-0.75),High (1.00-1.33)
United States,Michigan,8773.79141601,1.73681942669369,0.7398319006792899,2.371488104954448,3.178553259355871,Low - Medium (10-20%),Low (<5%),Medium - High (0.50-0.75),High (1.00-1.33)
United States,Michigan,91.7925778525,0.0,0.0020398616637728,1.714616839557473,2.071704728876394,Low (<10%),Low (<5%),Low - Medium (0.25-0.50),Medium - High (0.66-1.00)
United States,Michigan,2950.04644764,0.0,0.0012814488488024,1.713731988632882,2.071411723305664,Low (<10%),Low (<5%),Low - Medium (0.25-0.50),Medium - High (0.66-1.00)
United States,Michigan,403.940327104,0.0,0.0007707870477433,1.715767083837106,2.073966363238839,Low (<10%),Low (<5%),Low - Medium (0.25-0.50),Medium - High (0.66-1.00)
United States,Michigan,1335.42033315,0.0,0.0007707870477433,1.715767083837106,2.073966363238839,Low (<10%),Low (<5%),Low - Medium (0.25-0.50),Medium - High (0.66-1.00)
United States,Michigan,485.318260951,0.0,0.0041046187035857,1.7141878416406289,2.073011156505548,Low (<10%),Low (<5%),Low - Medium (0.25-0.50),Medium - High (0.66-1.00)
United States,Michigan,5280.18299956,0.0,0.0041046187035857,1.7141878416406289,2.073011156505548,Low (<10%),Low (<5%),Low - Medium (0.25-0.50),Medium - High (0.66-1.00)
United States,Michigan,6633.98800543,2.1865096383650835,1.0259590772791904,2.2002667999474856,1.8569033662391936,Medium - High (20-40%),Low - Medium (5-25%),Medium - High (0.50-0.75),Low - Medium (0.33-0.66)
United States,Michigan,2307.94156659,2.1865096383650835,1.0259590772791904,2.2002667999474856,1.8569033662391936,Medium - High (20-40%),Low - Medium (5-25%),Medium - High (0.50-0.75),Low - Medium (0.33-0.66)
United States,Michigan,2009.98361162,1.5369891837319662,0.7457674544981343,2.300045286478789,1.7631287569624536,Low - Medium (10-20%),Low (<5%),Medium - High (0.50-0.75),Low - Medium (0.33-0.66)
United States,Michigan,608.861850364,1.5369891837319662,0.7457674544981343,2.300045286478789,1.7631287569624536,Low - Medium (10-20%),Low (<5%),Medium - High (0.50-0.75),Low - Medium (0.33-0.66)
United States,Michigan,0.46909964029,,,,,No Data,No Data,No Data,No Data
United States,Michigan,4609.20053906,4.290336557238984,1.847101884201732,2.5234303128089013,2.117139368666547,Extremely High (>80%),Low - Medium (5-25%),Medium - High (0.50-0.75),Medium - High (0.66-1.00)
United States,Michigan,1863.38863925,4.290336557238984,1.847101884201732,2.5234303128089013,2.117139368666547,Extremely High (>80%),Low - Medium (5-25%),Medium - High (0.50-0.75),Medium - High (0.66-1.00)
United States,Michigan,372.910267106,2.3965534099595014,1.0369720215976843,2.967005027481482,2.281740011781835,Medium - High (20-40%),Low - Medium (5-25%),Medium - High (0.50-0.75),Medium - High (0.66-1.00)
United States,Michigan,2600.40436046,3.214888086445994,1.3448988830443165,2.427673466550387,2.004050803373697,High (40-80%),Low - Medium (5-25%),Medium - High (0.50-0.75),Medium - High (0.66-1.00)
United States,Michigan,855.887858526,3.214888086445994,1.3448988830443165,2.427673466550387,2.004050803373697,High (40-80%),Low - Medium (5-25%),Medium - High (0.50-0.75),Medium - High (0.66-1.00)
United States,Michigan,490.672452341,4.105840067082921,1.8394372018550416,2.759209890035774,2.911157355595004,Extremely High (>80%),Low - Medium (5-25%),Medium - High (0.50-0.75),Medium - High (0.66-1.00)
United States,Michigan,1479.91787091,4.105840067082921,1.8394372018550416,2.759209890035774,2.911157355595004,Extremely High (>80%),Low - Medium (5-25%),Medium - High (0.50-0.75),Medium - High (0.66-1.00)
United States,Michigan,1523.71850983,0.0,0.0026482750368243,1.7133058751359007,2.071127881928583,Low (<10%),Low (<5%),Low - Medium (0.25-0.50),Medium - High (0.66-1.00)
United States,Michigan,55.7505776031,0.0,0.0,1.7158205249914966,2.074231922291741,Low (<10%),Low (<5%),Low - Medium (0.25-0.50),Medium - High (0.66-1.00)
United States,Michigan,0.22243266722,0.0,0.046918627390125,1.432242126864973,1.9986757160600008,Low (<10%),Low (<5%),Low - Medium (0.25-0.50),Low - Medium (0.33-0.66)
United States,Michigan,1401.18737591,2.84290440459165,2.353522400189222,2.926733393305438,4.700769894997375,Medium - High (20-40%),Medium - High (25-50%),Medium - High (0.50-0.75),Extremely High (>1.33)
United States,Michigan,515.146631139,0.0,9.348827451148152e-06,1.7153362202181264,2.07357535562424,Low (<10%),Low (<5%),Low - Medium (0.25-0.50),Medium - High (0.66-1.00)
United States,Michigan,1189.14600874,0.0,7.737059616801868e-05,1.7159475406778983,2.074531279085032,Low (<10%),Low (<5%),Low - Medium (0.25-0.50),Medium - High (0.66-1.00)
United States,Michigan,4713.46827723,0.0,0.0011550491653302,1.7159530568277104,2.074908936328144,Low (<10%),Low (<5%),Low - Medium (0.25-0.50),Medium - High (0.66-1.00)
United States,Michigan,3663.89299952,0.0,0.0362007662952169,1.5459571568662671,1.763386007356741,Low (<10%),Low (<5%),Low - Medium (0.25-0.50),Low - Medium (0.33-0.66)
United States,Michigan,94.24244535,0.0,0.0027622293802221,1.7040824992967796,2.056836827251265,Low (<10%),Low (<5%),Low - Medium (0.25-0.50),Medium - High (0.66-1.00)
United States,Michigan,1133.90709365,0.0,0.1385650719417023,2.29429722056526,2.462978812727626,Low (<10%),Low (<5%),Medium - High (0.50-0.75),Medium - High (0.66-1.00)
United States,Michigan,239.045955444,0.0,0.0001730733404437,1.7153825800519948,2.0734475366217624,Low (<10%),Low (<5%),Low - Medium (0.25-0.50),Medium - High (0.66-1.00)
United States,Michigan,2201.24469591,0.0,0.0006582411103094,1.7152686433663835,2.073406991777011,Low (<10%),Low (<5%),Low - Medium (0.25-0.50),Medium - High (0.66-1.00)
United States,Michigan,251.754875428,0.0,0.1911857530704308,2.898419380682584,2.125264931967476,Low (<10%),Low (<5%),Medium - High (0.50-0.75),Medium - High (0.66-1.00)
United States,Michigan,26501.7745069,0.0,0.1911857530704308,2.898419380682584,2.125264931967476,Low (<10%),Low (<5%),Medium - High (0.50-0.75),Medium - High (0.66-1.00)
United States,Michigan,800.341793541,0.0,0.000125914027791,2.042073572468834,2.731540435166373,Low (<10%),Low (<5%),Medium - High (0.50-0.75),Medium - High (0.66-1.00)
United States,Michigan,7708.39901935,0.0,0.0252325922923704,2.1555093311408795,2.7396291027826583,Low (<10%),Low (<5%),Medium - High (0.50-0.75),Medium - High (0.66-1.00)
United States,Michigan,26.6358840373,0.0,0.0033816087345661,2.043400679350558,2.730785744943234,Low (<10%),Low (<5%),Medium - High (0.50-0.75),Medium - High (0.66-1.00)
United States,Michigan,2609.40652985,0.0,0.0033816087345661,2.043400679350558,2.730785744943234,Low (<10%),Low (<5%),Medium - High (0.50-0.75),Medium - High (0.66-1.00)
United States,Wisconsin,1016.59353841,0.0,0.0033816087345661,2.043400679350558,2.730785744943234,Low (<10%),Low (<5%),Medium - High (0.50-0.75),Medium - High (0.66-1.00)
United States,Michigan,109.092692634,0.0,0.1202354585065959,1.9936072222003525,2.5953518734469254,Low (<10%),Low (<5%),Low - Medium (0.25-0.50),Medium - High (0.66-1.00)
United States,Michigan,6498.47705344,0.0,0.1202354585065959,1.9936072222003525,2.5953518734469254,Low (<10%),Low (<5%),Low - Medium (0.25-0.50),Medium - High (0.66-1.00)
United States,Wisconsin,175.496256836,0.0,0.1202354585065959,1.9936072222003525,2.5953518734469254,Low (<10%),Low (<5%),Low - Medium (0.25-0.50),Medium - High (0.66-1.00)
United States,Wisconsin,3810.10103115,0.0,0.1202354585065959,1.9936072222003525,2.5953518734469254,Low (<10%),Low (<5%),Low - Medium (0.25-0.50),Medium - High (0.66-1.00)
United States,Wisconsin,152.297169872,0.0,0.0064433946586325,2.043941434905709,2.729752223703372,Low (<10%),Low (<5%),Medium - High (0.50-0.75),Medium - High (0.66-1.00)
United States,Wisconsin,461.188118172,0.0,0.0064433946586325,2.043941434905709,2.729752223703372,Low (<10%),Low (<5%),Medium - High (0.50-0.75),Medium - High (0.66-1.00)
United States,Wisconsin,58.4263596064,0.0,0.0064433946586325,2.043941434905709,2.729752223703372,Low (<10%),Low (<5%),Medium - High (0.50-0.75),Medium - High (0.66-1.00)
United States,Wisconsin,1322.73764912,2.719970307933348,1.1388499046001217,2.366364219598222,1.6369334570865182,Medium - High (20-40%),Low - Medium (5-25%),Medium - High (0.50-0.75),Low - Medium (0.33-0.66)
United States,Wisconsin,1681.66107479,2.719970307933348,1.1388499046001217,2.366364219598222,1.6369334570865182,Medium - High (20-40%),Low - Medium (5-25%),Medium - High (0.50-0.75),Low - Medium (0.33-0.66)
United States,Wisconsin,6101.62953954,0.0,0.1843543529624844,2.078331631031117,2.6400146776463864,Low (<10%),Low (<5%),Medium - High (0.50-0.75),Medium - High (0.66-1.00)
United States,Wisconsin,1211.94036611,0.0,0.1843543529624844,2.078331631031117,2.6400146776463864,Low (<10%),Low (<5%),Medium - High (0.50-0.75),Medium - High (0.66-1.00)
United States,Wisconsin,803.475789694,0.0,0.1843543529624844,2.078331631031117,2.6400146776463864,Low (<10%),Low (<5%),Medium - High (0.50-0.75),Medium - High (0.66-1.00)
United States,Wisconsin,3829.88273763,4.267301236341685,1.8697207432650893,3.421989116768311,1.8859874442831783,Extremely High (>80%),Low - Medium (5-25%),High (0.75-1.00),Low - Medium (0.33-0.66)
United States,Wisconsin,6196.46273896,3.759561064385907,1.5659703903083693,2.58587161680075,1.5615956843599512,High (40-80%),Low - Medium (5-25%),Medium - High (0.50-0.75),Low - Medium (0.33-0.66)
United States,Wisconsin,3436.83831198,3.759561064385907,1.5659703903083693,2.58587161680075,1.5615956843599512,High (40-80%),Low - Medium (5-25%),Medium - High (0.50-0.75),Low - Medium (0.33-0.66)
United States,Michigan,4.78230201378,1.6258073740933154,0.7602042032353339,1.992063985884705,2.935458403742225,Low - Medium (10-20%),Low (<5%),Low - Medium (0.25-0.50),Medium - High (0.66-1.00)
United States,Michigan,7627.71912483,1.6258073740933154,0.7602042032353339,1.992063985884705,2.935458403742225,Low - Medium (10-20%),Low (<5%),Low - Medium (0.25-0.50),Medium - High (0.66-1.00)
United States,Wisconsin,757.708003754,1.6258073740933154,0.7602042032353339,1.992063985884705,2.935458403742225,Low - Medium (10-20%),Low (<5%),Low - Medium (0.25-0.50),Medium - High (0.66-1.00)
United States,Wisconsin,4140.58126311,1.6258073740933154,0.7602042032353339,1.992063985884705,2.935458403742225,Low - Medium (10-20%),Low (<5%),Low - Medium (0.25-0.50),Medium - High (0.66-1.00)
United States,Michigan,3753.5134439,0.0,0.0079033097192041,2.0395543962827123,2.7247437950899966,Low (<10%),Low (<5%),Medium - High (0.50-0.75),Medium - High (0.66-1.00)
United States,Michigan,1.16384274434,0.0,0.0079033097192041,2.0395543962827123,2.7247437950899966,Low (<10%),Low (<5%),Medium - High (0.50-0.75),Medium - High (0.66-1.00)
United States,Michigan,1870.12950132,0.0,0.0079033097192041,2.0395543962827123,2.7247437950899966,Low (<10%),Low (<5%),Medium - High (0.50-0.75),Medium - High (0.66-1.00)
United States,Michigan,406.115511152,3.021911380748505,1.2365604043523493,3.204359511095672,4.178795490329239,High (40-80%),Low - Medium (5-25%),High (0.75-1.00),Extremely High (>1.33)
United States,Michigan,74.800844825,3.021911380748505,1.2365604043523493,3.204359511095672,4.178795490329239,High (40-80%),Low - Medium (5-25%),High (0.75-1.00),Extremely High (>1.33)
United States,Michigan,1674.31731239,3.021911380748505,1.2365604043523493,3.204359511095672,4.178795490329239,High (40-80%),Low - Medium (5-25%),High (0.75-1.00),Extremely High (>1.33)
United States,Wisconsin,1619.84511648,3.021911380748505,1.2365604043523493,3.204359511095672,4.178795490329239,High (40-80%),Low - Medium (5-25%),High (0.75-1.00),Extremely High (>1.33)
United States,Wisconsin,710.144042148,3.021911380748505,1.2365604043523493,3.204359511095672,4.178795490329239,High (40-80%),Low - Medium (5-25%),High (0.75-1.00),Extremely High (>1.33)
United States,Michigan,26.1316716421,0.0,0.0081194789757546,2.0433186787557567,2.7272569967574167,Low (<10%),Low (<5%),Medium - High (0.50-0.75),Medium - High (0.66-1.00)
United States,Wisconsin,300.36314387,0.0,0.0081194789757546,2.0433186787557567,2.7272569967574167,Low (<10%),Low (<5%),Medium - High (0.50-0.75),Medium - High (0.66-1.00)
United States,Wisconsin,2691.64169781,0.0,0.0081194789757546,2.0433186787557567,2.7272569967574167,Low (<10%),Low (<5%),Medium - High (0.50-0.75),Medium - High (0.66-1.00)
United States,Wisconsin,163.283961276,0.0,0.0081194789757546,2.0433186787557567,2.7272569967574167,Low (<10%),Low (<5%),Medium - High (0.50-0.75),Medium - High (0.66-1.00)
United States,Michigan,52.8627935288,0.0,0.0,2.0428240720482203,2.7285357108052803,Low (<10%),Low (<5%),Medium - High (0.50-0.75),Medium - High (0.66-1.00)
United States,Michigan,1715.52446586,0.0,0.0075881369280986,2.0376405012224907,2.7226010859705725,Low (<10%),Low (<5%),Medium - High (0.50-0.75),Medium - High (0.66-1.00)
United States,Michigan,1509.69562111,0.0,0.0075881369280986,2.0376405012224907,2.7226010859705725,Low (<10%),Low (<5%),Medium - High (0.50-0.75),Medium - High (0.66-1.00)
United States,Michigan,581.348569756,0.0,0.0075881369280986,2.0376405012224907,2.7226010859705725,Low (<10%),Low (<5%),Medium - High (0.50-0.75),Medium - High (0.66-1.00)
United States,Michigan,620.22561673,2.2994945727612315,1.03308839023921,2.11235505274183,2.331049114497169,Medium - High (20-40%),Low - Medium (5-25%),Medium - High (0.50-0.75),Medium - High (0.66-1.00)
United States,Michigan,971.638941074,2.2994945727612315,1.03308839023921,2.11235505274183,2.331049114497169,Medium - High (20-40%),Low - Medium (5-25%),Medium - High (0.50-0.75),Medium - High (0.66-1.00)
United States,Wisconsin,179.604811315,2.2994945727612315,1.03308839023921,2.11235505274183,2.331049114497169,Medium - High (20-40%),Low - Medium (5-25%),Medium - High (0.50-0.75),Medium - High (0.66-1.00)
United States,Wisconsin,3369.66814041,2.2994945727612315,1.03308839023921,2.11235505274183,2.331049114497169,Medium - High (20-40%),Low - Medium (5-25%),Medium - High (0.50-0.75),Medium - High (0.66-1.00)
United States,Wisconsin,144.166407396,2.2994945727612315,1.03308839023921,2.11235505274183,2.331049114497169,Medium - High (20-40%),Low - Medium (5-25%),Medium - High (0.50-0.75),Medium - High (0.66-1.00)
United States,Michigan,907.329299584,0.0,0.0068694422831326,2.041231012825677,2.726977050256589,Low (<10%),Low (<5%),Medium - High (0.50-0.75),Medium - High (0.66-1.00)
United States,Michigan,890.746204528,0.0,0.0068694422831326,2.041231012825677,2.726977050256589,Low (<10%),Low (<5%),Medium - High (0.50-0.75),Medium - High (0.66-1.00)
United States,Michigan,267.618392046,0.0,0.0068694422831326,2.041231012825677,2.726977050256589,Low (<10%),Low (<5%),Medium - High (0.50-0.75),Medium - High (0.66-1.00)
United States,Michigan,10.9798144312,2.274077680800156,0.9912744635012272,3.1720891820643864,3.003432298423544,Medium - High (20-40%),Low (<5%),High (0.75-1.00),High (1.00-1.33)
United States,Michigan,197.872944422,2.274077680800156,0.9912744635012272,3.1720891820643864,3.003432298423544,Medium - High (20-40%),Low (<5%),High (0.75-1.00),High (1.00-1.33)
United States,Wisconsin,1108.49441477,2.274077680800156,0.9912744635012272,3.1720891820643864,3.003432298423544,Medium - High (20-40%),Low (<5%),High (0.75-1.00),High (1.00-1.33)
United States,Michigan,3555.20908376,0.0,0.1906753330548374,1.9473717736619505,2.5699118385010937,Low (<10%),Low (<5%),Low - Medium (0.25-0.50),Medium - High (0.66-1.00)
United States,Michigan,3939.8355754,0.0,0.1906753330548374,1.9473717736619505,2.5699118385010937,Low (<10%),Low (<5%),Low - Medium (0.25-0.50),Medium - High (0.66-1.00)
United States,Michigan,406.73451068,0.0,0.1906753330548374,1.9473717736619505,2.5699118385010937,Low (<10%),Low (<5%),Low - Medium (0.25-0.50),Medium - High (0.66-1.00)
United States,Michigan,0.25997576078,0.0,0.0,2.0430358632063723,2.7283152767616885,Low (<10%),Low (<5%),Medium - High (0.50-0.75),Medium - High (0.66-1.00)
United States,Michigan,144.017886414,0.0,0.0,2.0430358632063723,2.7283152767616885,Low (<10%),Low (<5%),Medium - High (0.50-0.75),Medium - High (0.66-1.00)
United States,Wisconsin,5.48159119019,0.0,0.0,2.0430358632063723,2.7283152767616885,Low (<10%),Low (<5%),Medium - High (0.50-0.75),Medium - High (0.66-1.00)
United States,Wisconsin,0.65719950634,0.0,0.0,2.0430358632063723,2.7283152767616885,Low (<10%),Low (<5%),Medium - High (0.50-0.75),Medium - High (0.66-1.00)
United States,Michigan,12540.838929,0.0,0.0609098536743641,2.038017616619212,2.7230401411583003,Low (<10%),Low (<5%),Medium - High (0.50-0.75),Medium - High (0.66-1.00)
United States,Michigan,2678.87252191,0.0,0.0609098536743641,2.038017616619212,2.7230401411583003,Low (<10%),Low (<5%),Medium - High (0.50-0.75),Medium - High (0.66-1.00)
United States,Michigan,883.474103211,0.0,0.0609098536743641,2.038017616619212,2.7230401411583003,Low (<10%),Low (<5%),Medium - High (0.50-0.75),Medium - High (0.66-1.00)
United States,Illinois,784.745047671,2.671208037573646,1.1099278464951667,1.106149094935536,1.0123378302590753,Medium - High (20-40%),Low - Medium (5-25%),Low - Medium (0.25-0.50),Low - Medium (0.33-0.66)
United States,Illinois,234.29809854,2.671208037573646,1.1099278464951667,1.106149094935536,1.0123378302590753,Medium - High (20-40%),Low - Medium (5-25%),Low - Medium (0.25-0.50),Low - Medium (0.33-0.66)
United States,Michigan,3393.76017398,2.671208037573646,1.1099278464951667,1.106149094935536,1.0123378302590753,Medium - High (20-40%),Low - Medium (5-25%),Low - Medium (0.25-0.50),Low - Medium (0.33-0.66)
United States,Michigan,10455.7332487,2.671208037573646,1.1099278464951667,1.106149094935536,1.0123378302590753,Medium - High (20-40%),Low - Medium (5-25%),Low - Medium (0.25-0.50),Low - Medium (0.33-0.66)
United States,Wisconsin,326.668879623,2.671208037573646,1.1099278464951667,1.106149094935536,1.0123378302590753,Medium - High (20-40%),Low - Medium (5-25%),Low - Medium (0.25-0.50),Low - Medium (0.33-0.66)
United States,Wisconsin,8474.00807026,2.671208037573646,1.1099278464951667,1.106149094935536,1.0123378302590753,Medium - High (20-40%),Low - Medium (5-25%),Low - Medium (0.25-0.50),Low - Medium (0.33-0.66)
United States,Wisconsin,1257.04408023,2.671208037573646,1.1099278464951667,1.106149094935536,1.0123378302590753,Medium - High (20-40%),Low - Medium (5-25%),Low - Medium (0.25-0.50),Low - Medium (0.33-0.66)
United States,Illinois,237.388167272,3.4329938042424906,1.3045546176355347,0.849819939222323,0.4081452652891434,High (40-80%),Low - Medium (5-25%),Low (<0.25),Low (<0.33)
United States,Illinois,3006.5956778,3.4329938042424906,1.3045546176355347,0.849819939222323,0.4081452652891434,High (40-80%),Low - Medium (5-25%),Low (<0.25),Low (<0.33)
United States,Illinois,1421.10632817,3.4329938042424906,1.3045546176355347,0.849819939222323,0.4081452652891434,High (40-80%),Low - Medium (5-25%),Low (<0.25),Low (<0.33)
United States,Indiana,136.946032297,3.4329938042424906,1.3045546176355347,0.849819939222323,0.4081452652891434,High (40-80%),Low - Medium (5-25%),Low (<0.25),Low (<0.33)
United States,Indiana,261.263683379,3.4329938042424906,1.3045546176355347,0.849819939222323,0.4081452652891434,High (40-80%),Low - Medium (5-25%),Low (<0.25),Low (<0.33)
United States,Indiana,1775.48537311,3.4329938042424906,1.3045546176355347,0.849819939222323,0.4081452652891434,High (40-80%),Low - Medium (5-25%),Low (<0.25),Low (<0.33)
United States,Michigan,2699.07959916,3.4329938042424906,1.3045546176355347,0.849819939222323,0.4081452652891434,High (40-80%),Low - Medium (5-25%),Low (<0.25),Low (<0.33)
United States,Illinois,45.1665285791,0.0,0.0928988530194847,2.0228632454143165,2.704166210946992,Low (<10%),Low (<5%),Medium - High (0.50-0.75),Medium - High (0.66-1.00)
United States,Indiana,27.1660416018,0.0,0.0928988530194847,2.0228632454143165,2.704166210946992,Low (<10%),Low (<5%),Medium - High (0.50-0.75),Medium - High (0.66-1.00)
United States,Indiana,4281.72420967,0.0,0.0928988530194847,2.0228632454143165,2.704166210946992,Low (<10%),Low (<5%),Medium - High (0.50-0.75),Medium - High (0.66-1.00)
United States,Michigan,4.46026170339,0.0,0.0928988530194847,2.0228632454143165,2.704166210946992,Low (<10%),Low (<5%),Medium - High (0.50-0.75),Medium - High (0.66-1.00)
United States,Michigan,8599.83409485,0.0,0.0928988530194847,2.0228632454143165,2.704166210946992,Low (<10%),Low (<5%),Medium - High (0.50-0.75),Medium - High (0.66-1.00)
United States,Michigan,6195.60809132,0.0,0.0031259496673401,1.729767460850689,2.036387629253393,Low (<10%),Low (<5%),Low - Medium (0.25-0.50),Medium - High (0.66-1.00)
United States,Michigan,28.7293489884,0.0,9.492646505390183e-05,1.955996369936405,2.348360165853234,Low (<10%),Low (<5%),Low - Medium (0.25-0.50),Medium - High (0.66-1.00)
United States,Michigan,1475.58139698,0.0,2.2831730215227862e-05,1.973906170232572,2.3706722201621,Low (<10%),Low (<5%),Low - Medium (0.25-0.50),Medium - High (0.66-1.00)
United States,Michigan,5.62963919956,0.0,0.0027246073274936,1.9436484182193383,2.3452476744633617,Low (<10%),Low (<5%),Low - Medium (0.25-0.50),Medium - High (0.66-1.00)
United States,Michigan,7876.00670543,0.0,0.0373581277369693,1.9263647677567544,3.0793491446022534,Low (<10%),Low (<5%),Low - Medium (0.25-0.50),High (1.00-1.33)
United States,Michigan,4520.67307796,0.0,0.001939726923622,1.975251242451875,2.373749079186479,Low (<10%),Low (<5%),Low - Medium (0.25-0.50),Medium - High (0.66-1.00)
United States,Michigan,34.6594268686,0.0,1.0964605785496985e-06,2.5464555039766017,2.6596794153039705,Low (<10%),Low (<5%),Medium - High (0.50-0.75),Medium - High (0.66-1.00)
United States,Michigan,3326.43240295,0.0,0.040709853896063,2.4561444912131645,3.368848803677196,Low (<10%),Low (<5%),Medium - High (0.50-0.75),High (1.00-1.33)
United States,Michigan,0.44097214014,0.0,0.0,3.412858447653876,3.645362867872869,Low (<10%),Low (<5%),High (0.75-1.00),High (1.00-1.33)
United States,Michigan,29.3664507916,,,,,No Data,No Data,No Data,No Data
United States,Michigan,11639.1309468,0.0,0.0020985851937998,1.974828782572552,2.3702105320775626,Low (<10%),Low (<5%),Low - Medium (0.25-0.50),Medium - High (0.66-1.00)
United States,Michigan,1338.27777918,0.0,0.0568057424791296,2.4030006367449017,2.1475073067935604,Low (<10%),Low (<5%),Medium - High (0.50-0.75),Medium - High (0.66-1.00)
United States,Michigan,880.838408125,0.0,2.2564790606469333e-08,1.9805957939812653,2.374869225839566,Low (<10%),Low (<5%),Low - Medium (0.25-0.50),Medium - High (0.66-1.00)
United States,Michigan,2147.00918028,0.0,0.0068988820677055,1.977427694998412,2.372692741121252,Low (<10%),Low (<5%),Low - Medium (0.25-0.50),Medium - High (0.66-1.00)
United States,Minnesota,658.163737102,0.0,0.0068988820677055,1.977427694998412,2.372692741121252,Low (<10%),Low (<5%),Low - Medium (0.25-0.50),Medium - High (0.66-1.00)
United States,Michigan,12040.9230672,0.0,0.148340293098912,2.024492948744581,1.044244363704136,Low (<10%),Low (<5%),Medium - High (0.50-0.75),Low - Medium (0.33-0.66)
United States,Minnesota,252.55561365,0.0,0.148340293098912,2.024492948744581,1.044244363704136,Low (<10%),Low (<5%),Medium - High (0.50-0.75),Low - Medium (0.33-0.66)
United States,Michigan,4140.94982944,0.0,0.0012887925092813,1.970720300577332,2.3681495425531947,Low (<10%),Low (<5%),Low - Medium (0.25-0.50),Medium - High (0.66-1.00)
United States,Wisconsin,99.6276984669,0.0,0.0012887925092813,1.970720300577332,2.3681495425531947,Low (<10%),Low (<5%),Low - Medium (0.25-0.50),Medium - High (0.66-1.00)
United States,Michigan,2825.42232396,0.0,0.1278090041375089,1.8633612620159337,2.4780383732660347,Low (<10%),Low (<5%),Low - Medium (0.25-0.50),Medium - High (0.66-1.00)
United States,Minnesota,452.011059272,0.0,0.1278090041375089,1.8633612620159337,2.4780383732660347,Low (<10%),Low (<5%),Low - Medium (0.25-0.50),Medium - High (0.66-1.00)
United States,Michigan,142.22452661,0.0,4.022307420130466e-05,1.9785313185342304,2.3749542946926194,Low (<10%),Low (<5%),Low - Medium (0.25-0.50),Medium - High (0.66-1.00)
United States,Minnesota,1447.03253222,0.0,4.022307420130466e-05,1.9785313185342304,2.3749542946926194,Low (<10%),Low (<5%),Low - Medium (0.25-0.50),Medium - High (0.66-1.00)
United States,Michigan,968.574835385,0.0,3.972846146425397e-05,1.9797802286140205,2.3756344119359234,Low (<10%),Low (<5%),Low - Medium (0.25-0.50),Medium - High (0.66-1.00)
United States,Minnesota,13.9928825461,0.0,3.972846146425397e-05,1.9797802286140205,2.3756344119359234,Low (<10%),Low (<5%),Low - Medium (0.25-0.50),Medium - High (0.66-1.00)
United States,Michigan,3879.40862673,0.0,0.0042680541275053,1.9756623864596348,2.3702697211568093,Low (<10%),Low (<5%),Low - Medium (0.25-0.50),Medium - High (0.66-1.00)
United States,Minnesota,120.447837952,0.0,0.0042680541275053,1.9756623864596348,2.3702697211568093,Low (<10%),Low (<5%),Low - Medium (0.25-0.50),Medium - High (0.66-1.00)
United States,Wisconsin,6168.43180772,0.0,0.0042680541275053,1.9756623864596348,2.3702697211568093,Low (<10%),Low (<5%),Low - Medium (0.25-0.50),Medium - High (0.66-1.00)
United States,Minnesota,11036.483684,2.165410780200298,0.9841691034337672,1.7831740670133935,1.2751469726643962,Medium - High (20-40%),Low (<5%),Low - Medium (0.25-0.50),Low - Medium (0.33-0.66)
United States,Wisconsin,6805.96097599,2.165410780200298,0.9841691034337672,1.7831740670133935,1.2751469726643962,Medium - High (20-40%),Low (<5%),Low - Medium (0.25-0.50),Low - Medium (0.33-0.66)
United States,Minnesota,2034.39412254,0.0,0.1622168402619036,2.281070278237129,1.51799337141868,Low (<10%),Low (<5%),Medium - High (0.50-0.75),Low - Medium (0.33-0.66)
United States,Minnesota,6565.50605004,2.914672929846439,1.1704894941945492,2.730819759214905,1.8948741542810787,Medium - High (20-40%),Low - Medium (5-25%),Medium - High (0.50-0.75),Low - Medium (0.33-0.66)
United States,Maine,1647.16179851,0.0,0.055432456893421,0.970478999193642,1.0817760926006883,Low (<10%),Low (<5%),Low (<0.25),Low - Medium (0.33-0.66)
United States,Maine,6182.78316326,0.0,0.1303984344377743,1.3866474090101195,1.6217709054063505,Low (<10%),Low (<5%),Low - Medium (0.25-0.50),Low - Medium (0.33-0.66)
United States,Maine,3684.44711514,0.0,0.1295043115029022,1.0740327901203748,1.3482090088786245,Low (<10%),Low (<5%),Low - Medium (0.25-0.50),Low - Medium (0.33-0.66)
United States,Maine,3213.15715966,0.0,0.0005402739306172,1.1855117462526643,1.0479937041480565,Low (<10%),Low (<5%),Low - Medium (0.25-0.50),Low - Medium (0.33-0.66)
United States,Maine,4176.11263539,0.0,0.0840360463869661,1.1125114375927958,1.3153439027902514,Low (<10%),Low (<5%),Low - Medium (0.25-0.50),Low - Medium (0.33-0.66)
United States,New York,3216.21118215,4.302375283829,1.778476575385416,0.5378756866960381,0.1413087523355868,Extremely High (>80%),Low - Medium (5-25%),Low (<0.25),Low (<0.33)
United States,New York,418.681826953,4.302375283829,1.778476575385416,0.5378756866960381,0.1413087523355868,Extremely High (>80%),Low - Medium (5-25%),Low (<0.25),Low (<0.33)
United States,Maine,10169.7081319,0.0,0.0374917543847158,0.7803487869481632,0.4821386758725768,Low (<10%),Low (<5%),Low (<0.25),Low (<0.33)
United States,Maine,263.994124046,0.0,0.0374917543847158,0.7803487869481632,0.4821386758725768,Low (<10%),Low (<5%),Low (<0.25),Low (<0.33)
United States,Maine,65.4888696483,0.0,0.0374917543847158,0.7803487869481632,0.4821386758725768,Low (<10%),Low (<5%),Low (<0.25),Low (<0.33)
United States,Maine,664.545735006,0.0,0.0374917543847158,0.7803487869481632,0.4821386758725768,Low (<10%),Low (<5%),Low (<0.25),Low (<0.33)
United States,Maine,21852.5748814,0.0,0.0932272721220976,0.9558117666196932,0.7832463023785187,Low (<10%),Low (<5%),Low (<0.25),Low (<0.33)
United States,Maine,0.52490410756,0.0,0.0932272721220976,0.9558117666196932,0.7832463023785187,Low (<10%),Low (<5%),Low (<0.25),Low (<0.33)
United States,Maine,2814.67043405,0.2712940925074592,0.2779422273978767,0.6722932447698573,0.2494573165511478,Low (<10%),Low (<5%),Low (<0.25),Low (<0.33)
United States,Maine,382.454859414,0.2712940925074592,0.2779422273978767,0.6722932447698573,0.2494573165511478,Low (<10%),Low (<5%),Low (<0.25),Low (<0.33)
United States,Maine,22641.7353324,0.0,0.1458091566279245,0.7555661910437583,0.4921878922242859,Low (<10%),Low (<5%),Low (<0.25),Low (<0.33)
United States,Maine,80.6894718415,0.0,0.1458091566279245,0.7555661910437583,0.4921878922242859,Low (<10%),Low (<5%),Low (<0.25),Low (<0.33)
United States,New Hampshire,1877.39299858,0.0,0.1458091566279245,0.7555661910437583,0.4921878922242859,Low (<10%),Low (<5%),Low (<0.25),Low (<0.33)
United States,Maine,2614.67559842,1.1697241568740009,0.4629863659028165,0.5878412180908175,0.2098431885443004,Low - Medium (10-20%),Low (<5%),Low (<0.25),Low (<0.33)
United States,Maine,169.349269814,1.1697241568740009,0.4629863659028165,0.5878412180908175,0.2098431885443004,Low - Medium (10-20%),Low (<5%),Low (<0.25),Low (<0.33)
United States,Maine,2174.43749759,0.0,0.1434975944967814,0.6757643640474119,0.3941895352887163,Low (<10%),Low (<5%),Low (<0.25),Low (<0.33)
United States,New Hampshire,2245.17594229,0.0,0.1434975944967814,0.6757643640474119,0.3941895352887163,Low (<10%),Low (<5%),Low (<0.25),Low (<0.33)
United States,Maine,1477.89565178,0.2834712785593469,0.2542678636477702,0.574153161116376,0.3059785083223551,Low (<10%),Low (<5%),Low (<0.25),Low (<0.33)
United States,Maine,32.0475520793,0.2834712785593469,0.2542678636477702,0.574153161116376,0.3059785083223551,Low (<10%),Low (<5%),Low (<0.25),Low (<0.33)
United States,Massachusetts,4.67704733273,0.2834712785593469,0.2542678636477702,0.574153161116376,0.3059785083223551,Low (<10%),Low (<5%),Low (<0.25),Low (<0.33)
United States,New Hampshire,2092.54552027,0.2834712785593469,0.2542678636477702,0.574153161116376,0.3059785083223551,Low (<10%),Low (<5%),Low (<0.25),Low (<0.33)
United States,New Hampshire,1.81132747948,0.2834712785593469,0.2542678636477702,0.574153161116376,0.3059785083223551,Low (<10%),Low (<5%),Low (<0.25),Low (<0.33)
United States,Massachusetts,3158.11275921,1.9021495322317088,0.8811534538292107,1.1981253770764644,0.2069042664804443,Low - Medium (10-20%),Low (<5%),Low - Medium (0.25-0.50),Low (<0.33)
United States,New Hampshire,9880.92778836,1.9021495322317088,0.8811534538292107,1.1981253770764644,0.2069042664804443,Low - Medium (10-20%),Low (<5%),Low - Medium (0.25-0.50),Low (<0.33)
United States,Massachusetts,8235.72711288,2.188356913706249,1.0345892071878855,0.4398791892975217,0.187774091087692,Medium - High (20-40%),Low - Medium (5-25%),Low (<0.25),Low (<0.33)
United States,Massachusetts,207.840487764,2.188356913706249,1.0345892071878855,0.4398791892975217,0.187774091087692,Medium - High (20-40%),Low - Medium (5-25%),Low (<0.25),Low (<0.33)
United States,Massachusetts,104.352138024,2.188356913706249,1.0345892071878855,0.4398791892975217,0.187774091087692,Medium - High (20-40%),Low - Medium (5-25%),Low (<0.25),Low (<0.33)
United States,Massachusetts,426.740372848,2.188356913706249,1.0345892071878855,0.4398791892975217,0.187774091087692,Medium - High (20-40%),Low - Medium (5-25%),Low (<0.25),Low (<0.33)
United States,New York,11.1136746349,2.188356913706249,1.0345892071878855,0.4398791892975217,0.187774091087692,Medium - High (20-40%),Low - Medium (5-25%),Low (<0.25),Low (<0.33)
United States,Rhode Island,2578.57741908,2.188356913706249,1.0345892071878855,0.4398791892975217,0.187774091087692,Medium - High (20-40%),Low - Medium (5-25%),Low (<0.25),Low (<0.33)
United States,Rhode Island,99.3445626892,2.188356913706249,1.0345892071878855,0.4398791892975217,0.187774091087692,Medium - High (20-40%),Low - Medium (5-25%),Low (<0.25),Low (<0.33)
United States,Rhode Island,134.961526901,2.188356913706249,1.0345892071878855,0.4398791892975217,0.187774091087692,Medium - High (20-40%),Low - Medium (5-25%),Low (<0.25),Low (<0.33)
United States,Connecticut,3577.52480546,2.188356913706249,1.0345892071878855,0.4398791892975217,0.187774091087692,Medium - High (20-40%),Low - Medium (5-25%),Low (<0.25),Low (<0.33)
United States,Connecticut,53.3576865704,2.188356913706249,1.0345892071878855,0.4398791892975217,0.187774091087692,Medium - High (20-40%),Low - Medium (5-25%),Low (<0.25),Low (<0.33)
United States,Massachusetts,7049.73491921,1.2883073190179355,0.619718492494167,0.9886969957995988,0.8596019667533031,Low - Medium (10-20%),Low (<5%),Low (<0.25),Low (<0.33)
United States,New Hampshire,7897.49101016,1.2883073190179355,0.619718492494167,0.9886969957995988,0.8596019667533031,Low - Medium (10-20%),Low (<5%),Low (<0.25),Low (<0.33)
United States,Vermont,10185.9272922,1.2883073190179355,0.619718492494167,0.9886969957995988,0.8596019667533031,Low - Medium (10-20%),Low (<5%),Low (<0.25),Low (<0.33)
United States,Connecticut,3648.75890483,1.2883073190179355,0.619718492494167,0.9886969957995988,0.8596019667533031,Low - Medium (10-20%),Low (<5%),Low (<0.25),Low (<0.33)
United States,Massachusetts,1302.55261218,0.2203653116452903,0.2656410231791712,1.2495012130356848,1.1437249110329817,Low (<10%),Low (<5%),Low - Medium (0.25-0.50),Low - Medium (0.33-0.66)
United States,New York,1007.7642071,0.2203653116452903,0.2656410231791712,1.2495012130356848,1.1437249110329817,Low (<10%),Low (<5%),Low - Medium (0.25-0.50),Low - Medium (0.33-0.66)
United States,New York,0.27787314855,0.2203653116452903,0.2656410231791712,1.2495012130356848,1.1437249110329817,Low (<10%),Low (<5%),Low - Medium (0.25-0.50),Low - Medium (0.33-0.66)
United States,New York,2.42644161919,0.2203653116452903,0.2656410231791712,1.2495012130356848,1.1437249110329817,Low (<10%),Low (<5%),Low - Medium (0.25-0.50),Low - Medium (0.33-0.66)
United States,New York,57.9311798049,0.2203653116452903,0.2656410231791712,1.2495012130356848,1.1437249110329817,Low (<10%),Low (<5%),Low - Medium (0.25-0.50),Low - Medium (0.33-0.66)
United States,Connecticut,5491.18861408,0.2203653116452903,0.2656410231791712,1.2495012130356848,1.1437249110329817,Low (<10%),Low (<5%),Low - Medium (0.25-0.50),Low - Medium (0.33-0.66)
United States,Connecticut,72.9002285179,0.2203653116452903,0.2656410231791712,1.2495012130356848,1.1437249110329817,Low (<10%),Low (<5%),Low - Medium (0.25-0.50),Low - Medium (0.33-0.66)
United States,New Jersey,59.1542854516,0.0,0.1463238480038388,1.447234364881418,1.352381255110367,Low (<10%),Low (<5%),Low - Medium (0.25-0.50),Low - Medium (0.33-0.66)
United States,New Jersey,7.38439353819,0.0,0.1463238480038388,1.447234364881418,1.352381255110367,Low (<10%),Low (<5%),Low - Medium (0.25-0.50),Low - Medium (0.33-0.66)
United States,New York,3296.80591785,0.0,0.1463238480038388,1.447234364881418,1.352381255110367,Low (<10%),Low (<5%),Low - Medium (0.25-0.50),Low - Medium (0.33-0.66)
United States,New York,573.562837212,0.0,0.1463238480038388,1.447234364881418,1.352381255110367,Low (<10%),Low (<5%),Low - Medium (0.25-0.50),Low - Medium (0.33-0.66)
United States,New York,176.115061204,0.0,0.1463238480038388,1.447234364881418,1.352381255110367,Low (<10%),Low (<5%),Low - Medium (0.25-0.50),Low - Medium (0.33-0.66)
United States,Connecticut,58.1072364688,0.0,0.1463238480038388,1.447234364881418,1.352381255110367,Low (<10%),Low (<5%),Low - Medium (0.25-0.50),Low - Medium (0.33-0.66)
United States,New Jersey,556.086896385,1.8991442122486968,1.0678173157333153,2.101760893727012,1.6295395197262652,Low - Medium (10-20%),Low - Medium (5-25%),Medium - High (0.50-0.75),Low - Medium (0.33-0.66)
United States,New York,1857.57141122,1.8991442122486968,1.0678173157333153,2.101760893727012,1.6295395197262652,Low - Medium (10-20%),Low - Medium (5-25%),Medium - High (0.50-0.75),Low - Medium (0.33-0.66)
United States,New York,775.350128158,1.8991442122486968,1.0678173157333153,2.101760893727012,1.6295395197262652,Low - Medium (10-20%),Low - Medium (5-25%),Medium - High (0.50-0.75),Low - Medium (0.33-0.66)
United States,Massachusetts,105.558364416,0.0,0.2300477826481076,1.4017905931314285,1.3753618524585502,Low (<10%),Low (<5%),Low - Medium (0.25-0.50),Low - Medium (0.33-0.66)
United States,New York,6269.12279546,0.0,0.2300477826481076,1.4017905931314285,1.3753618524585502,Low (<10%),Low (<5%),Low - Medium (0.25-0.50),Low - Medium (0.33-0.66)
United States,Connecticut,0.44213080383,0.0,0.2300477826481076,1.4017905931314285,1.3753618524585502,Low (<10%),Low (<5%),Low - Medium (0.25-0.50),Low - Medium (0.33-0.66)
United States,New York,9037.99131216,0.7541422726588023,0.4300347144632521,1.2802185926186975,1.1471381180281452,Low (<10%),Low (<5%),Low - Medium (0.25-0.50),Low - Medium (0.33-0.66)
United States,New York,396.639781958,0.0,0.0399020760173464,1.4835222610705896,1.699659916562318,Low (<10%),Low (<5%),Low - Medium (0.25-0.50),Low - Medium (0.33-0.66)
United States,Massachusetts,434.201848179,0.0,0.1127463400289393,1.184283029670535,1.04095728032541,Low (<10%),Low (<5%),Low - Medium (0.25-0.50),Low - Medium (0.33-0.66)
United States,New York,873.63481298,0.0,0.1127463400289393,1.184283029670535,1.04095728032541,Low (<10%),Low (<5%),Low - Medium (0.25-0.50),Low - Medium (0.33-0.66)
United States,Vermont,550.015167866,0.0,0.1127463400289393,1.184283029670535,1.04095728032541,Low (<10%),Low (<5%),Low - Medium (0.25-0.50),Low - Medium (0.33-0.66)
United States,New York,2181.98180225,0.0,0.0964167592610352,1.1545724895420972,1.0346886789942775,Low (<10%),Low (<5%),Low - Medium (0.25-0.50),Low - Medium (0.33-0.66)
United States,Vermont,636.65744419,0.0,0.0964167592610352,1.1545724895420972,1.0346886789942775,Low (<10%),Low (<5%),Low - Medium (0.25-0.50),Low - Medium (0.33-0.66)
United States,New York,4242.94667887,0.0,0.0826338439587576,1.0054625947801532,1.0849620402267182,Low (<10%),Low (<5%),Low - Medium (0.25-0.50),Low - Medium (0.33-0.66)
United States,New York,2779.00108483,0.0,0.0710631307458574,1.2701001189971826,1.2983151429156607,Low (<10%),Low (<5%),Low - Medium (0.25-0.50),Low - Medium (0.33-0.66)
United States,New Jersey,353.115963604,2.0221632633994706,0.8239784551983804,3.6381969274105854,0.8376836917027368,Medium - High (20-40%),Low (<5%),High (0.75-1.00),Low (<0.33)
United States,New Jersey,0.29426712577,2.0221632633994706,0.8239784551983804,3.6381969274105854,0.8376836917027368,Medium - High (20-40%),Low (<5%),High (0.75-1.00),Low (<0.33)
United States,New Jersey,8.87154063897,2.0221632633994706,0.8239784551983804,3.6381969274105854,0.8376836917027368,Medium - High (20-40%),Low (<5%),High (0.75-1.00),Low (<0.33)
United States,New York,155.590993071,2.0221632633994706,0.8239784551983804,3.6381969274105854,0.8376836917027368,Medium - High (20-40%),Low (<5%),High (0.75-1.00),Low (<0.33)
United States,New York,0.41649632154,2.0221632633994706,0.8239784551983804,3.6381969274105854,0.8376836917027368,Medium - High (20-40%),Low (<5%),High (0.75-1.00),Low (<0.33)
United States,New Jersey,2064.22824362,0.4312756005460976,0.3188909264989658,3.899659018565717,1.072729256388206,Low (<10%),Low (<5%),High (0.75-1.00),Low - Medium (0.33-0.66)
United States,New York,387.075648388,0.4312756005460976,0.3188909264989658,3.899659018565717,1.072729256388206,Low (<10%),Low (<5%),High (0.75-1.00),Low - Medium (0.33-0.66)
United States,New Jersey,201.12404486,4.010866507955395,1.5665587963771008,0.7446965190233334,0.1449816623899411,Extremely High (>80%),Low - Medium (5-25%),Low (<0.25),Low (<0.33)
United States,New Jersey,184.513844363,4.010866507955395,1.5665587963771008,0.7446965190233334,0.1449816623899411,Extremely High (>80%),Low - Medium (5-25%),Low (<0.25),Low (<0.33)
United States,New Jersey,0.62089395914,4.010866507955395,1.5665587963771008,0.7446965190233334,0.1449816623899411,Extremely High (>80%),Low - Medium (5-25%),Low (<0.25),Low (<0.33)
United States,New Jersey,25.4171830059,4.010866507955395,1.5665587963771008,0.7446965190233334,0.1449816623899411,Extremely High (>80%),Low - Medium (5-25%),Low (<0.25),Low (<0.33)
United States,New York,129.052811565,4.010866507955395,1.5665587963771008,0.7446965190233334,0.1449816623899411,Extremely High (>80%),Low - Medium (5-25%),Low (<0.25),Low (<0.33)
United States,New York,21.5777140749,4.010866507955395,1.5665587963771008,0.7446965190233334,0.1449816623899411,Extremely High (>80%),Low - Medium (5-25%),Low (<0.25),Low (<0.33)
United States,New Jersey,1708.52489819,3.874238684022204,1.7281253358126805,1.5938920323850785,0.905565719171618,High (40-80%),Low - Medium (5-25%),Low - Medium (0.25-0.50),Low (<0.33)
United States,New Jersey,1133.68134606,3.874238684022204,1.7281253358126805,1.5938920323850785,0.905565719171618,High (40-80%),Low - Medium (5-25%),Low - Medium (0.25-0.50),Low (<0.33)
United States,New Jersey,7928.03544623,2.5645057914615954,1.1685222766551258,1.0303534866896549,0.4656733310896049,Medium - High (20-40%),Low - Medium (5-25%),Low - Medium (0.25-0.50),Low (<0.33)
United States,New Jersey,233.048091341,2.5645057914615954,1.1685222766551258,1.0303534866896549,0.4656733310896049,Medium - High (20-40%),Low - Medium (5-25%),Low - Medium (0.25-0.50),Low (<0.33)
United States,Delaware,2.51446373469,2.5645057914615954,1.1685222766551258,1.0303534866896549,0.4656733310896049,Medium - High (20-40%),Low - Medium (5-25%),Low - Medium (0.25-0.50),Low (<0.33)
United States,Delaware,4.25504091734,2.5645057914615954,1.1685222766551258,1.0303534866896549,0.4656733310896049,Medium - High (20-40%),Low - Medium (5-25%),Low - Medium (0.25-0.50),Low (<0.33)
United States,Maryland,18.8090956792,2.830392351967968,1.1678858806407024,1.459261159465469,0.9857643924892184,Medium - High (20-40%),Low - Medium (5-25%),Low - Medium (0.25-0.50),Low (<0.33)
United States,New Jersey,2340.33277975,2.830392351967968,1.1678858806407024,1.459261159465469,0.9857643924892184,Medium - High (20-40%),Low - Medium (5-25%),Low - Medium (0.25-0.50),Low (<0.33)
United States,New Jersey,2786.39197094,2.830392351967968,1.1678858806407024,1.459261159465469,0.9857643924892184,Medium - High (20-40%),Low - Medium (5-25%),Low - Medium (0.25-0.50),Low (<0.33)
United States,New Jersey,80.7372071672,2.830392351967968,1.1678858806407024,1.459261159465469,0.9857643924892184,Medium - High (20-40%),Low - Medium (5-25%),Low - Medium (0.25-0.50),Low (<0.33)
United States,New York,6032.64368081,2.830392351967968,1.1678858806407024,1.459261159465469,0.9857643924892184,Medium - High (20-40%),Low - Medium (5-25%),Low - Medium (0.25-0.50),Low (<0.33)
United States,New York,134.647966386,2.830392351967968,1.1678858806407024,1.459261159465469,0.9857643924892184,Medium - High (20-40%),Low - Medium (5-25%),Low - Medium (0.25-0.50),Low (<0.33)
United States,Pennsylvania,2403.74665371,2.830392351967968,1.1678858806407024,1.459261159465469,0.9857643924892184,Medium - High (20-40%),Low - Medium (5-25%),Low - Medium (0.25-0.50),Low (<0.33)
United States,Pennsylvania,10759.609069,2.830392351967968,1.1678858806407024,1.459261159465469,0.9857643924892184,Medium - High (20-40%),Low - Medium (5-25%),Low - Medium (0.25-0.50),Low (<0.33)
United States,Pennsylvania,1356.91579433,2.830392351967968,1.1678858806407024,1.459261159465469,0.9857643924892184,Medium - High (20-40%),Low - Medium (5-25%),Low - Medium (0.25-0.50),Low (<0.33)
United States,Pennsylvania,2187.4896571,2.830392351967968,1.1678858806407024,1.459261159465469,0.9857643924892184,Medium - High (20-40%),Low - Medium (5-25%),Low - Medium (0.25-0.50),Low (<0.33)
United States,Pennsylvania,49.2662459015,2.830392351967968,1.1678858806407024,1.459261159465469,0.9857643924892184,Medium - High (20-40%),Low - Medium (5-25%),Low - Medium (0.25-0.50),Low (<0.33)
United States,Delaware,380.95053091,2.830392351967968,1.1678858806407024,1.459261159465469,0.9857643924892184,Medium - High (20-40%),Low - Medium (5-25%),Low - Medium (0.25-0.50),Low (<0.33)
United States,Delaware,89.5276661672,2.830392351967968,1.1678858806407024,1.459261159465469,0.9857643924892184,Medium - High (20-40%),Low - Medium (5-25%),Low - Medium (0.25-0.50),Low (<0.33)
United States,Delaware,28.6041296238,2.830392351967968,1.1678858806407024,1.459261159465469,0.9857643924892184,Medium - High (20-40%),Low - Medium (5-25%),Low - Medium (0.25-0.50),Low (<0.33)
United States,Maryland,2735.03975502,3.2034025499764867,1.5772236179012264,1.214689755306276,0.4938322617833342,High (40-80%),Low - Medium (5-25%),Low - Medium (0.25-0.50),Low (<0.33)
United States,Maryland,147.494637628,3.2034025499764867,1.5772236179012264,1.214689755306276,0.4938322617833342,High (40-80%),Low - Medium (5-25%),Low - Medium (0.25-0.50),Low (<0.33)
United States,Virginia,1489.34741202,3.2034025499764867,1.5772236179012264,1.214689755306276,0.4938322617833342,High (40-80%),Low - Medium (5-25%),Low - Medium (0.25-0.50),Low (<0.33)
United States,Virginia,333.172053966,3.2034025499764867,1.5772236179012264,1.214689755306276,0.4938322617833342,High (40-80%),Low - Medium (5-25%),Low - Medium (0.25-0.50),Low (<0.33)
United States,Delaware,2830.99056196,3.2034025499764867,1.5772236179012264,1.214689755306276,0.4938322617833342,High (40-80%),Low - Medium (5-25%),Low - Medium (0.25-0.50),Low (<0.33)
United States,Delaware,143.088569599,3.2034025499764867,1.5772236179012264,1.214689755306276,0.4938322617833342,High (40-80%),Low - Medium (5-25%),Low - Medium (0.25-0.50),Low (<0.33)
United States,Maryland,561.480921068,5.0,3.98421002256859,4.069666464386093,2.4844242372049568,Extremely High (>80%),High (50-75%),Extremely High (>1.00),Medium - High (0.66-1.00)
United States,Delaware,1265.03161933,5.0,3.98421002256859,4.069666464386093,2.4844242372049568,Extremely High (>80%),High (50-75%),Extremely High (>1.00),Medium - High (0.66-1.00)
United States,Maryland,4542.82301773,2.217170301046144,1.1538764028750952,1.2041991058350576,0.4812379581649538,Medium - High (20-40%),Low - Medium (5-25%),Low - Medium (0.25-0.50),Low (<0.33)
United States,Maryland,644.082463148,2.217170301046144,1.1538764028750952,1.2041991058350576,0.4812379581649538,Medium - High (20-40%),Low - Medium (5-25%),Low - Medium (0.25-0.50),Low (<0.33)
United States,Pennsylvania,116.642126142,2.217170301046144,1.1538764028750952,1.2041991058350576,0.4812379581649538,Medium - High (20-40%),Low - Medium (5-25%),Low - Medium (0.25-0.50),Low (<0.33)
United States,Pennsylvania,45.6758089605,2.217170301046144,1.1538764028750952,1.2041991058350576,0.4812379581649538,Medium - High (20-40%),Low - Medium (5-25%),Low - Medium (0.25-0.50),Low (<0.33)
United States,Virginia,5.09384650457,2.217170301046144,1.1538764028750952,1.2041991058350576,0.4812379581649538,Medium - High (20-40%),Low - Medium (5-25%),Low - Medium (0.25-0.50),Low (<0.33)
United States,Delaware,443.546358408,2.217170301046144,1.1538764028750952,1.2041991058350576,0.4812379581649538,Medium - High (20-40%),Low - Medium (5-25%),Low - Medium (0.25-0.50),Low (<0.33)
United States,Maryland,545.92783297,0.8125316311594937,0.42184546908968,2.130315609556896,1.4442723360396332,Low (<10%),Low (<5%),Medium - High (0.50-0.75),Low - Medium (0.33-0.66)
United States,Maryland,167.283174537,0.8125316311594937,0.42184546908968,2.130315609556896,1.4442723360396332,Low (<10%),Low (<5%),Medium - High (0.50-0.75),Low - Medium (0.33-0.66)
United States,Pennsylvania,7186.83263488,0.8125316311594937,0.42184546908968,2.130315609556896,1.4442723360396332,Low (<10%),Low (<5%),Medium - High (0.50-0.75),Low - Medium (0.33-0.66)
United States,Pennsylvania,125.961640043,0.8125316311594937,0.42184546908968,2.130315609556896,1.4442723360396332,Low (<10%),Low (<5%),Medium - High (0.50-0.75),Low - Medium (0.33-0.66)
United States,Pennsylvania,3245.67928598,0.8125316311594937,0.42184546908968,2.130315609556896,1.4442723360396332,Low (<10%),Low (<5%),Medium - High (0.50-0.75),Low - Medium (0.33-0.66)
United States,Pennsylvania,8814.25937659,2.9851967952260514,1.267934398994933,3.8789612202412207,1.80619403582096,Medium - High (20-40%),Low - Medium (5-25%),High (0.75-1.00),Low - Medium (0.33-0.66)
United States,Pennsylvania,3756.82825776,0.0,0.0916378711233105,2.1824315014512807,1.5667688382998035,Low (<10%),Low (<5%),Medium - High (0.50-0.75),Low - Medium (0.33-0.66)
United States,Pennsylvania,138.686983677,1.3792667028845478,0.6645038476228359,2.1515026596505664,1.0676466253693673,Low - Medium (10-20%),Low (<5%),Medium - High (0.50-0.75),Low - Medium (0.33-0.66)
United States,Pennsylvania,17936.9833929,1.3792667028845478,0.6645038476228359,2.1515026596505664,1.0676466253693673,Low - Medium (10-20%),Low (<5%),Medium - High (0.50-0.75),Low - Medium (0.33-0.66)
United States,Pennsylvania,3404.67690473,0.1904804308011588,0.2758084461761465,2.107464384443129,1.5467515833534713,Low (<10%),Low (<5%),Medium - High (0.50-0.75),Low - Medium (0.33-0.66)
United States,Pennsylvania,6451.79693764,0.1904804308011588,0.2758084461761465,2.107464384443129,1.5467515833534713,Low (<10%),Low (<5%),Medium - High (0.50-0.75),Low - Medium (0.33-0.66)
United States,New York,4488.051994,2.1005669446264807,1.055871069850829,2.042876880820111,1.2863156732241785,Medium - High (20-40%),Low - Medium (5-25%),Medium - High (0.50-0.75),Low - Medium (0.33-0.66)
United States,Pennsylvania,2071.74928566,2.1005669446264807,1.055871069850829,2.042876880820111,1.2863156732241785,Medium - High (20-40%),Low - Medium (5-25%),Medium - High (0.50-0.75),Low - Medium (0.33-0.66)
United States,Pennsylvania,114.354023882,2.1005669446264807,1.055871069850829,2.042876880820111,1.2863156732241785,Medium - High (20-40%),Low - Medium (5-25%),Medium - High (0.50-0.75),Low - Medium (0.33-0.66)
United States,New York,2319.2892728,0.1991324133687098,0.3267140855249174,2.4161124460742096,2.550699194349647,Low (<10%),Low (<5%),Medium - High (0.50-0.75),Medium - High (0.66-1.00)
United States,Pennsylvania,333.51645242,0.1991324133687098,0.3267140855249174,2.4161124460742096,2.550699194349647,Low (<10%),Low (<5%),Medium - High (0.50-0.75),Medium - High (0.66-1.00)
United States,New York,4109.35245686,1.867620983330173,1.0134708966564023,2.337945064533114,2.5479406496292776,Low - Medium (10-20%),Low - Medium (5-25%),Medium - High (0.50-0.75),Medium - High (0.66-1.00)
United States,New York,5207.45781128,1.0812628364475687,0.6056655771447395,2.4489567973711988,2.696318813718755,Low - Medium (10-20%),Low (<5%),Medium - High (0.50-0.75),Medium - High (0.66-1.00)
United States,Pennsylvania,720.001950424,1.0812628364475687,0.6056655771447395,2.4489567973711988,2.696318813718755,Low - Medium (10-20%),Low (<5%),Medium - High (0.50-0.75),Medium - High (0.66-1.00)
United States,Maryland,7148.54588622,1.126947793433607,0.5121895076761668,1.964270832371496,1.302858279487451,Low - Medium (10-20%),Low (<5%),Low - Medium (0.25-0.50),Low - Medium (0.33-0.66)
United States,Maryland,1541.17615307,1.126947793433607,0.5121895076761668,1.964270832371496,1.302858279487451,Low - Medium (10-20%),Low (<5%),Low - Medium (0.25-0.50),Low - Medium (0.33-0.66)
United States,Maryland,343.886528256,1.126947793433607,0.5121895076761668,1.964270832371496,1.302858279487451,Low - Medium (10-20%),Low (<5%),Low - Medium (0.25-0.50),Low - Medium (0.33-0.66)
United States,Pennsylvania,30.2534054993,1.126947793433607,0.5121895076761668,1.964270832371496,1.302858279487451,Low - Medium (10-20%),Low (<5%),Low - Medium (0.25-0.50),Low - Medium (0.33-0.66)
United States,District of Columbia,92.906176557,1.126947793433607,0.5121895076761668,1.964270832371496,1.302858279487451,Low - Medium (10-20%),Low (<5%),Low - Medium (0.25-0.50),Low - Medium (0.33-0.66)
United States,District of Columbia,4.47990115784,1.126947793433607,0.5121895076761668,1.964270832371496,1.302858279487451,Low - Medium (10-20%),Low (<5%),Low - Medium (0.25-0.50),Low - Medium (0.33-0.66)
United States,Maryland,236.989313922,0.158307520864789,0.2486854594257898,2.131694240565658,0.608065059346882,Low (<10%),Low (<5%),Medium - High (0.50-0.75),Low (<0.33)
United States,Maryland,629.328268756,0.158307520864789,0.2486854594257898,2.131694240565658,0.608065059346882,Low (<10%),Low (<5%),Medium - High (0.50-0.75),Low (<0.33)
United States,Virginia,149.109746969,0.158307520864789,0.2486854594257898,2.131694240565658,0.608065059346882,Low (<10%),Low (<5%),Medium - High (0.50-0.75),Low (<0.33)
United States,Virginia,1515.33943628,0.158307520864789,0.2486854594257898,2.131694240565658,0.608065059346882,Low (<10%),Low (<5%),Medium - High (0.50-0.75),Low (<0.33)
United States,Virginia,1.54332736446,0.158307520864789,0.2486854594257898,2.131694240565658,0.608065059346882,Low (<10%),Low (<5%),Medium - High (0.50-0.75),Low (<0.33)
United States,West Virginia,0.14267083453,0.158307520864789,0.2486854594257898,2.131694240565658,0.608065059346882,Low (<10%),Low (<5%),Medium - High (0.50-0.75),Low (<0.33)
United States,District of Columbia,62.7309921774,0.158307520864789,0.2486854594257898,2.131694240565658,0.608065059346882,Low (<10%),Low (<5%),Medium - High (0.50-0.75),Low (<0.33)
United States,District of Columbia,5.96381853442,0.158307520864789,0.2486854594257898,2.131694240565658,0.608065059346882,Low (<10%),Low (<5%),Medium - High (0.50-0.75),Low (<0.33)
United States,Maryland,0.32628829759,3.969169042165285,1.8489321422922635,1.029476786467914,0.1512339497596515,High (40-80%),Low - Medium (5-25%),Low - Medium (0.25-0.50),Low (<0.33)
United States,Maryland,1977.85742882,3.969169042165285,1.8489321422922635,1.029476786467914,0.1512339497596515,High (40-80%),Low - Medium (5-25%),Low - Medium (0.25-0.50),Low (<0.33)
United States,Pennsylvania,267.024155736,3.969169042165285,1.8489321422922635,1.029476786467914,0.1512339497596515,High (40-80%),Low - Medium (5-25%),Low - Medium (0.25-0.50),Low (<0.33)
United States,Pennsylvania,332.332691627,3.969169042165285,1.8489321422922635,1.029476786467914,0.1512339497596515,High (40-80%),Low - Medium (5-25%),Low - Medium (0.25-0.50),Low (<0.33)
United States,Maryland,482.337452973,0.0,0.2367525544839205,2.717112248533254,0.7903093561398435,Low (<10%),Low (<5%),Medium - High (0.50-0.75),Low (<0.33)
United States,Virginia,368.956475395,0.0,0.2367525544839205,2.717112248533254,0.7903093561398435,Low (<10%),Low (<5%),Medium - High (0.50-0.75),Low (<0.33)
United States,West Virginia,0.45416798866,0.0,0.2367525544839205,2.717112248533254,0.7903093561398435,Low (<10%),Low (<5%),Medium - High (0.50-0.75),Low (<0.33)
United States,Virginia,4925.75852803,2.819704746608247,1.184721553227735,2.0182394181970933,0.5588977421592103,Medium - High (20-40%),Low - Medium (5-25%),Medium - High (0.50-0.75),Low (<0.33)
United States,Virginia,2692.22004967,2.819704746608247,1.184721553227735,2.0182394181970933,0.5588977421592103,Medium - High (20-40%),Low - Medium (5-25%),Medium - High (0.50-0.75),Low (<0.33)
United States,West Virginia,49.323636821,2.819704746608247,1.184721553227735,2.0182394181970933,0.5588977421592103,Medium - High (20-40%),Low - Medium (5-25%),Medium - High (0.50-0.75),Low (<0.33)
United States,West Virginia,264.318051234,2.819704746608247,1.184721553227735,2.0182394181970933,0.5588977421592103,Medium - High (20-40%),Low - Medium (5-25%),Medium - High (0.50-0.75),Low (<0.33)
United States,Maryland,745.191370738,2.8177826710561424,1.1836473272854555,2.3924156668156367,0.7197654737134401,Medium - High (20-40%),Low - Medium (5-25%),Medium - High (0.50-0.75),Low (<0.33)
United States,Maryland,378.399913487,2.8177826710561424,1.1836473272854555,2.3924156668156367,0.7197654737134401,Medium - High (20-40%),Low - Medium (5-25%),Medium - High (0.50-0.75),Low (<0.33)
United States,Pennsylvania,2411.1183881,2.8177826710561424,1.1836473272854555,2.3924156668156367,0.7197654737134401,Medium - High (20-40%),Low - Medium (5-25%),Medium - High (0.50-0.75),Low (<0.33)
United States,Virginia,852.760648777,2.8177826710561424,1.1836473272854555,2.3924156668156367,0.7197654737134401,Medium - High (20-40%),Low - Medium (5-25%),Medium - High (0.50-0.75),Low (<0.33)
United States,Virginia,31.5717916511,2.8177826710561424,1.1836473272854555,2.3924156668156367,0.7197654737134401,Medium - High (20-40%),Low - Medium (5-25%),Medium - High (0.50-0.75),Low (<0.33)
United States,West Virginia,1330.71706981,2.8177826710561424,1.1836473272854555,2.3924156668156367,0.7197654737134401,Medium - High (20-40%),Low - Medium (5-25%),Medium - High (0.50-0.75),Low (<0.33)
United States,West Virginia,200.681887802,2.8177826710561424,1.1836473272854555,2.3924156668156367,0.7197654737134401,Medium - High (20-40%),Low - Medium (5-25%),Medium - High (0.50-0.75),Low (<0.33)
United States,Virginia,5.51350418473,2.248428368303768,1.1075109156259977,3.833648168466176,0.8297678260086323,Medium - High (20-40%),Low - Medium (5-25%),High (0.75-1.00),Low (<0.33)
United States,West Virginia,1738.79856822,2.248428368303768,1.1075109156259977,3.833648168466176,0.8297678260086323,Medium - High (20-40%),Low - Medium (5-25%),High (0.75-1.00),Low (<0.33)
United States,Maryland,477.872570417,0.0,0.1456713606577066,2.0735980909183245,0.6072550983649807,Low (<10%),Low (<5%),Medium - High (0.50-0.75),Low (<0.33)
United States,Pennsylvania,472.590695351,0.0,0.1456713606577066,2.0735980909183245,0.6072550983649807,Low (<10%),Low (<5%),Medium - High (0.50-0.75),Low (<0.33)
United States,West Virginia,407.504189537,0.0,0.1456713606577066,2.0735980909183245,0.6072550983649807,Low (<10%),Low (<5%),Medium - High (0.50-0.75),Low (<0.33)
United States,Maryland,1306.3974479,2.819610918095986,1.2413168729529276,1.9900901860011269,0.7552377758741592,Medium - High (20-40%),Low - Medium (5-25%),Low - Medium (0.25-0.50),Low (<0.33)
United States,Pennsylvania,665.076358574,2.819610918095986,1.2413168729529276,1.9900901860011269,0.7552377758741592,Medium - High (20-40%),Low - Medium (5-25%),Low - Medium (0.25-0.50),Low (<0.33)
United States,West Virginia,1519.91195422,2.819610918095986,1.2413168729529276,1.9900901860011269,0.7552377758741592,Medium - High (20-40%),Low - Medium (5-25%),Low - Medium (0.25-0.50),Low (<0.33)
United States,Virginia,285.149123961,0.0963041483086393,0.2867507600083941,1.374243815961717,0.4786246980427114,Low (<10%),Low (<5%),Low - Medium (0.25-0.50),Low (<0.33)
United States,West Virginia,3592.97543517,0.0963041483086393,0.2867507600083941,1.374243815961717,0.4786246980427114,Low (<10%),Low (<5%),Low - Medium (0.25-0.50),Low (<0.33)
United States,Virginia,3775.42944138,3.5886680608434567,1.4074657278628755,2.092874543437242,0.7801570638386641,High (40-80%),Low - Medium (5-25%),Medium - High (0.50-0.75),Low (<0.33)
United States,Virginia,1186.35007164,3.5886680608434567,1.4074657278628755,2.092874543437242,0.7801570638386641,High (40-80%),Low - Medium (5-25%),Medium - High (0.50-0.75),Low (<0.33)
United States,Virginia,148.58006928,3.5886680608434567,1.4074657278628755,2.092874543437242,0.7801570638386641,High (40-80%),Low - Medium (5-25%),Medium - High (0.50-0.75),Low (<0.33)
United States,District of Columbia,0.11121680195,3.5886680608434567,1.4074657278628755,2.092874543437242,0.7801570638386641,High (40-80%),Low - Medium (5-25%),Medium - High (0.50-0.75),Low (<0.33)
United States,Virginia,1051.84321338,2.7027135553703565,1.165389764587466,1.8517248005006584,0.601591472387517,Medium - High (20-40%),Low - Medium (5-25%),Low - Medium (0.25-0.50),Low (<0.33)
United States,Virginia,3924.4828147,2.7027135553703565,1.165389764587466,1.8517248005006584,0.601591472387517,Medium - High (20-40%),Low - Medium (5-25%),Low - Medium (0.25-0.50),Low (<0.33)
United States,Virginia,29.1841619843,2.7027135553703565,1.165389764587466,1.8517248005006584,0.601591472387517,Medium - High (20-40%),Low - Medium (5-25%),Low - Medium (0.25-0.50),Low (<0.33)
United States,Virginia,4165.65155608,2.8441451824923965,1.2093301513448258,3.130300289087937,1.4043636118250138,Medium - High (20-40%),Low - Medium (5-25%),High (0.75-1.00),Low - Medium (0.33-0.66)
United States,Virginia,155.230695131,2.8441451824923965,1.2093301513448258,3.130300289087937,1.4043636118250138,Medium - High (20-40%),Low - Medium (5-25%),High (0.75-1.00),Low - Medium (0.33-0.66)
United States,Virginia,41.4145855673,2.8441451824923965,1.2093301513448258,3.130300289087937,1.4043636118250138,Medium - High (20-40%),Low - Medium (5-25%),High (0.75-1.00),Low - Medium (0.33-0.66)
United States,Virginia,1670.45950867,1.5813949136747325,0.8067953612865093,4.475062666298206,1.9133382889545545,Low - Medium (10-20%),Low (<5%),Extremely High (>1.00),Low - Medium (0.33-0.66)
United States,Virginia,2135.61656343,1.5813949136747325,0.8067953612865093,4.475062666298206,1.9133382889545545,Low - Medium (10-20%),Low (<5%),Extremely High (>1.00),Low - Medium (0.33-0.66)
United States,Virginia,2272.30944337,3.802847971072168,1.4851162521870784,1.3654302191663104,0.3163250231174777,High (40-80%),Low - Medium (5-25%),Low - Medium (0.25-0.50),Low (<0.33)
United States,Virginia,112.7602394,3.802847971072168,1.4851162521870784,1.3654302191663104,0.3163250231174777,High (40-80%),Low - Medium (5-25%),Low - Medium (0.25-0.50),Low (<0.33)
United States,Virginia,6965.60648346,2.347786261981338,1.0529432983354143,1.455696252203446,0.560863439023104,Medium - High (20-40%),Low - Medium (5-25%),Low - Medium (0.25-0.50),Low (<0.33)
United States,Virginia,884.286484376,2.347786261981338,1.0529432983354143,1.455696252203446,0.560863439023104,Medium - High (20-40%),Low - Medium (5-25%),Low - Medium (0.25-0.50),Low (<0.33)
United States,Virginia,10211.2780184,2.347786261981338,1.0529432983354143,1.455696252203446,0.560863439023104,Medium - High (20-40%),Low - Medium (5-25%),Low - Medium (0.25-0.50),Low (<0.33)
United States,West Virginia,223.92559347,2.347786261981338,1.0529432983354143,1.455696252203446,0.560863439023104,Medium - High (20-40%),Low - Medium (5-25%),Low - Medium (0.25-0.50),Low (<0.33)
United States,Virginia,0.28496664988,,,,,No Data,No Data,No Data,No Data
United States,Virginia,694.073165474,3.1367336770545875,1.2689707153886762,2.741541511733983,0.4294343153500951,High (40-80%),Low - Medium (5-25%),Medium - High (0.50-0.75),Low (<0.33)
United States,Virginia,3482.12354776,3.1367336770545875,1.2689707153886762,2.741541511733983,0.4294343153500951,High (40-80%),Low - Medium (5-25%),Medium - High (0.50-0.75),Low (<0.33)
United States,Virginia,2274.25301367,1.1401255828034569,0.4573325337955785,1.6034086980153248,0.5630500334209563,Low - Medium (10-20%),Low (<5%),Low - Medium (0.25-0.50),Low (<0.33)
United States,Virginia,114.603993866,1.1401255828034569,0.4573325337955785,1.6034086980153248,0.5630500334209563,Low - Medium (10-20%),Low (<5%),Low - Medium (0.25-0.50),Low (<0.33)
United States,North Carolina,3475.36580178,2.764502476245416,1.1739703188494686,2.822081412918081,0.9769913823418797,Medium - High (20-40%),Low - Medium (5-25%),Medium - High (0.50-0.75),Low (<0.33)
United States,North Carolina,20.9821255374,2.764502476245416,1.1739703188494686,2.822081412918081,0.9769913823418797,Medium - High (20-40%),Low - Medium (5-25%),Medium - High (0.50-0.75),Low (<0.33)
United States,North Carolina,255.408670872,2.764502476245416,1.1739703188494686,2.822081412918081,0.9769913823418797,Medium - High (20-40%),Low - Medium (5-25%),Medium - High (0.50-0.75),Low (<0.33)
United States,Virginia,1168.11639255,2.764502476245416,1.1739703188494686,2.822081412918081,0.9769913823418797,Medium - High (20-40%),Low - Medium (5-25%),Medium - High (0.50-0.75),Low (<0.33)
United States,Virginia,27.8839105993,2.764502476245416,1.1739703188494686,2.822081412918081,0.9769913823418797,Medium - High (20-40%),Low - Medium (5-25%),Medium - High (0.50-0.75),Low (<0.33)
United States,North Carolina,2508.35712838,3.7205495379841897,1.6523150708021497,3.534470212106624,1.400655843762006,High (40-80%),Low - Medium (5-25%),High (0.75-1.00),Low - Medium (0.33-0.66)
United States,North Carolina,13.7474444445,3.7205495379841897,1.6523150708021497,3.534470212106624,1.400655843762006,High (40-80%),Low - Medium (5-25%),High (0.75-1.00),Low - Medium (0.33-0.66)
United States,Virginia,6106.61726612,3.7205495379841897,1.6523150708021497,3.534470212106624,1.400655843762006,High (40-80%),Low - Medium (5-25%),High (0.75-1.00),Low - Medium (0.33-0.66)
United States,Virginia,3394.21460527,3.7205495379841897,1.6523150708021497,3.534470212106624,1.400655843762006,High (40-80%),Low - Medium (5-25%),High (0.75-1.00),Low - Medium (0.33-0.66)
United States,North Carolina,1003.02323275,0.0,0.2538857138517319,3.748594624294268,1.4898708141464756,Low (<10%),Low (<5%),High (0.75-1.00),Low - Medium (0.33-0.66)
United States,North Carolina,53.7266275651,0.0,0.2538857138517319,3.748594624294268,1.4898708141464756,Low (<10%),Low (<5%),High (0.75-1.00),Low - Medium (0.33-0.66)
United States,North Carolina,2518.39860182,2.7697299319853768,1.1773534824585623,1.6723952499241677,0.2969548617358958,Medium - High (20-40%),Low - Medium (5-25%),Low - Medium (0.25-0.50),Low (<0.33)
United States,North Carolina,5700.27532074,2.7697299319853768,1.1773534824585623,1.6723952499241677,0.2969548617358958,Medium - High (20-40%),Low - Medium (5-25%),Low - Medium (0.25-0.50),Low (<0.33)
United States,Virginia,637.394202166,2.7697299319853768,1.1773534824585623,1.6723952499241677,0.2969548617358958,Medium - High (20-40%),Low - Medium (5-25%),Low - Medium (0.25-0.50),Low (<0.33)
United States,Virginia,15670.6409174,2.7697299319853768,1.1773534824585623,1.6723952499241677,0.2969548617358958,Medium - High (20-40%),Low - Medium (5-25%),Low - Medium (0.25-0.50),Low (<0.33)
United States,North Carolina,11003.5467301,2.702865913437059,1.1999065939542652,2.5292523118572943,0.6037825175451086,Medium - High (20-40%),Low - Medium (5-25%),Medium - High (0.50-0.75),Low (<0.33)
United States,North Carolina,4069.33161573,2.702865913437059,1.1999065939542652,2.5292523118572943,0.6037825175451086,Medium - High (20-40%),Low - Medium (5-25%),Medium - High (0.50-0.75),Low (<0.33)
United States,North Carolina,255.313174844,2.702865913437059,1.1999065939542652,2.5292523118572943,0.6037825175451086,Medium - High (20-40%),Low - Medium (5-25%),Medium - High (0.50-0.75),Low (<0.33)
United States,North Carolina,5846.03665985,4.015390802742177,1.673059574011356,2.2934085922010485,0.6371955139075305,Extremely High (>80%),Low - Medium (5-25%),Medium - High (0.50-0.75),Low (<0.33)
United States,North Carolina,4403.50148531,4.015390802742177,1.673059574011356,2.2934085922010485,0.6371955139075305,Extremely High (>80%),Low - Medium (5-25%),Medium - High (0.50-0.75),Low (<0.33)
United States,North Carolina,1486.064205,4.015390802742177,1.673059574011356,2.2934085922010485,0.6371955139075305,Extremely High (>80%),Low - Medium (5-25%),Medium - High (0.50-0.75),Low (<0.33)
United States,North Carolina,1884.85597502,2.456276421377237,1.0575981010391158,1.611359199071896,0.2999860458066448,Medium - High (20-40%),Low - Medium (5-25%),Low - Medium (0.25-0.50),Low (<0.33)
United States,North Carolina,23.2725838893,2.456276421377237,1.0575981010391158,1.611359199071896,0.2999860458066448,Medium - High (20-40%),Low - Medium (5-25%),Low - Medium (0.25-0.50),Low (<0.33)
United States,North Carolina,3150.44178429,2.456276421377237,1.0575981010391158,1.611359199071896,0.2999860458066448,Medium - High (20-40%),Low - Medium (5-25%),Low - Medium (0.25-0.50),Low (<0.33)
United States,North Carolina,498.124500042,2.456276421377237,1.0575981010391158,1.611359199071896,0.2999860458066448,Medium - High (20-40%),Low - Medium (5-25%),Low - Medium (0.25-0.50),Low (<0.33)
United States,North Carolina,11511.1558735,3.5769634975544453,1.4598287025676897,2.426078774626108,0.6832802791354519,High (40-80%),Low - Medium (5-25%),Medium - High (0.50-0.75),Low (<0.33)
United States,North Carolina,8316.1926125,3.5769634975544453,1.4598287025676897,2.426078774626108,0.6832802791354519,High (40-80%),Low - Medium (5-25%),Medium - High (0.50-0.75),Low (<0.33)
United States,North Carolina,3064.6563075,3.5769634975544453,1.4598287025676897,2.426078774626108,0.6832802791354519,High (40-80%),Low - Medium (5-25%),Medium - High (0.50-0.75),Low (<0.33)
United States,North Carolina,1015.21163964,0.0,0.1508940388838406,2.134732130441791,0.5974865524330903,Low (<10%),Low (<5%),Medium - High (0.50-0.75),Low (<0.33)
United States,North Carolina,312.925064883,0.0,0.1508940388838406,2.134732130441791,0.5974865524330903,Low (<10%),Low (<5%),Medium - High (0.50-0.75),Low (<0.33)
United States,North Carolina,40.877203653,0.0,0.1508940388838406,2.134732130441791,0.5974865524330903,Low (<10%),Low (<5%),Medium - High (0.50-0.75),Low (<0.33)
United States,South Carolina,353.306670705,0.0,0.1508940388838406,2.134732130441791,0.5974865524330903,Low (<10%),Low (<5%),Medium - High (0.50-0.75),Low (<0.33)
United States,South Carolina,62.3616735458,0.0,0.1508940388838406,2.134732130441791,0.5974865524330903,Low (<10%),Low (<5%),Medium - High (0.50-0.75),Low (<0.33)
United States,South Carolina,358.652387451,0.0,0.0197491670386813,2.1161460756293136,0.6040215239303406,Low (<10%),Low (<5%),Medium - High (0.50-0.75),Low (<0.33)
United States,South Carolina,12.7946809463,0.0,0.0197491670386813,2.1161460756293136,0.6040215239303406,Low (<10%),Low (<5%),Medium - High (0.50-0.75),Low (<0.33)
United States,North Carolina,2749.17215636,2.893544356748124,1.2120648279991189,2.973480344471221,0.9060847428219928,Medium - High (20-40%),Low - Medium (5-25%),Medium - High (0.50-0.75),Low (<0.33)
United States,South Carolina,1458.98255024,2.893544356748124,1.2120648279991189,2.973480344471221,0.9060847428219928,Medium - High (20-40%),Low - Medium (5-25%),Medium - High (0.50-0.75),Low (<0.33)
United States,South Carolina,124.780397639,0.0,0.006028386145263,2.0924046699799392,0.5999803522461198,Low (<10%),Low (<5%),Medium - High (0.50-0.75),Low (<0.33)
United States,North Carolina,5051.47555546,2.5238992957102893,1.1159783823555367,2.291158439129052,0.7609055337673161,Medium - High (20-40%),Low - Medium (5-25%),Medium - High (0.50-0.75),Low (<0.33)
United States,North Carolina,54.657414844,2.5238992957102893,1.1159783823555367,2.291158439129052,0.7609055337673161,Medium - High (20-40%),Low - Medium (5-25%),Medium - High (0.50-0.75),Low (<0.33)
United States,South Carolina,2796.47600019,2.5238992957102893,1.1159783823555367,2.291158439129052,0.7609055337673161,Medium - High (20-40%),Low - Medium (5-25%),Medium - High (0.50-0.75),Low (<0.33)
United States,South Carolina,287.699148311,0.0,0.0097227511566499,1.9912017986517323,0.5992997250144345,Low (<10%),Low (<5%),Low - Medium (0.25-0.50),Low (<0.33)
United States,North Carolina,73.816399736,0.5530438729622873,0.370437789321976,1.7232585815502082,0.4596949203035199,Low (<10%),Low (<5%),Low - Medium (0.25-0.50),Low (<0.33)
United States,South Carolina,3216.6126371,0.5530438729622873,0.370437789321976,1.7232585815502082,0.4596949203035199,Low (<10%),Low (<5%),Low - Medium (0.25-0.50),Low (<0.33)
United States,South Carolina,436.732683607,0.5530438729622873,0.370437789321976,1.7232585815502082,0.4596949203035199,Low (<10%),Low (<5%),Low - Medium (0.25-0.50),Low (<0.33)
United States,North Carolina,1024.47405538,1.430737718197999,0.6372132678898013,1.906166779314335,0.5879209461734151,Low - Medium (10-20%),Low (<5%),Low - Medium (0.25-0.50),Low (<0.33)
United States,North Carolina,2081.48816961,1.430737718197999,0.6372132678898013,1.906166779314335,0.5879209461734151,Low - Medium (10-20%),Low (<5%),Low - Medium (0.25-0.50),Low (<0.33)
United States,South Carolina,5251.63918049,1.430737718197999,0.6372132678898013,1.906166779314335,0.5879209461734151,Low - Medium (10-20%),Low (<5%),Low - Medium (0.25-0.50),Low (<0.33)
United States,South Carolina,137.97249299,1.430737718197999,0.6372132678898013,1.906166779314335,0.5879209461734151,Low - Medium (10-20%),Low (<5%),Low - Medium (0.25-0.50),Low (<0.33)
United States,North Carolina,3698.08515833,5.0,2.514731490734816,2.17962275787996,0.3356582331723555,Extremely High (>80%),Medium - High (25-50%),Medium - High (0.50-0.75),Low (<0.33)
United States,South Carolina,1.36536462774,5.0,2.514731490734816,2.17962275787996,0.3356582331723555,Extremely High (>80%),Medium - High (25-50%),Medium - High (0.50-0.75),Low (<0.33)
United States,North Carolina,11898.9345428,3.526914077498752,1.410107584727022,1.9533112861086523,0.376916785158322,High (40-80%),Low - Medium (5-25%),Low - Medium (0.25-0.50),Low (<0.33)
United States,Virginia,328.55284109,3.526914077498752,1.410107584727022,1.9533112861086523,0.376916785158322,High (40-80%),Low - Medium (5-25%),Low - Medium (0.25-0.50),Low (<0.33)
United States,South Carolina,5840.06196761,0.6417912513590244,0.3835169008846379,1.912795781441412,0.418153485297088,Low (<10%),Low (<5%),Low - Medium (0.25-0.50),Low (<0.33)
United States,South Carolina,32.2351581635,0.6417912513590244,0.3835169008846379,1.912795781441412,0.418153485297088,Low (<10%),Low (<5%),Low - Medium (0.25-0.50),Low (<0.33)
United States,South Carolina,3054.15259681,0.0,0.07101445238949,1.8340715904328744,0.4093080249834213,Low (<10%),Low (<5%),Low - Medium (0.25-0.50),Low (<0.33)
United States,North Carolina,3933.69296672,3.7482736276700175,1.496356470896039,1.897443539951471,0.5117530698569073,High (40-80%),Low - Medium (5-25%),Low - Medium (0.25-0.50),Low (<0.33)
United States,South Carolina,1981.42793207,3.7482736276700175,1.496356470896039,1.897443539951471,0.5117530698569073,High (40-80%),Low - Medium (5-25%),Low - Medium (0.25-0.50),Low (<0.33)
United States,South Carolina,16245.3420302,3.7482736276700175,1.496356470896039,1.897443539951471,0.5117530698569073,High (40-80%),Low - Medium (5-25%),Low - Medium (0.25-0.50),Low (<0.33)
United States,South Carolina,2190.09291357,2.20805445018616,1.022355787616679,1.7755527903843566,0.3016250572803794,Medium - High (20-40%),Low - Medium (5-25%),Low - Medium (0.25-0.50),Low (<0.33)
United States,South Carolina,1768.68886526,2.20805445018616,1.022355787616679,1.7755527903843566,0.3016250572803794,Medium - High (20-40%),Low - Medium (5-25%),Low - Medium (0.25-0.50),Low (<0.33)
United States,South Carolina,743.842005259,4.94896540845395,2.344258035171717,1.585163270731664,0.2786086719600662,Extremely High (>80%),Medium - High (25-50%),Low - Medium (0.25-0.50),Low (<0.33)
United States,North Carolina,459.071095745,2.11886093415519,0.929206534697022,1.8294613951513805,0.2266778207307293,Medium - High (20-40%),Low (<5%),Low - Medium (0.25-0.50),Low (<0.33)
United States,South Carolina,714.118460217,2.11886093415519,0.929206534697022,1.8294613951513805,0.2266778207307293,Medium - High (20-40%),Low (<5%),Low - Medium (0.25-0.50),Low (<0.33)
United States,North Carolina,601.155907908,3.861421789672111,1.4843974853795,2.057181321782408,0.2339433419993029,High (40-80%),Low - Medium (5-25%),Medium - High (0.50-0.75),Low (<0.33)
United States,South Carolina,113.80924899,3.861421789672111,1.4843974853795,2.057181321782408,0.2339433419993029,High (40-80%),Low - Medium (5-25%),Medium - High (0.50-0.75),Low (<0.33)
United States,North Carolina,318.919093624,1.6055472497178485,0.6167780839522953,2.409385044064626,0.289198335697565,Low - Medium (10-20%),Low (<5%),Medium - High (0.50-0.75),Low (<0.33)
United States,South Carolina,514.146944243,1.6055472497178485,0.6167780839522953,2.409385044064626,0.289198335697565,Low - Medium (10-20%),Low (<5%),Medium - High (0.50-0.75),Low (<0.33)
United States,North Carolina,1692.25595835,3.638327144220889,1.41941503575853,2.502750088917028,0.3320429256702577,High (40-80%),Low - Medium (5-25%),Medium - High (0.50-0.75),Low (<0.33)
United States,North Carolina,5488.78412991,2.942697498431475,1.164727757077613,1.5138401117516032,0.2951392150291199,Medium - High (20-40%),Low - Medium (5-25%),Low - Medium (0.25-0.50),Low (<0.33)
United States,Georgia,2.60904634465,2.8487063545280726,1.1728801691658337,1.80154850086807,0.4615600139953789,Medium - High (20-40%),Low - Medium (5-25%),Low - Medium (0.25-0.50),Low (<0.33)
United States,Georgia,0.62232126128,2.8487063545280726,1.1728801691658337,1.80154850086807,0.4615600139953789,Medium - High (20-40%),Low - Medium (5-25%),Low - Medium (0.25-0.50),Low (<0.33)
United States,South Carolina,19925.0937148,2.8487063545280726,1.1728801691658337,1.80154850086807,0.4615600139953789,Medium - High (20-40%),Low - Medium (5-25%),Low - Medium (0.25-0.50),Low (<0.33)
United States,South Carolina,574.767525932,2.8487063545280726,1.1728801691658337,1.80154850086807,0.4615600139953789,Medium - High (20-40%),Low - Medium (5-25%),Low - Medium (0.25-0.50),Low (<0.33)
United States,South Carolina,173.315664369,2.8487063545280726,1.1728801691658337,1.80154850086807,0.4615600139953789,Medium - High (20-40%),Low - Medium (5-25%),Low - Medium (0.25-0.50),Low (<0.33)
United States,Georgia,5242.19477022,2.931926380780837,1.2066536691040062,1.4936159096679944,0.4005022857803606,Medium - High (20-40%),Low - Medium (5-25%),Low - Medium (0.25-0.50),Low (<0.33)
United States,Georgia,9638.1626629,2.931926380780837,1.2066536691040062,1.4936159096679944,0.4005022857803606,Medium - High (20-40%),Low - Medium (5-25%),Low - Medium (0.25-0.50),Low (<0.33)
United States,North Carolina,460.843627757,2.931926380780837,1.2066536691040062,1.4936159096679944,0.4005022857803606,Medium - High (20-40%),Low - Medium (5-25%),Low - Medium (0.25-0.50),Low (<0.33)
United States,South Carolina,3472.36124864,2.931926380780837,1.2066536691040062,1.4936159096679944,0.4005022857803606,Medium - High (20-40%),Low - Medium (5-25%),Low - Medium (0.25-0.50),Low (<0.33)
United States,South Carolina,8419.54637784,2.931926380780837,1.2066536691040062,1.4936159096679944,0.4005022857803606,Medium - High (20-40%),Low - Medium (5-25%),Low - Medium (0.25-0.50),Low (<0.33)
United States,Georgia,13501.4224502,0.8207086059047766,0.533864743472935,2.184975875105503,0.7473108117946635,Low (<10%),Low (<5%),Medium - High (0.50-0.75),Low (<0.33)
United States,Georgia,1211.86688631,0.8207086059047766,0.533864743472935,2.184975875105503,0.7473108117946635,Low (<10%),Low (<5%),Medium - High (0.50-0.75),Low (<0.33)
United States,Georgia,76.7987163863,0.8207086059047766,0.533864743472935,2.184975875105503,0.7473108117946635,Low (<10%),Low (<5%),Medium - High (0.50-0.75),Low (<0.33)
United States,Georgia,3080.57956351,0.0,0.1243978105386742,2.309810661557293,0.9760878868793046,Low (<10%),Low (<5%),Medium - High (0.50-0.75),Low (<0.33)
United States,Georgia,3541.20808504,2.062481923792322,1.054387138897345,2.155301178335381,0.767575080246756,Medium - High (20-40%),Low - Medium (5-25%),Medium - High (0.50-0.75),Low (<0.33)
United States,Georgia,1221.16838162,0.0,0.0793889361787695,2.186837021108792,0.9528310923352312,Low (<10%),Low (<5%),Medium - High (0.50-0.75),Low (<0.33)
United States,Georgia,4851.18556686,2.101601868026963,1.011609151067438,2.030422470006397,0.8653269281096404,Medium - High (20-40%),Low - Medium (5-25%),Medium - High (0.50-0.75),Low (<0.33)
United States,Georgia,8710.39838977,2.101601868026963,1.011609151067438,2.030422470006397,0.8653269281096404,Medium - High (20-40%),Low - Medium (5-25%),Medium - High (0.50-0.75),Low (<0.33)
United States,Georgia,338.562349943,2.101601868026963,1.011609151067438,2.030422470006397,0.8653269281096404,Medium - High (20-40%),Low - Medium (5-25%),Medium - High (0.50-0.75),Low (<0.33)
United States,Georgia,80.7133354603,0.0,0.0793647952720357,2.739656875801684,1.384839157337574,Low (<10%),Low (<5%),Medium - High (0.50-0.75),Low - Medium (0.33-0.66)
United States,Georgia,1627.74868282,2.4490710700895946,1.2458143963783412,2.4004769043106102,1.194879771960244,Medium - High (20-40%),Low - Medium (5-25%),Medium - High (0.50-0.75),Low - Medium (0.33-0.66)
United States,Georgia,453.894987885,2.4490710700895946,1.2458143963783412,2.4004769043106102,1.194879771960244,Medium - High (20-40%),Low - Medium (5-25%),Medium - High (0.50-0.75),Low - Medium (0.33-0.66)
United States,Georgia,4524.2593059,2.5941844188976857,1.1565764468996005,1.6240952130903423,0.7447685941890845,Medium - High (20-40%),Low - Medium (5-25%),Low - Medium (0.25-0.50),Low (<0.33)
United States,Georgia,4700.81534586,2.5941844188976857,1.1565764468996005,1.6240952130903423,0.7447685941890845,Medium - High (20-40%),Low - Medium (5-25%),Low - Medium (0.25-0.50),Low (<0.33)
United States,Georgia,1859.82313822,2.5941844188976857,1.1565764468996005,1.6240952130903423,0.7447685941890845,Medium - High (20-40%),Low - Medium (5-25%),Low - Medium (0.25-0.50),Low (<0.33)
United States,Georgia,1431.56002347,3.625606179833565,1.3722997229088465,1.1909552806307862,0.2203499324703167,High (40-80%),Low - Medium (5-25%),Low - Medium (0.25-0.50),Low (<0.33)
United States,Georgia,1171.68483536,3.197685883754423,1.214395439110702,1.3007004940678633,0.3091478389111329,High (40-80%),Low - Medium (5-25%),Low - Medium (0.25-0.50),Low (<0.33)
United States,Florida,3129.99266329,1.2482862615613577,0.7164942016785365,2.614477584661207,1.0080222967222778,Low - Medium (10-20%),Low (<5%),Medium - High (0.50-0.75),Low - Medium (0.33-0.66)
United States,Florida,29.134246494,1.2482862615613577,0.7164942016785365,2.614477584661207,1.0080222967222778,Low - Medium (10-20%),Low (<5%),Medium - High (0.50-0.75),Low - Medium (0.33-0.66)
United States,Georgia,11571.3505185,1.2482862615613577,0.7164942016785365,2.614477584661207,1.0080222967222778,Low - Medium (10-20%),Low (<5%),Medium - High (0.50-0.75),Low - Medium (0.33-0.66)
United States,Georgia,218.578143066,1.2482862615613577,0.7164942016785365,2.614477584661207,1.0080222967222778,Low - Medium (10-20%),Low (<5%),Medium - High (0.50-0.75),Low - Medium (0.33-0.66)
United States,Florida,18499.7318755,3.712888807453472,1.694225452754638,2.04417609916123,0.7483748783721199,High (40-80%),Low - Medium (5-25%),Medium - High (0.50-0.75),Low (<0.33)
United States,Florida,6229.03517575,3.712888807453472,1.694225452754638,2.04417609916123,0.7483748783721199,High (40-80%),Low - Medium (5-25%),Medium - High (0.50-0.75),Low (<0.33)
United States,Florida,278.079020298,0.0,0.0,3.401008946675596,2.0841206184028023,Low (<10%),Low (<5%),High (0.75-1.00),Medium - High (0.66-1.00)
United States,Florida,9542.22800941,3.795430686457698,2.1401383216598924,2.326292660617457,1.325776846810156,High (40-80%),Medium - High (25-50%),Medium - High (0.50-0.75),Low - Medium (0.33-0.66)
United States,Florida,210.981046574,3.795430686457698,2.1401383216598924,2.326292660617457,1.325776846810156,High (40-80%),Medium - High (25-50%),Medium - High (0.50-0.75),Low - Medium (0.33-0.66)
United States,Florida,84.6672602348,3.795430686457698,2.1401383216598924,2.326292660617457,1.325776846810156,High (40-80%),Medium - High (25-50%),Medium - High (0.50-0.75),Low - Medium (0.33-0.66)
United States,Florida,2739.13445822,3.795430686457698,2.1401383216598924,2.326292660617457,1.325776846810156,High (40-80%),Medium - High (25-50%),Medium - High (0.50-0.75),Low - Medium (0.33-0.66)
United States,Florida,199.018662439,3.795430686457698,2.1401383216598924,2.326292660617457,1.325776846810156,High (40-80%),Medium - High (25-50%),Medium - High (0.50-0.75),Low - Medium (0.33-0.66)
United States,Florida,4267.15141137,1.6988334071138476,1.0282016969192531,1.375136031472227,1.0742010870725047,Low - Medium (10-20%),Low - Medium (5-25%),Low - Medium (0.25-0.50),Low - Medium (0.33-0.66)
United States,Florida,3322.9920063,1.6988334071138476,1.0282016969192531,1.375136031472227,1.0742010870725047,Low - Medium (10-20%),Low - Medium (5-25%),Low - Medium (0.25-0.50),Low - Medium (0.33-0.66)
United States,Florida,0.04757175986,1.6988334071138476,1.0282016969192531,1.375136031472227,1.0742010870725047,Low - Medium (10-20%),Low - Medium (5-25%),Low - Medium (0.25-0.50),Low - Medium (0.33-0.66)
United States,Florida,5833.79866138,2.110354012615164,1.103415575869693,1.5549006813494175,1.2676341715126984,Medium - High (20-40%),Low - Medium (5-25%),Low - Medium (0.25-0.50),Low - Medium (0.33-0.66)
United States,Florida,2827.61468601,2.110354012615164,1.103415575869693,1.5549006813494175,1.2676341715126984,Medium - High (20-40%),Low - Medium (5-25%),Low - Medium (0.25-0.50),Low - Medium (0.33-0.66)
United States,Florida,89.1262031654,2.110354012615164,1.103415575869693,1.5549006813494175,1.2676341715126984,Medium - High (20-40%),Low - Medium (5-25%),Low - Medium (0.25-0.50),Low - Medium (0.33-0.66)
United States,Florida,691.120405667,2.110354012615164,1.103415575869693,1.5549006813494175,1.2676341715126984,Medium - High (20-40%),Low - Medium (5-25%),Low - Medium (0.25-0.50),Low - Medium (0.33-0.66)
United States,Florida,17089.889413,2.829132932876786,1.553004972401956,2.39728103921724,1.452462393833612,Medium - High (20-40%),Low - Medium (5-25%),Medium - High (0.50-0.75),Low - Medium (0.33-0.66)
United States,Florida,4.64267897802,2.829132932876786,1.553004972401956,2.39728103921724,1.452462393833612,Medium - High (20-40%),Low - Medium (5-25%),Medium - High (0.50-0.75),Low - Medium (0.33-0.66)
United States,Florida,917.057747092,2.890697734573112,1.2276594425350174,1.2236224678842518,0.5404542478837767,Medium - High (20-40%),Low - Medium (5-25%),Low - Medium (0.25-0.50),Low (<0.33)
United States,Florida,245.336082146,2.890697734573112,1.2276594425350174,1.2236224678842518,0.5404542478837767,Medium - High (20-40%),Low - Medium (5-25%),Low - Medium (0.25-0.50),Low (<0.33)
United States,Florida,5789.83247555,2.861257555094746,1.5300201055458194,2.175749728892632,1.3560634177918782,Medium - High (20-40%),Low - Medium (5-25%),Medium - High (0.50-0.75),Low - Medium (0.33-0.66)
United States,Florida,5655.58020342,3.636148656561352,1.5782189726832416,1.99901081766487,1.0348039759340737,High (40-80%),Low - Medium (5-25%),Low - Medium (0.25-0.50),Low - Medium (0.33-0.66)
United States,Florida,5183.60624406,3.636148656561352,1.5782189726832416,1.99901081766487,1.0348039759340737,High (40-80%),Low - Medium (5-25%),Low - Medium (0.25-0.50),Low - Medium (0.33-0.66)
United States,Florida,600.75966572,3.636148656561352,1.5782189726832416,1.99901081766487,1.0348039759340737,High (40-80%),Low - Medium (5-25%),Low - Medium (0.25-0.50),Low - Medium (0.33-0.66)
United States,Florida,571.174312702,3.082377015470805,1.455606114222434,2.4292272552922816,0.584979738451904,High (40-80%),Low - Medium (5-25%),Medium - High (0.50-0.75),Low (<0.33)
United States,Florida,4163.24719288,3.082377015470805,1.455606114222434,2.4292272552922816,0.584979738451904,High (40-80%),Low - Medium (5-25%),Medium - High (0.50-0.75),Low (<0.33)
United States,Florida,0.32367434218,3.082377015470805,1.455606114222434,2.4292272552922816,0.584979738451904,High (40-80%),Low - Medium (5-25%),Medium - High (0.50-0.75),Low (<0.33)
United States,Florida,2053.15251946,0.0,0.1221129418031139,2.865427597822252,1.031716377718244,Low (<10%),Low (<5%),Medium - High (0.50-0.75),Low - Medium (0.33-0.66)
United States,Florida,82.907047593,0.0,0.1221129418031139,2.865427597822252,1.031716377718244,Low (<10%),Low (<5%),Medium - High (0.50-0.75),Low - Medium (0.33-0.66)
United States,Florida,5212.9892985,2.8615833765292407,1.4768104709450969,2.556079677470138,0.9812708052192508,Medium - High (20-40%),Low - Medium (5-25%),Medium - High (0.50-0.75),Low (<0.33)
United States,Florida,6742.78644261,2.8615833765292407,1.4768104709450969,2.556079677470138,0.9812708052192508,Medium - High (20-40%),Low - Medium (5-25%),Medium - High (0.50-0.75),Low (<0.33)
United States,Florida,8.95320789067,2.8615833765292407,1.4768104709450969,2.556079677470138,0.9812708052192508,Medium - High (20-40%),Low - Medium (5-25%),Medium - High (0.50-0.75),Low (<0.33)
United States,Georgia,13865.727149,2.8615833765292407,1.4768104709450969,2.556079677470138,0.9812708052192508,Medium - High (20-40%),Low - Medium (5-25%),Medium - High (0.50-0.75),Low (<0.33)
United States,Georgia,652.403494445,2.8615833765292407,1.4768104709450969,2.556079677470138,0.9812708052192508,Medium - High (20-40%),Low - Medium (5-25%),Medium - High (0.50-0.75),Low (<0.33)
United States,Georgia,135.988594337,2.8615833765292407,1.4768104709450969,2.556079677470138,0.9812708052192508,Medium - High (20-40%),Low - Medium (5-25%),Medium - High (0.50-0.75),Low (<0.33)
United States,Florida,6807.66757303,2.716228594041432,1.3099675696242974,3.559803020212429,1.1061734197187576,Medium - High (20-40%),Low - Medium (5-25%),High (0.75-1.00),Low - Medium (0.33-0.66)
United States,Florida,10.28251001,2.716228594041432,1.3099675696242974,3.559803020212429,1.1061734197187576,Medium - High (20-40%),Low - Medium (5-25%),High (0.75-1.00),Low - Medium (0.33-0.66)
United States,Florida,7127.76234844,2.716228594041432,1.3099675696242974,3.559803020212429,1.1061734197187576,Medium - High (20-40%),Low - Medium (5-25%),High (0.75-1.00),Low - Medium (0.33-0.66)
United States,Florida,174.110719088,2.716228594041432,1.3099675696242974,3.559803020212429,1.1061734197187576,Medium - High (20-40%),Low - Medium (5-25%),High (0.75-1.00),Low - Medium (0.33-0.66)
United States,Georgia,3704.09598905,2.716228594041432,1.3099675696242974,3.559803020212429,1.1061734197187576,Medium - High (20-40%),Low - Medium (5-25%),High (0.75-1.00),Low - Medium (0.33-0.66)
United States,Georgia,33.9083869633,2.716228594041432,1.3099675696242974,3.559803020212429,1.1061734197187576,Medium - High (20-40%),Low - Medium (5-25%),High (0.75-1.00),Low - Medium (0.33-0.66)
United States,Georgia,94.2989665494,2.716228594041432,1.3099675696242974,3.559803020212429,1.1061734197187576,Medium - High (20-40%),Low - Medium (5-25%),High (0.75-1.00),Low - Medium (0.33-0.66)
United States,Florida,1187.07500811,0.0,0.0037094656802295,2.31796197858982,1.1803380075703038,Low (<10%),Low (<5%),Medium - High (0.50-0.75),Low - Medium (0.33-0.66)
United States,Florida,1.697406656,0.0,0.0037094656802295,2.31796197858982,1.1803380075703038,Low (<10%),Low (<5%),Medium - High (0.50-0.75),Low - Medium (0.33-0.66)
United States,Alabama,688.045731199,1.9976275295778616,1.0867269169254192,2.661735077488032,1.1063605485352066,Low - Medium (10-20%),Low - Medium (5-25%),Medium - High (0.50-0.75),Low - Medium (0.33-0.66)
United States,Florida,915.635893972,1.9976275295778616,1.0867269169254192,2.661735077488032,1.1063605485352066,Low - Medium (10-20%),Low - Medium (5-25%),Medium - High (0.50-0.75),Low - Medium (0.33-0.66)
United States,Florida,1749.38372353,1.9976275295778616,1.0867269169254192,2.661735077488032,1.1063605485352066,Low - Medium (10-20%),Low - Medium (5-25%),Medium - High (0.50-0.75),Low - Medium (0.33-0.66)
United States,Florida,793.36605114,0.0,0.005170676333036,2.2598876608356773,1.2076958613084812,Low (<10%),Low (<5%),Medium - High (0.50-0.75),Low - Medium (0.33-0.66)
United States,Florida,726.953311535,0.0,0.005170676333036,2.2598876608356773,1.2076958613084812,Low (<10%),Low (<5%),Medium - High (0.50-0.75),Low - Medium (0.33-0.66)
United States,Georgia,11.8560284695,0.0,0.005170676333036,2.2598876608356773,1.2076958613084812,Low (<10%),Low (<5%),Medium - High (0.50-0.75),Low - Medium (0.33-0.66)
United States,Georgia,88.1615584322,0.0,0.005170676333036,2.2598876608356773,1.2076958613084812,Low (<10%),Low (<5%),Medium - High (0.50-0.75),Low - Medium (0.33-0.66)
United States,Georgia,7069.08774104,1.1652933984148754,0.8855620967404915,2.210954861198412,1.301183842741861,Low - Medium (10-20%),Low (<5%),Medium - High (0.50-0.75),Low - Medium (0.33-0.66)
United States,Georgia,5634.36243541,1.1652933984148754,0.8855620967404915,2.210954861198412,1.301183842741861,Low - Medium (10-20%),Low (<5%),Medium - High (0.50-0.75),Low - Medium (0.33-0.66)
United States,Georgia,9333.20224499,1.1652933984148754,0.8855620967404915,2.210954861198412,1.301183842741861,Low - Medium (10-20%),Low (<5%),Medium - High (0.50-0.75),Low - Medium (0.33-0.66)
United States,Alabama,1742.85655328,0.0,0.1427576775789822,1.829901924976492,0.6883362995239384,Low (<10%),Low (<5%),Low - Medium (0.25-0.50),Low (<0.33)
United States,Alabama,473.416739387,0.0,0.1427576775789822,1.829901924976492,0.6883362995239384,Low (<10%),Low (<5%),Low - Medium (0.25-0.50),Low (<0.33)
United States,Florida,468.146962064,0.0,0.1427576775789822,1.829901924976492,0.6883362995239384,Low (<10%),Low (<5%),Low - Medium (0.25-0.50),Low (<0.33)
United States,Georgia,1996.43882156,0.0,0.1427576775789822,1.829901924976492,0.6883362995239384,Low (<10%),Low (<5%),Low - Medium (0.25-0.50),Low (<0.33)
United States,Georgia,584.444505393,0.0,0.1427576775789822,1.829901924976492,0.6883362995239384,Low (<10%),Low (<5%),Low - Medium (0.25-0.50),Low (<0.33)
United States,Alabama,1241.73064988,1.236766188633717,0.7637331612448,5.0,2.3302123633077048,Low - Medium (10-20%),Low (<5%),Extremely High (>1.00),Medium - High (0.66-1.00)
United States,Georgia,0.69893308947,1.236766188633717,0.7637331612448,5.0,2.3302123633077048,Low - Medium (10-20%),Low (<5%),Extremely High (>1.00),Medium - High (0.66-1.00)
United States,Alabama,1332.93109404,0.0,0.1254560344124433,1.616205848737909,0.5276283476571942,Low (<10%),Low (<5%),Low - Medium (0.25-0.50),Low (<0.33)
United States,Alabama,246.838511516,0.0,0.1254560344124433,1.616205848737909,0.5276283476571942,Low (<10%),Low (<5%),Low - Medium (0.25-0.50),Low (<0.33)
United States,Georgia,1001.79235614,0.0,0.1254560344124433,1.616205848737909,0.5276283476571942,Low (<10%),Low (<5%),Low - Medium (0.25-0.50),Low (<0.33)
United States,Georgia,832.552318801,0.0,0.0807457839454155,1.4968799848962218,0.3983563651797718,Low (<10%),Low (<5%),Low - Medium (0.25-0.50),Low (<0.33)
United States,Georgia,351.371332168,0.0,0.0807457839454155,1.4968799848962218,0.3983563651797718,Low (<10%),Low (<5%),Low - Medium (0.25-0.50),Low (<0.33)
United States,Alabama,111.022738495,2.4115917257827646,1.036084046755895,1.1735403282249055,0.2902461494490431,Medium - High (20-40%),Low - Medium (5-25%),Low - Medium (0.25-0.50),Low (<0.33)
United States,Alabama,1474.06360356,2.4115917257827646,1.036084046755895,1.1735403282249055,0.2902461494490431,Medium - High (20-40%),Low - Medium (5-25%),Low - Medium (0.25-0.50),Low (<0.33)
United States,Georgia,136.78570692,2.4115917257827646,1.036084046755895,1.1735403282249055,0.2902461494490431,Medium - High (20-40%),Low - Medium (5-25%),Low - Medium (0.25-0.50),Low (<0.33)
United States,Georgia,10665.4801614,2.4115917257827646,1.036084046755895,1.1735403282249055,0.2902461494490431,Medium - High (20-40%),Low - Medium (5-25%),Low - Medium (0.25-0.50),Low (<0.33)
United States,Florida,2871.95044706,0.2158736266745932,0.2894118613500164,2.837048863149755,1.2464782949958195,Low (<10%),Low (<5%),Medium - High (0.50-0.75),Low - Medium (0.33-0.66)
United States,Florida,164.400082846,0.2158736266745932,0.2894118613500164,2.837048863149755,1.2464782949958195,Low (<10%),Low (<5%),Medium - High (0.50-0.75),Low - Medium (0.33-0.66)
United States,Florida,321.647890841,0.2158736266745932,0.2894118613500164,2.837048863149755,1.2464782949958195,Low (<10%),Low (<5%),Medium - High (0.50-0.75),Low - Medium (0.33-0.66)
United States,Alabama,6138.26430611,1.7351806326230907,0.9233993613387408,2.790806847714028,1.313243531790861,Low - Medium (10-20%),Low (<5%),Medium - High (0.50-0.75),Low - Medium (0.33-0.66)
United States,Alabama,1936.45149002,1.7351806326230907,0.9233993613387408,2.790806847714028,1.313243531790861,Low - Medium (10-20%),Low (<5%),Medium - High (0.50-0.75),Low - Medium (0.33-0.66)
United States,Florida,1399.67949172,1.7351806326230907,0.9233993613387408,2.790806847714028,1.313243531790861,Low - Medium (10-20%),Low (<5%),Medium - High (0.50-0.75),Low - Medium (0.33-0.66)
United States,Florida,2441.99267057,1.7351806326230907,0.9233993613387408,2.790806847714028,1.313243531790861,Low - Medium (10-20%),Low (<5%),Medium - High (0.50-0.75),Low - Medium (0.33-0.66)
United States,Florida,0.3683707719,1.7351806326230907,0.9233993613387408,2.790806847714028,1.313243531790861,Low - Medium (10-20%),Low (<5%),Medium - High (0.50-0.75),Low - Medium (0.33-0.66)
United States,Florida,1872.15236343,1.85164469482142,0.8740214146179499,3.3140815890663844,0.8605907572095339,Low - Medium (10-20%),Low (<5%),High (0.75-1.00),Low (<0.33)
United States,Florida,29.0749889873,1.85164469482142,0.8740214146179499,3.3140815890663844,0.8605907572095339,Low - Medium (10-20%),Low (<5%),High (0.75-1.00),Low (<0.33)
United States,Florida,154.336948934,1.85164469482142,0.8740214146179499,3.3140815890663844,0.8605907572095339,Low - Medium (10-20%),Low (<5%),High (0.75-1.00),Low (<0.33)
United States,Alabama,691.97992985,0.75842535965846,0.5394759443059034,3.801014754950684,1.1219985535557382,Low (<10%),Low (<5%),High (0.75-1.00),Low - Medium (0.33-0.66)
United States,Alabama,642.476129902,0.75842535965846,0.5394759443059034,3.801014754950684,1.1219985535557382,Low (<10%),Low (<5%),High (0.75-1.00),Low - Medium (0.33-0.66)
United States,Florida,2176.50556178,0.75842535965846,0.5394759443059034,3.801014754950684,1.1219985535557382,Low (<10%),Low (<5%),High (0.75-1.00),Low - Medium (0.33-0.66)
United States,Florida,6.29543093368,0.75842535965846,0.5394759443059034,3.801014754950684,1.1219985535557382,Low (<10%),Low (<5%),High (0.75-1.00),Low - Medium (0.33-0.66)
United States,Alabama,332.2047964,0.0,0.2834607712040349,4.088835095404616,1.6411353652715543,Low (<10%),Low (<5%),Extremely High (>1.00),Low - Medium (0.33-0.66)
United States,Alabama,0.76573023433,0.0,0.2834607712040349,4.088835095404616,1.6411353652715543,Low (<10%),Low (<5%),Extremely High (>1.00),Low - Medium (0.33-0.66)
United States,Florida,2021.29003153,0.0,0.2834607712040349,4.088835095404616,1.6411353652715543,Low (<10%),Low (<5%),Extremely High (>1.00),Low - Medium (0.33-0.66)
United States,Florida,35.4529965057,0.0,0.2834607712040349,4.088835095404616,1.6411353652715543,Low (<10%),Low (<5%),Extremely High (>1.00),Low - Medium (0.33-0.66)
United States,Alabama,9462.59017905,0.9590398811759288,0.5304500098755173,3.629998599835104,1.418161771718266,Low (<10%),Low (<5%),High (0.75-1.00),Low - Medium (0.33-0.66)
United States,Alabama,495.029530344,0.9590398811759288,0.5304500098755173,3.629998599835104,1.418161771718266,Low (<10%),Low (<5%),High (0.75-1.00),Low - Medium (0.33-0.66)
United States,Florida,1051.2645683,0.9590398811759288,0.5304500098755173,3.629998599835104,1.418161771718266,Low (<10%),Low (<5%),High (0.75-1.00),Low - Medium (0.33-0.66)
United States,Florida,466.33427672,1.9538921078469056,0.8870865184084427,2.678352300211275,0.555655448496688,Low - Medium (10-20%),Low (<5%),Medium - High (0.50-0.75),Low (<0.33)
United States,Florida,18.9515130727,1.9538921078469056,0.8870865184084427,2.678352300211275,0.555655448496688,Low - Medium (10-20%),Low (<5%),Medium - High (0.50-0.75),Low (<0.33)
United States,Alabama,1702.96707966,0.535209258943252,0.427986349298208,3.525523165486648,0.9275316945143242,Low (<10%),Low (<5%),High (0.75-1.00),Low (<0.33)
United States,Alabama,0.7270184757,0.535209258943252,0.427986349298208,3.525523165486648,0.9275316945143242,Low (<10%),Low (<5%),High (0.75-1.00),Low (<0.33)
United States,Florida,613.152975027,0.535209258943252,0.427986349298208,3.525523165486648,0.9275316945143242,Low (<10%),Low (<5%),High (0.75-1.00),Low (<0.33)
United States,Florida,0.27578462469,0.535209258943252,0.427986349298208,3.525523165486648,0.9275316945143242,Low (<10%),Low (<5%),High (0.75-1.00),Low (<0.33)
United States,Alabama,2067.12154884,0.0,0.0585830516880041,3.25122011439392,1.944168859994207,Low (<10%),Low (<5%),High (0.75-1.00),Low - Medium (0.33-0.66)
United States,Alabama,29.9090085075,0.0,0.0585830516880041,3.25122011439392,1.944168859994207,Low (<10%),Low (<5%),High (0.75-1.00),Low - Medium (0.33-0.66)
United States,Florida,0.12938110808,0.0,0.0585830516880041,3.25122011439392,1.944168859994207,Low (<10%),Low (<5%),High (0.75-1.00),Low - Medium (0.33-0.66)
United States,Florida,0.00919864689,0.0,0.0585830516880041,3.25122011439392,1.944168859994207,Low (<10%),Low (<5%),High (0.75-1.00),Low - Medium (0.33-0.66)
United States,Alabama,1399.6335421,0.0,0.0585830516880041,3.25122011439392,1.944168859994207,Low (<10%),Low (<5%),High (0.75-1.00),Low - Medium (0.33-0.66)
United States,Alabama,8455.16437324,0.0,0.1402376759369949,3.593003657102826,2.344419082109633,Low (<10%),Low (<5%),High (0.75-1.00),Medium - High (0.66-1.00)
United States,Alabama,761.765699664,0.0,0.1402376759369949,3.593003657102826,2.344419082109633,Low (<10%),Low (<5%),High (0.75-1.00),Medium - High (0.66-1.00)
United States,Alabama,1.22710551961,0.0,0.1402376759369949,3.593003657102826,2.344419082109633,Low (<10%),Low (<5%),High (0.75-1.00),Medium - High (0.66-1.00)
United States,Mississippi,102.663057753,0.0,0.1402376759369949,3.593003657102826,2.344419082109633,Low (<10%),Low (<5%),High (0.75-1.00),Medium - High (0.66-1.00)
United States,Mississippi,1.93707991595,0.0,0.1402376759369949,3.593003657102826,2.344419082109633,Low (<10%),Low (<5%),High (0.75-1.00),Medium - High (0.66-1.00)
United States,Alabama,76.3000291525,4.313782425633802,3.9944717205190905,5.0,3.650675245536831,Extremely High (>80%),High (50-75%),Extremely High (>1.00),High (1.00-1.33)
United States,Alabama,899.240690842,4.313782425633802,3.9944717205190905,5.0,3.650675245536831,Extremely High (>80%),High (50-75%),Extremely High (>1.00),High (1.00-1.33)
United States,Mississippi,823.380370269,4.313782425633802,3.9944717205190905,5.0,3.650675245536831,Extremely High (>80%),High (50-75%),Extremely High (>1.00),High (1.00-1.33)
United States,Mississippi,743.114354045,4.313782425633802,3.9944717205190905,5.0,3.650675245536831,Extremely High (>80%),High (50-75%),Extremely High (>1.00),High (1.00-1.33)
United States,Alabama,92.262699353,0.0,0.0077281585106849,3.642420784496258,2.384647427069255,Low (<10%),Low (<5%),High (0.75-1.00),Medium - High (0.66-1.00)
United States,Alabama,139.768647308,0.0,0.0077281585106849,3.642420784496258,2.384647427069255,Low (<10%),Low (<5%),High (0.75-1.00),Medium - High (0.66-1.00)
United States,Alabama,1925.79657767,1.6640104621990734,0.7393203356672222,3.333501635425216,2.212569854753969,Low - Medium (10-20%),Low (<5%),High (0.75-1.00),Medium - High (0.66-1.00)
United States,Alabama,6770.94783789,1.6640104621990734,0.7393203356672222,3.333501635425216,2.212569854753969,Low - Medium (10-20%),Low (<5%),High (0.75-1.00),Medium - High (0.66-1.00)
United States,Alabama,819.756893083,1.6640104621990734,0.7393203356672222,3.333501635425216,2.212569854753969,Low - Medium (10-20%),Low (<5%),High (0.75-1.00),Medium - High (0.66-1.00)
United States,Mississippi,3.82468571878,1.6640104621990734,0.7393203356672222,3.333501635425216,2.212569854753969,Low - Medium (10-20%),Low (<5%),High (0.75-1.00),Medium - High (0.66-1.00)
United States,Mississippi,5905.1982506,1.6640104621990734,0.7393203356672222,3.333501635425216,2.212569854753969,Low - Medium (10-20%),Low (<5%),High (0.75-1.00),Medium - High (0.66-1.00)
United States,Mississippi,8332.58245209,1.6640104621990734,0.7393203356672222,3.333501635425216,2.212569854753969,Low - Medium (10-20%),Low (<5%),High (0.75-1.00),Medium - High (0.66-1.00)
United States,Alabama,3861.55925428,0.5735344480471807,0.3402368536925398,3.122643334847876,1.8217380762427984,Low (<10%),Low (<5%),High (0.75-1.00),Low - Medium (0.33-0.66)
United States,Alabama,783.097267366,2.3743337955292505,1.068387384386602,3.9400382620867904,2.15215768714419,Medium - High (20-40%),Low - Medium (5-25%),High (0.75-1.00),Medium - High (0.66-1.00)
United States,Alabama,303.952602633,2.3743337955292505,1.068387384386602,3.9400382620867904,2.15215768714419,Medium - High (20-40%),Low - Medium (5-25%),High (0.75-1.00),Medium - High (0.66-1.00)
United States,Alabama,1851.27632545,1.2317908728086546,0.4959295731426858,2.7370284951695263,1.4295294916303272,Low - Medium (10-20%),Low (<5%),Medium - High (0.50-0.75),Low - Medium (0.33-0.66)
United States,Alabama,200.73682035,1.2317908728086546,0.4959295731426858,2.7370284951695263,1.4295294916303272,Low - Medium (10-20%),Low (<5%),Medium - High (0.50-0.75),Low - Medium (0.33-0.66)
United States,Alabama,6182.12161654,2.215407790351584,1.0185522358025632,2.837493662841568,1.462112638774408,Medium - High (20-40%),Low - Medium (5-25%),Medium - High (0.50-0.75),Low - Medium (0.33-0.66)
United States,Alabama,3107.25912793,2.8610455055184723,1.1344183464727438,2.470408806049857,1.4314797978683065,Medium - High (20-40%),Low - Medium (5-25%),Medium - High (0.50-0.75),Low - Medium (0.33-0.66)
United States,Alabama,9616.38752469,0.0,0.0494803881289705,3.361884123803282,2.0616624210348604,Low (<10%),Low (<5%),High (0.75-1.00),Medium - High (0.66-1.00)
United States,Alabama,30.5910101221,0.0,0.0494803881289705,3.361884123803282,2.0616624210348604,Low (<10%),Low (<5%),High (0.75-1.00),Medium - High (0.66-1.00)
United States,Alabama,2140.44608384,2.992602604102545,1.166656312281242,2.901003443301145,1.6420161955981238,Medium - High (20-40%),Low - Medium (5-25%),Medium - High (0.50-0.75),Low - Medium (0.33-0.66)
United States,Alabama,2576.54484087,2.992602604102545,1.166656312281242,2.901003443301145,1.6420161955981238,Medium - High (20-40%),Low - Medium (5-25%),Medium - High (0.50-0.75),Low - Medium (0.33-0.66)
United States,Alabama,62.7079491741,2.992602604102545,1.166656312281242,2.901003443301145,1.6420161955981238,Medium - High (20-40%),Low - Medium (5-25%),Medium - High (0.50-0.75),Low - Medium (0.33-0.66)
United States,Alabama,6165.7993173,2.054043439310239,0.9534782638029036,3.211173646612989,1.7440595622204391,Medium - High (20-40%),Low (<5%),High (0.75-1.00),Low - Medium (0.33-0.66)
United States,Alabama,24.306029141,2.054043439310239,0.9534782638029036,3.211173646612989,1.7440595622204391,Medium - High (20-40%),Low (<5%),High (0.75-1.00),Low - Medium (0.33-0.66)
United States,Alabama,3064.24594618,2.8215539234652787,1.1687442681088862,2.44427494181883,0.9995402481872092,Medium - High (20-40%),Low - Medium (5-25%),Medium - High (0.50-0.75),Low (<0.33)
United States,Alabama,7457.46236213,2.8215539234652787,1.1687442681088862,2.44427494181883,0.9995402481872092,Medium - High (20-40%),Low - Medium (5-25%),Medium - High (0.50-0.75),Low (<0.33)
United States,Georgia,1676.28364661,2.8215539234652787,1.1687442681088862,2.44427494181883,0.9995402481872092,Medium - High (20-40%),Low - Medium (5-25%),Medium - High (0.50-0.75),Low (<0.33)
United States,Alabama,8605.1614952,1.52538024864374,0.6570945754484303,3.20287961648693,1.5720136207201745,Low - Medium (10-20%),Low (<5%),High (0.75-1.00),Low - Medium (0.33-0.66)
United States,Alabama,500.972739396,1.52538024864374,0.6570945754484303,3.20287961648693,1.5720136207201745,Low - Medium (10-20%),Low (<5%),High (0.75-1.00),Low - Medium (0.33-0.66)
United States,Alabama,4932.77415994,1.52538024864374,0.6570945754484303,3.20287961648693,1.5720136207201745,Low - Medium (10-20%),Low (<5%),High (0.75-1.00),Low - Medium (0.33-0.66)
United States,Georgia,1850.01512464,1.52538024864374,0.6570945754484303,3.20287961648693,1.5720136207201745,Low - Medium (10-20%),Low (<5%),High (0.75-1.00),Low - Medium (0.33-0.66)
United States,Georgia,78.795572208,1.52538024864374,0.6570945754484303,3.20287961648693,1.5720136207201745,Low - Medium (10-20%),Low (<5%),High (0.75-1.00),Low - Medium (0.33-0.66)
United States,Georgia,2109.0888814,2.5806215362076923,1.1273977160784736,3.01421878448627,1.6433595213476095,Medium - High (20-40%),Low - Medium (5-25%),High (0.75-1.00),Low - Medium (0.33-0.66)
United States,Georgia,3180.85197882,2.5806215362076923,1.1273977160784736,3.01421878448627,1.6433595213476095,Medium - High (20-40%),Low - Medium (5-25%),High (0.75-1.00),Low - Medium (0.33-0.66)
United States,Tennessee,286.141528048,2.5806215362076923,1.1273977160784736,3.01421878448627,1.6433595213476095,Medium - High (20-40%),Low - Medium (5-25%),High (0.75-1.00),Low - Medium (0.33-0.66)
United States,Tennessee,39.5094850082,2.5806215362076923,1.1273977160784736,3.01421878448627,1.6433595213476095,Medium - High (20-40%),Low - Medium (5-25%),High (0.75-1.00),Low - Medium (0.33-0.66)
United States,Georgia,764.221015968,3.702149210467283,1.4728718965522702,2.153937452462483,0.7836316666286667,High (40-80%),Low - Medium (5-25%),Medium - High (0.50-0.75),Low (<0.33)
United States,Georgia,4074.30705229,3.702149210467283,1.4728718965522702,2.153937452462483,0.7836316666286667,High (40-80%),Low - Medium (5-25%),Medium - High (0.50-0.75),Low (<0.33)
United States,Alabama,2634.61474679,2.771282896032319,1.128463121233804,4.210888642232689,2.1280773923658964,Medium - High (20-40%),Low - Medium (5-25%),Extremely High (>1.00),Medium - High (0.66-1.00)
United States,Alabama,0.08226889843,2.771282896032319,1.128463121233804,4.210888642232689,2.1280773923658964,Medium - High (20-40%),Low - Medium (5-25%),Extremely High (>1.00),Medium - High (0.66-1.00)
United States,Alabama,45.3493060224,2.771282896032319,1.128463121233804,4.210888642232689,2.1280773923658964,Medium - High (20-40%),Low - Medium (5-25%),Extremely High (>1.00),Medium - High (0.66-1.00)
United States,Mississippi,19819.4488123,2.771282896032319,1.128463121233804,4.210888642232689,2.1280773923658964,Medium - High (20-40%),Low - Medium (5-25%),Extremely High (>1.00),Medium - High (0.66-1.00)
United States,Mississippi,3016.8792721,2.771282896032319,1.128463121233804,4.210888642232689,2.1280773923658964,Medium - High (20-40%),Low - Medium (5-25%),Extremely High (>1.00),Medium - High (0.66-1.00)
United States,Mississippi,29.1407168319,2.771282896032319,1.128463121233804,4.210888642232689,2.1280773923658964,Medium - High (20-40%),Low - Medium (5-25%),Extremely High (>1.00),Medium - High (0.66-1.00)
United States,Mississippi,170.26771929,2.27053843495891,0.971753661759611,3.735934024113996,0.731401921741401,Medium - High (20-40%),Low (<5%),High (0.75-1.00),Low (<0.33)
United States,Mississippi,12.5911110736,2.27053843495891,0.971753661759611,3.735934024113996,0.731401921741401,Medium - High (20-40%),Low (<5%),High (0.75-1.00),Low (<0.33)
United States,Mississippi,1553.96427433,2.4227462294476174,1.0287992473947492,4.108801588812906,1.244160703476915,Medium - High (20-40%),Low - Medium (5-25%),Extremely High (>1.00),Low - Medium (0.33-0.66)
United States,Mississippi,1.44961932967,2.4227462294476174,1.0287992473947492,4.108801588812906,1.244160703476915,Medium - High (20-40%),Low - Medium (5-25%),Extremely High (>1.00),Low - Medium (0.33-0.66)
United States,Louisiana,4.06868424533,1.835841978372311,0.7482566166797044,3.962420150482219,1.390372378766229,Low - Medium (10-20%),Low (<5%),High (0.75-1.00),Low - Medium (0.33-0.66)
United States,Louisiana,3.77955661412,1.835841978372311,0.7482566166797044,3.962420150482219,1.390372378766229,Low - Medium (10-20%),Low (<5%),High (0.75-1.00),Low - Medium (0.33-0.66)
United States,Mississippi,2153.64298842,1.835841978372311,0.7482566166797044,3.962420150482219,1.390372378766229,Low - Medium (10-20%),Low (<5%),High (0.75-1.00),Low - Medium (0.33-0.66)
United States,Mississippi,50.6062228589,1.835841978372311,0.7482566166797044,3.962420150482219,1.390372378766229,Low - Medium (10-20%),Low (<5%),High (0.75-1.00),Low - Medium (0.33-0.66)
United States,Louisiana,155.369908118,0.0,0.0822340780681148,3.8260703814506,2.023231495119208,Low (<10%),Low (<5%),High (0.75-1.00),Medium - High (0.66-1.00)
United States,Mississippi,1218.19000963,0.0,0.0822340780681148,3.8260703814506,2.023231495119208,Low (<10%),Low (<5%),High (0.75-1.00),Medium - High (0.66-1.00)
United States,Louisiana,5.22787884439,,,,,No Data,No Data,No Data,No Data
United States,Louisiana,2.44442704796,,,,,No Data,No Data,No Data,No Data
United States,Louisiana,2068.06825927,2.8943450726886293,1.16414336417035,3.773847307103003,1.9258171116558933,Medium - High (20-40%),Low - Medium (5-25%),High (0.75-1.00),Low - Medium (0.33-0.66)
United States,Louisiana,0.34788249671,2.8943450726886293,1.16414336417035,3.773847307103003,1.9258171116558933,Medium - High (20-40%),Low - Medium (5-25%),High (0.75-1.00),Low - Medium (0.33-0.66)
United States,Mississippi,16022.6274807,2.8943450726886293,1.16414336417035,3.773847307103003,1.9258171116558933,Medium - High (20-40%),Low - Medium (5-25%),High (0.75-1.00),Low - Medium (0.33-0.66)
United States,Mississippi,275.880967872,2.8943450726886293,1.16414336417035,3.773847307103003,1.9258171116558933,Medium - High (20-40%),Low - Medium (5-25%),High (0.75-1.00),Low - Medium (0.33-0.66)
United States,Mississippi,2589.54724492,2.8943450726886293,1.16414336417035,3.773847307103003,1.9258171116558933,Medium - High (20-40%),Low - Medium (5-25%),High (0.75-1.00),Low - Medium (0.33-0.66)
United States,Louisiana,5.71833417913,,,,,No Data,No Data,No Data,No Data
United States,Louisiana,12.5465014832,,,,,No Data,No Data,No Data,No Data
United States,Louisiana,9717.53032555,2.442071416276206,1.054023769161934,2.986992004731924,1.2118206909378475,Medium - High (20-40%),Low - Medium (5-25%),Medium - High (0.50-0.75),Low - Medium (0.33-0.66)
United States,Louisiana,1730.19054803,2.442071416276206,1.054023769161934,2.986992004731924,1.2118206909378475,Medium - High (20-40%),Low - Medium (5-25%),Medium - High (0.50-0.75),Low - Medium (0.33-0.66)
United States,Mississippi,2328.73254955,2.442071416276206,1.054023769161934,2.986992004731924,1.2118206909378475,Medium - High (20-40%),Low - Medium (5-25%),Medium - High (0.50-0.75),Low - Medium (0.33-0.66)
United States,Louisiana,1879.9437464,0.0,0.0135941771448415,1.380153830295522,0.990981769569671,Low (<10%),Low (<5%),Low - Medium (0.25-0.50),Low (<0.33)
United States,Louisiana,422.713182066,0.0,0.0135941771448415,1.380153830295522,0.990981769569671,Low (<10%),Low (<5%),Low - Medium (0.25-0.50),Low (<0.33)
United States,Louisiana,5061.32638042,0.0,0.0135941771448415,1.380153830295522,0.990981769569671,Low (<10%),Low (<5%),Low - Medium (0.25-0.50),Low (<0.33)
United States,Louisiana,0.05707947425,0.0,0.0135941771448415,1.380153830295522,0.990981769569671,Low (<10%),Low (<5%),Low - Medium (0.25-0.50),Low (<0.33)
United States,Mississippi,407.261943764,0.0,0.0135941771448415,1.380153830295522,0.990981769569671,Low (<10%),Low (<5%),Low - Medium (0.25-0.50),Low (<0.33)
United States,Louisiana,431.532852763,0.0,0.0082176786372477,2.5889799312151403,1.4777843050537154,Low (<10%),Low (<5%),Medium - High (0.50-0.75),Low - Medium (0.33-0.66)
United States,Louisiana,64.5398662195,0.0,0.0029964214111431,2.5955825800972234,1.474850414662492,Low (<10%),Low (<5%),Medium - High (0.50-0.75),Low - Medium (0.33-0.66)
United States,Louisiana,7792.35983252,0.0,0.0624126690757843,3.1907091549301785,1.9555779080440976,Low (<10%),Low (<5%),High (0.75-1.00),Low - Medium (0.33-0.66)
United States,Louisiana,408.112194798,0.0,0.0681280142784269,3.1602078313041906,1.9326533920251088,Low (<10%),Low (<5%),High (0.75-1.00),Low - Medium (0.33-0.66)
United States,Louisiana,4298.27422665,0.0,0.0330195406509431,1.3612280916679858,1.0074014621525942,Low (<10%),Low (<5%),Low - Medium (0.25-0.50),Low - Medium (0.33-0.66)
United States,Arkansas,1183.38840782,0.0,0.0330195406509431,1.3612280916679858,1.0074014621525942,Low (<10%),Low (<5%),Low - Medium (0.25-0.50),Low - Medium (0.33-0.66)
United States,Louisiana,556.480753871,0.0,0.0479915537990302,3.204558988309217,1.9329612706821664,Low (<10%),Low (<5%),High (0.75-1.00),Low - Medium (0.33-0.66)
United States,Louisiana,5217.65205955,2.90694182910254,1.813213954030064,3.1363255995592585,1.848725904972785,Medium - High (20-40%),Low - Medium (5-25%),High (0.75-1.00),Low - Medium (0.33-0.66)
United States,Arkansas,1810.04460068,2.90694182910254,1.813213954030064,3.1363255995592585,1.848725904972785,Medium - High (20-40%),Low - Medium (5-25%),High (0.75-1.00),Low - Medium (0.33-0.66)
United States,Louisiana,7563.72956731,1.2873333133094298,1.06827360710542,3.187634486241949,1.8288496505761456,Low - Medium (10-20%),Low - Medium (5-25%),High (0.75-1.00),Low - Medium (0.33-0.66)
United States,Arkansas,6687.93578031,1.2873333133094298,1.06827360710542,3.187634486241949,1.8288496505761456,Low - Medium (10-20%),Low - Medium (5-25%),High (0.75-1.00),Low - Medium (0.33-0.66)
United States,Arkansas,1316.77855598,0.8931140484716593,0.5288414869459809,4.006055317115643,1.498535446993052,Low (<10%),Low (<5%),Extremely High (>1.00),Low - Medium (0.33-0.66)
United States,Arkansas,6999.93300489,0.8931140484716593,0.5288414869459809,4.006055317115643,1.498535446993052,Low (<10%),Low (<5%),Extremely High (>1.00),Low - Medium (0.33-0.66)
United States,Arkansas,9570.08966252,1.814512664469768,0.8750605934947333,3.7244453792961214,1.3981195375298716,Low - Medium (10-20%),Low (<5%),High (0.75-1.00),Low - Medium (0.33-0.66)
United States,Arkansas,9522.39551659,1.814512664469768,0.8750605934947333,3.7244453792961214,1.3981195375298716,Low - Medium (10-20%),Low (<5%),High (0.75-1.00),Low - Medium (0.33-0.66)
United States,Louisiana,5507.51409838,0.0,0.1251963562675604,2.5367626647849053,1.20963156770975,Low (<10%),Low (<5%),Medium - High (0.50-0.75),Low - Medium (0.33-0.66)
United States,Louisiana,3529.54128338,2.688580405673658,1.217077266425847,4.722020397940248,2.161519923782429,Medium - High (20-40%),Low - Medium (5-25%),Extremely High (>1.00),Medium - High (0.66-1.00)
United States,Louisiana,3406.34755779,0.0,0.0386739066065522,4.806158550008433,1.2180443458283892,Low (<10%),Low (<5%),Extremely High (>1.00),Low - Medium (0.33-0.66)
United States,Texas,0.40962220417,0.0,0.0386739066065522,4.806158550008433,1.2180443458283892,Low (<10%),Low (<5%),Extremely High (>1.00),Low - Medium (0.33-0.66)
United States,Louisiana,3894.81038656,3.97436170932038,1.7235657958092006,5.0,2.3685348928949743,High (40-80%),Low - Medium (5-25%),Extremely High (>1.00),Medium - High (0.66-1.00)
United States,Arkansas,2793.85526243,3.97436170932038,1.7235657958092006,5.0,2.3685348928949743,High (40-80%),Low - Medium (5-25%),Extremely High (>1.00),Medium - High (0.66-1.00)
United States,Louisiana,242.978038723,0.0,0.0186164486394728,2.647185558330924,1.054312565378998,Low (<10%),Low (<5%),Medium - High (0.50-0.75),Low - Medium (0.33-0.66)
United States,Louisiana,1384.31380352,0.0,0.2259816962224781,2.74157716258143,0.944210528284272,Low (<10%),Low (<5%),Medium - High (0.50-0.75),Low (<0.33)
United States,Arkansas,198.054304265,0.0,0.2259816962224781,2.74157716258143,0.944210528284272,Low (<10%),Low (<5%),Medium - High (0.50-0.75),Low (<0.33)
United States,Texas,7545.20034752,0.0,0.2259816962224781,2.74157716258143,0.944210528284272,Low (<10%),Low (<5%),Medium - High (0.50-0.75),Low (<0.33)
United States,Louisiana,464.198266606,0.0,0.018070971273715,2.8917463907915995,0.997609981232482,Low (<10%),Low (<5%),Medium - High (0.50-0.75),Low (<0.33)
United States,Arkansas,129.821474755,0.0,0.018070971273715,2.8917463907915995,0.997609981232482,Low (<10%),Low (<5%),Medium - High (0.50-0.75),Low (<0.33)
United States,Arkansas,495.138914389,1.7044755397243776,0.982693612661118,2.9595975875173908,1.1025440718711588,Low - Medium (10-20%),Low (<5%),Medium - High (0.50-0.75),Low - Medium (0.33-0.66)
United States,Texas,6001.25044422,1.7044755397243776,0.982693612661118,2.9595975875173908,1.1025440718711588,Low - Medium (10-20%),Low (<5%),Medium - High (0.50-0.75),Low - Medium (0.33-0.66)
United States,Texas,689.434464706,1.7044755397243776,0.982693612661118,2.9595975875173908,1.1025440718711588,Low - Medium (10-20%),Low (<5%),Medium - High (0.50-0.75),Low - Medium (0.33-0.66)
United States,Texas,2623.58896917,1.7044755397243776,0.982693612661118,2.9595975875173908,1.1025440718711588,Low - Medium (10-20%),Low (<5%),Medium - High (0.50-0.75),Low - Medium (0.33-0.66)
United States,Arkansas,348.314307963,0.0,0.2843799148059707,2.541292276221616,0.899947792543333,Low (<10%),Low (<5%),Medium - High (0.50-0.75),Low (<0.33)
United States,Arkansas,1618.26739466,0.0,0.2843799148059707,2.541292276221616,0.899947792543333,Low (<10%),Low (<5%),Medium - High (0.50-0.75),Low (<0.33)
United States,Texas,13.0492406283,0.0,0.2843799148059707,2.541292276221616,0.899947792543333,Low (<10%),Low (<5%),Medium - High (0.50-0.75),Low (<0.33)
United States,Oklahoma,5681.63626691,0.0,0.1080711853267944,2.5482123372395806,0.8787425292465938,Low (<10%),Low (<5%),Medium - High (0.50-0.75),Low (<0.33)
United States,Arkansas,5158.59356533,0.0,0.1080711853267944,2.5482123372395806,0.8787425292465938,Low (<10%),Low (<5%),Medium - High (0.50-0.75),Low (<0.33)
United States,Oklahoma,13081.0100366,0.0,0.1407854921133093,2.6005334881262128,0.7703015092747979,Low (<10%),Low (<5%),Medium - High (0.50-0.75),Low (<0.33)
United States,Oklahoma,2278.8677781,0.0,0.1407854921133093,2.6005334881262128,0.7703015092747979,Low (<10%),Low (<5%),Medium - High (0.50-0.75),Low (<0.33)
United States,Arkansas,694.245821704,0.0,0.1407854921133093,2.6005334881262128,0.7703015092747979,Low (<10%),Low (<5%),Medium - High (0.50-0.75),Low (<0.33)
United States,Arkansas,104.095961597,0.0,0.1407854921133093,2.6005334881262128,0.7703015092747979,Low (<10%),Low (<5%),Medium - High (0.50-0.75),Low (<0.33)
United States,Texas,4329.48659113,0.0,0.1407854921133093,2.6005334881262128,0.7703015092747979,Low (<10%),Low (<5%),Medium - High (0.50-0.75),Low (<0.33)
United States,Texas,1443.77585795,0.0,0.1407854921133093,2.6005334881262128,0.7703015092747979,Low (<10%),Low (<5%),Medium - High (0.50-0.75),Low (<0.33)
United States,Texas,198.291373464,0.0,0.1407854921133093,2.6005334881262128,0.7703015092747979,Low (<10%),Low (<5%),Medium - High (0.50-0.75),Low (<0.33)
United States,Oklahoma,293.258718688,2.55600183848157,1.2575340855455366,2.5317107791279683,0.6616444527754306,Medium - High (20-40%),Low - Medium (5-25%),Medium - High (0.50-0.75),Low (<0.33)
United States,Oklahoma,7.61180587297,2.55600183848157,1.2575340855455366,2.5317107791279683,0.6616444527754306,Medium - High (20-40%),Low - Medium (5-25%),Medium - High (0.50-0.75),Low (<0.33)
United States,Oklahoma,19168.856468,2.55600183848157,1.2575340855455366,2.5317107791279683,0.6616444527754306,Medium - High (20-40%),Low - Medium (5-25%),Medium - High (0.50-0.75),Low (<0.33)
United States,Texas,1121.52794376,2.55600183848157,1.2575340855455366,2.5317107791279683,0.6616444527754306,Medium - High (20-40%),Low - Medium (5-25%),Medium - High (0.50-0.75),Low (<0.33)
United States,Texas,2.43116255992,2.55600183848157,1.2575340855455366,2.5317107791279683,0.6616444527754306,Medium - High (20-40%),Low - Medium (5-25%),Medium - High (0.50-0.75),Low (<0.33)
United States,Oklahoma,4175.9892737,0.1771799841154042,0.3167667708146024,2.795992622381414,0.6717961839103104,Low (<10%),Low (<5%),Medium - High (0.50-0.75),Low (<0.33)
United States,Oklahoma,686.435891556,0.1771799841154042,0.3167667708146024,2.795992622381414,0.6717961839103104,Low (<10%),Low (<5%),Medium - High (0.50-0.75),Low (<0.33)
United States,Texas,1904.47732131,0.1771799841154042,0.3167667708146024,2.795992622381414,0.6717961839103104,Low (<10%),Low (<5%),Medium - High (0.50-0.75),Low (<0.33)
United States,Texas,1119.29859031,0.1771799841154042,0.3167667708146024,2.795992622381414,0.6717961839103104,Low (<10%),Low (<5%),Medium - High (0.50-0.75),Low (<0.33)
United States,Oklahoma,0.02212011604,0.0,0.1329226579618761,3.176026894850972,0.7056019412358228,Low (<10%),Low (<5%),High (0.75-1.00),Low (<0.33)
United States,Texas,3846.20354368,0.0,0.1329226579618761,3.176026894850972,0.7056019412358228,Low (<10%),Low (<5%),High (0.75-1.00),Low (<0.33)
United States,Oklahoma,2638.83141276,0.15420248228956,0.3126841344131547,3.274927316860876,0.7290028284061505,Low (<10%),Low (<5%),High (0.75-1.00),Low (<0.33)
United States,Texas,214.489204963,0.15420248228956,0.3126841344131547,3.274927316860876,0.7290028284061505,Low (<10%),Low (<5%),High (0.75-1.00),Low (<0.33)
United States,Texas,7164.49692315,2.5828215884121235,1.3728982113039896,2.500026963231837,0.4351164530520713,Medium - High (20-40%),Low - Medium (5-25%),Medium - High (0.50-0.75),Low (<0.33)
United States,Texas,1875.30832671,2.5828215884121235,1.3728982113039896,2.500026963231837,0.4351164530520713,Medium - High (20-40%),Low - Medium (5-25%),Medium - High (0.50-0.75),Low (<0.33)
United States,Oklahoma,31.1148943123,0.0,0.0016649114815495,3.37431479686338,0.7471251088836707,Low (<10%),Low (<5%),High (0.75-1.00),Low (<0.33)
United States,Texas,15.1089129771,0.0,0.0016649114815495,3.37431479686338,0.7471251088836707,Low (<10%),Low (<5%),High (0.75-1.00),Low (<0.33)
United States,Oklahoma,4882.73193864,2.6165969906126705,1.298708392288042,3.3733303624414,0.7477490196909535,Medium - High (20-40%),Low - Medium (5-25%),High (0.75-1.00),Low (<0.33)
United States,Texas,0.08646240967,2.6165969906126705,1.298708392288042,3.3733303624414,0.7477490196909535,Medium - High (20-40%),Low - Medium (5-25%),High (0.75-1.00),Low (<0.33)
United States,Oklahoma,883.520679711,0.0,0.4552482450754733,3.288328709935563,0.7225039516015468,Low (<10%),Low (<5%),High (0.75-1.00),Low (<0.33)
United States,Texas,861.679817377,0.0,0.4552482450754733,3.288328709935563,0.7225039516015468,Low (<10%),Low (<5%),High (0.75-1.00),Low (<0.33)
United States,Oklahoma,0.13149654817,5.0,5.0,2.660389263955755,0.6089761058871898,Extremely High (>80%),Extremely High (>75%),Medium - High (0.50-0.75),Low (<0.33)
United States,Texas,3386.76162649,5.0,5.0,2.660389263955755,0.6089761058871898,Extremely High (>80%),Extremely High (>75%),Medium - High (0.50-0.75),Low (<0.33)
United States,Texas,4980.40645738,5.0,5.0,2.660389263955755,0.6089761058871898,Extremely High (>80%),Extremely High (>75%),Medium - High (0.50-0.75),Low (<0.33)
United States,Texas,1662.24733693,5.0,5.0,2.660389263955755,0.6089761058871898,Extremely High (>80%),Extremely High (>75%),Medium - High (0.50-0.75),Low (<0.33)
United States,Oklahoma,124.033210075,0.0,0.2410844300869818,3.677273203859062,0.7459070783097543,Low (<10%),Low (<5%),High (0.75-1.00),Low (<0.33)
United States,Texas,161.106674599,0.0,0.2410844300869818,3.677273203859062,0.7459070783097543,Low (<10%),Low (<5%),High (0.75-1.00),Low (<0.33)
United States,Oklahoma,14.5432971129,4.750354222343736,3.8301237758894287,3.338431091436082,0.7567402293953345,Extremely High (>80%),High (50-75%),High (0.75-1.00),Low (<0.33)
United States,Oklahoma,6825.6515824,4.750354222343736,3.8301237758894287,3.338431091436082,0.7567402293953345,Extremely High (>80%),High (50-75%),High (0.75-1.00),Low (<0.33)
United States,Oklahoma,439.741118031,4.750354222343736,3.8301237758894287,3.338431091436082,0.7567402293953345,Extremely High (>80%),High (50-75%),High (0.75-1.00),Low (<0.33)
United States,Texas,2821.59154146,4.750354222343736,3.8301237758894287,3.338431091436082,0.7567402293953345,Extremely High (>80%),High (50-75%),High (0.75-1.00),Low (<0.33)
United States,Texas,864.29663033,4.750354222343736,3.8301237758894287,3.338431091436082,0.7567402293953345,Extremely High (>80%),High (50-75%),High (0.75-1.00),Low (<0.33)
United States,Texas,964.634466442,4.750354222343736,3.8301237758894287,3.338431091436082,0.7567402293953345,Extremely High (>80%),High (50-75%),High (0.75-1.00),Low (<0.33)
United States,Texas,1373.13389333,4.750354222343736,3.8301237758894287,3.338431091436082,0.7567402293953345,Extremely High (>80%),High (50-75%),High (0.75-1.00),Low (<0.33)
United States,New Mexico,1567.49143184,5.0,5.0,3.188248873847749,0.7770368910376368,Extremely High (>80%),Extremely High (>75%),High (0.75-1.00),Low (<0.33)
United States,New Mexico,156.526087414,5.0,5.0,3.188248873847749,0.7770368910376368,Extremely High (>80%),Extremely High (>75%),High (0.75-1.00),Low (<0.33)
United States,Oklahoma,1385.58477609,5.0,5.0,3.188248873847749,0.7770368910376368,Extremely High (>80%),Extremely High (>75%),High (0.75-1.00),Low (<0.33)
United States,Oklahoma,1838.43139396,5.0,5.0,3.188248873847749,0.7770368910376368,Extremely High (>80%),Extremely High (>75%),High (0.75-1.00),Low (<0.33)
United States,Texas,7768.13736677,5.0,5.0,3.188248873847749,0.7770368910376368,Extremely High (>80%),Extremely High (>75%),High (0.75-1.00),Low (<0.33)
United States,Texas,161.888145389,5.0,5.0,3.188248873847749,0.7770368910376368,Extremely High (>80%),Extremely High (>75%),High (0.75-1.00),Low (<0.33)
United States,Texas,2118.90908395,5.0,5.0,3.188248873847749,0.7770368910376368,Extremely High (>80%),Extremely High (>75%),High (0.75-1.00),Low (<0.33)
United States,Texas,4646.59326522,5.0,5.0,3.188248873847749,0.7770368910376368,Extremely High (>80%),Extremely High (>75%),High (0.75-1.00),Low (<0.33)
United States,Texas,8624.03248394,5.0,5.0,3.188248873847749,0.7770368910376368,Extremely High (>80%),Extremely High (>75%),High (0.75-1.00),Low (<0.33)
United States,Louisiana,909.830479717,0.0,0.0024332356685534,1.3569227797837649,1.0236312477032723,Low (<10%),Low (<5%),Low - Medium (0.25-0.50),Low - Medium (0.33-0.66)
United States,Mississippi,1115.64946214,0.0,0.0024332356685534,1.3569227797837649,1.0236312477032723,Low (<10%),Low (<5%),Low - Medium (0.25-0.50),Low - Medium (0.33-0.66)
United States,Mississippi,3114.91417325,1.0018579039305444,0.5475164238927156,4.385602705200195,2.633484735204182,Low - Medium (10-20%),Low (<5%),Extremely High (>1.00),Medium - High (0.66-1.00)
United States,Louisiana,619.787657746,0.0,0.0017146161228122,1.352714992553817,1.0103521746533193,Low (<10%),Low (<5%),Low - Medium (0.25-0.50),Low - Medium (0.33-0.66)
United States,Mississippi,1634.43986198,0.0,0.0017146161228122,1.352714992553817,1.0103521746533193,Low (<10%),Low (<5%),Low - Medium (0.25-0.50),Low - Medium (0.33-0.66)
United States,Louisiana,1.58197882536,0.0,0.0008045162049257,1.3545053712322763,1.010345931661938,Low (<10%),Low (<5%),Low - Medium (0.25-0.50),Low - Medium (0.33-0.66)
United States,Mississippi,2787.8225766,0.0,0.0008045162049257,1.3545053712322763,1.010345931661938,Low (<10%),Low (<5%),Low - Medium (0.25-0.50),Low - Medium (0.33-0.66)
United States,Louisiana,290.161625625,0.4494771293560347,0.7617649266078605,2.8646276671358297,1.811278703582692,Low (<10%),Low (<5%),Medium - High (0.50-0.75),Low - Medium (0.33-0.66)
United States,Mississippi,63.9804424965,0.4494771293560347,0.7617649266078605,2.8646276671358297,1.811278703582692,Low (<10%),Low (<5%),Medium - High (0.50-0.75),Low - Medium (0.33-0.66)
United States,Mississippi,5322.43607376,0.0,0.0043664792885421,1.3541233982890144,1.00973558456987,Low (<10%),Low (<5%),Low - Medium (0.25-0.50),Low - Medium (0.33-0.66)
United States,Mississippi,580.328435318,0.0,0.0043664792885421,1.3541233982890144,1.00973558456987,Low (<10%),Low (<5%),Low - Medium (0.25-0.50),Low - Medium (0.33-0.66)
United States,Mississippi,2849.59547877,0.0,0.0043664792885421,1.3541233982890144,1.00973558456987,Low (<10%),Low (<5%),Low - Medium (0.25-0.50),Low - Medium (0.33-0.66)
United States,Louisiana,188.669427514,0.0,0.0005158969741165,1.3528787089672054,1.0083556554840911,Low (<10%),Low (<5%),Low - Medium (0.25-0.50),Low - Medium (0.33-0.66)
United States,Mississippi,426.609247338,0.0,0.0005158969741165,1.3528787089672054,1.0083556554840911,Low (<10%),Low (<5%),Low - Medium (0.25-0.50),Low - Medium (0.33-0.66)
United States,Louisiana,8.87461496132,0.0,0.1510734590444547,1.3540158497376793,1.0231066508587667,Low (<10%),Low (<5%),Low - Medium (0.25-0.50),Low - Medium (0.33-0.66)
United States,Mississippi,29591.1769868,0.0,0.1510734590444547,1.3540158497376793,1.0231066508587667,Low (<10%),Low (<5%),Low - Medium (0.25-0.50),Low - Medium (0.33-0.66)
United States,Mississippi,3957.67221293,0.0,0.1510734590444547,1.3540158497376793,1.0231066508587667,Low (<10%),Low (<5%),Low - Medium (0.25-0.50),Low - Medium (0.33-0.66)
United States,Mississippi,835.437303068,0.0,0.1510734590444547,1.3540158497376793,1.0231066508587667,Low (<10%),Low (<5%),Low - Medium (0.25-0.50),Low - Medium (0.33-0.66)
United States,Arkansas,10.8719752889,0.0,0.1510734590444547,1.3540158497376793,1.0231066508587667,Low (<10%),Low (<5%),Low - Medium (0.25-0.50),Low - Medium (0.33-0.66)
United States,Louisiana,556.535207874,0.0,0.0127710260387899,1.355649971759297,0.998386253497747,Low (<10%),Low (<5%),Low - Medium (0.25-0.50),Low (<0.33)
United States,Mississippi,1174.05103265,0.0,0.0127710260387899,1.355649971759297,0.998386253497747,Low (<10%),Low (<5%),Low - Medium (0.25-0.50),Low (<0.33)
United States,Arkansas,656.771112061,0.0,0.0127710260387899,1.355649971759297,0.998386253497747,Low (<10%),Low (<5%),Low - Medium (0.25-0.50),Low (<0.33)
United States,Arkansas,493.60843265,0.0,0.0670780434880662,1.934396550078881,0.7002108101660012,Low (<10%),Low (<5%),Low - Medium (0.25-0.50),Low (<0.33)
United States,Arkansas,190.267935033,4.262536306125445,3.0950204986804337,5.0,1.159711698553111,Extremely High (>80%),High (50-75%),Extremely High (>1.00),Low - Medium (0.33-0.66)
United States,Arkansas,2600.54814541,4.262536306125445,3.0950204986804337,5.0,1.159711698553111,Extremely High (>80%),High (50-75%),Extremely High (>1.00),Low - Medium (0.33-0.66)
United States,Arkansas,1355.58289568,0.0,0.3687620284193632,1.925870147447679,0.7092136429417113,Low (<10%),Low (<5%),Low - Medium (0.25-0.50),Low (<0.33)
United States,Arkansas,3385.1051208,0.0,0.3687620284193632,1.925870147447679,0.7092136429417113,Low (<10%),Low (<5%),Low - Medium (0.25-0.50),Low (<0.33)
United States,Arkansas,2887.84993536,0.0,0.0051085781262365,2.0914949511919807,0.7226074886561856,Low (<10%),Low (<5%),Medium - High (0.50-0.75),Low (<0.33)
United States,Arkansas,3953.74360992,0.0,0.0358950464759721,2.0628147311035225,0.7179010640398767,Low (<10%),Low (<5%),Medium - High (0.50-0.75),Low (<0.33)
United States,Arkansas,2820.89952635,0.2860030717807348,0.3850618477816273,3.164299950833372,0.98083470421664,Low (<10%),Low (<5%),High (0.75-1.00),Low (<0.33)
United States,Oklahoma,129.207265597,0.0,0.0707367599702012,2.0834377787299463,0.7242562065799355,Low (<10%),Low (<5%),Medium - High (0.50-0.75),Low (<0.33)
United States,Oklahoma,395.018069833,0.0,0.0707367599702012,2.0834377787299463,0.7242562065799355,Low (<10%),Low (<5%),Medium - High (0.50-0.75),Low (<0.33)
United States,Arkansas,132.068231897,0.0,0.0707367599702012,2.0834377787299463,0.7242562065799355,Low (<10%),Low (<5%),Medium - High (0.50-0.75),Low (<0.33)
United States,Arkansas,9413.10018465,0.0,0.0707367599702012,2.0834377787299463,0.7242562065799355,Low (<10%),Low (<5%),Medium - High (0.50-0.75),Low (<0.33)
United States,Oklahoma,3499.88616374,0.8358418584452151,0.4351250736754397,2.330467563234852,0.8251035870685397,Low (<10%),Low (<5%),Medium - High (0.50-0.75),Low (<0.33)
United States,Arkansas,1458.35786958,0.8358418584452151,0.4351250736754397,2.330467563234852,0.8251035870685397,Low (<10%),Low (<5%),Medium - High (0.50-0.75),Low (<0.33)
United States,Oklahoma,82.1817918286,0.0,0.0157235543131329,2.140883867023984,0.7244927070481888,Low (<10%),Low (<5%),Medium - High (0.50-0.75),Low (<0.33)
United States,Oklahoma,3122.42282774,0.0,0.0157235543131329,2.140883867023984,0.7244927070481888,Low (<10%),Low (<5%),Medium - High (0.50-0.75),Low (<0.33)
United States,Oklahoma,1021.62080911,0.0,0.2901968589289054,1.526347469060084,0.5055363901105465,Low (<10%),Low (<5%),Low - Medium (0.25-0.50),Low (<0.33)
United States,Kansas,336.762281888,2.1079575440192464,1.3397781531114346,2.3085261718634054,0.7399725196268957,Medium - High (20-40%),Low - Medium (5-25%),Medium - High (0.50-0.75),Low (<0.33)
United States,New Mexico,1148.14228318,2.1079575440192464,1.3397781531114346,2.3085261718634054,0.7399725196268957,Medium - High (20-40%),Low - Medium (5-25%),Medium - High (0.50-0.75),Low (<0.33)
United States,New Mexico,807.216996034,2.1079575440192464,1.3397781531114346,2.3085261718634054,0.7399725196268957,Medium - High (20-40%),Low - Medium (5-25%),Medium - High (0.50-0.75),Low (<0.33)
United States,Oklahoma,13340.860951,2.1079575440192464,1.3397781531114346,2.3085261718634054,0.7399725196268957,Medium - High (20-40%),Low - Medium (5-25%),Medium - High (0.50-0.75),Low (<0.33)
United States,Oklahoma,539.019632777,2.1079575440192464,1.3397781531114346,2.3085261718634054,0.7399725196268957,Medium - High (20-40%),Low - Medium (5-25%),Medium - High (0.50-0.75),Low (<0.33)
United States,Oklahoma,11601.8180755,2.1079575440192464,1.3397781531114346,2.3085261718634054,0.7399725196268957,Medium - High (20-40%),Low - Medium (5-25%),Medium - High (0.50-0.75),Low (<0.33)
United States,Oklahoma,5388.4207566,2.1079575440192464,1.3397781531114346,2.3085261718634054,0.7399725196268957,Medium - High (20-40%),Low - Medium (5-25%),Medium - High (0.50-0.75),Low (<0.33)
United States,Texas,13790.6049403,2.1079575440192464,1.3397781531114346,2.3085261718634054,0.7399725196268957,Medium - High (20-40%),Low - Medium (5-25%),Medium - High (0.50-0.75),Low (<0.33)
United States,Oklahoma,1011.12669812,1.0486314655570912,0.6845274400091359,2.3306798776927486,0.7716027938619257,Low - Medium (10-20%),Low (<5%),Medium - High (0.50-0.75),Low (<0.33)
United States,Oklahoma,3974.36819345,1.0486314655570912,0.6845274400091359,2.3306798776927486,0.7716027938619257,Low - Medium (10-20%),Low (<5%),Medium - High (0.50-0.75),Low (<0.33)
United States,Oklahoma,9728.32871006,1.0486314655570912,0.6845274400091359,2.3306798776927486,0.7716027938619257,Low - Medium (10-20%),Low (<5%),Medium - High (0.50-0.75),Low (<0.33)
United States,Oklahoma,1903.95647031,1.0486314655570912,0.6845274400091359,2.3306798776927486,0.7716027938619257,Low - Medium (10-20%),Low (<5%),Medium - High (0.50-0.75),Low (<0.33)
United States,Texas,12303.6884733,1.0486314655570912,0.6845274400091359,2.3306798776927486,0.7716027938619257,Low - Medium (10-20%),Low (<5%),Medium - High (0.50-0.75),Low (<0.33)
United States,Texas,51.2805498038,1.0486314655570912,0.6845274400091359,2.3306798776927486,0.7716027938619257,Low - Medium (10-20%),Low (<5%),Medium - High (0.50-0.75),Low (<0.33)
United States,Texas,362.589272148,1.0486314655570912,0.6845274400091359,2.3306798776927486,0.7716027938619257,Low - Medium (10-20%),Low (<5%),Medium - High (0.50-0.75),Low (<0.33)
United States,New Mexico,4468.98968008,5.0,5.0,2.5349709773012625,1.1309867395839557,Extremely High (>80%),Extremely High (>75%),Medium - High (0.50-0.75),Low - Medium (0.33-0.66)
United States,New Mexico,700.342327204,5.0,5.0,2.5349709773012625,1.1309867395839557,Extremely High (>80%),Extremely High (>75%),Medium - High (0.50-0.75),Low - Medium (0.33-0.66)
United States,Oklahoma,10.0392955691,5.0,5.0,2.5349709773012625,1.1309867395839557,Extremely High (>80%),Extremely High (>75%),Medium - High (0.50-0.75),Low - Medium (0.33-0.66)
United States,Texas,3957.23444838,5.0,5.0,2.5349709773012625,1.1309867395839557,Extremely High (>80%),Extremely High (>75%),Medium - High (0.50-0.75),Low - Medium (0.33-0.66)
United States,New Mexico,846.071942409,5.0,5.0,2.7803966079898714,0.8527677089415575,Extremely High (>80%),Extremely High (>75%),Medium - High (0.50-0.75),Low (<0.33)
United States,New Mexico,4493.55232858,5.0,5.0,2.7803966079898714,0.8527677089415575,Extremely High (>80%),Extremely High (>75%),Medium - High (0.50-0.75),Low (<0.33)
United States,Texas,1123.40647874,5.0,5.0,2.7803966079898714,0.8527677089415575,Extremely High (>80%),Extremely High (>75%),Medium - High (0.50-0.75),Low (<0.33)
United States,Texas,1783.9989215,5.0,5.0,2.7803966079898714,0.8527677089415575,Extremely High (>80%),Extremely High (>75%),Medium - High (0.50-0.75),Low (<0.33)
United States,New Mexico,510.827194197,5.0,5.0,2.848965717375388,0.9316030966385004,Arid and Low Water Use,Arid and Low Water Use,Medium - High (0.50-0.75),Low (<0.33)
United States,New Mexico,4942.71678467,5.0,5.0,2.848965717375388,0.9316030966385004,Arid and Low Water Use,Arid and Low Water Use,Medium - High (0.50-0.75),Low (<0.33)
United States,New Mexico,8458.04633518,5.0,5.0,2.278678044680229,0.7567068014855705,Arid and Low Water Use,Arid and Low Water Use,Medium - High (0.50-0.75),Low (<0.33)
United States,New Mexico,3787.08313013,5.0,5.0,1.997949939887922,0.9176009113325766,Arid and Low Water Use,Arid and Low Water Use,Low - Medium (0.25-0.50),Low (<0.33)
United States,New Mexico,11100.4251797,5.0,5.0,1.7555543170758907,0.7359941799354792,Arid and Low Water Use,Arid and Low Water Use,Low - Medium (0.25-0.50),Low (<0.33)
United States,Colorado,138.400804602,5.0,5.0,1.7555543170758907,0.7359941799354792,Arid and Low Water Use,Arid and Low Water Use,Low - Medium (0.25-0.50),Low (<0.33)
United States,Oklahoma,1631.47972028,0.0,0.0929436528999394,2.2634996087250867,0.7398485531136316,Low (<10%),Low (<5%),Medium - High (0.50-0.75),Low (<0.33)
United States,Oklahoma,2420.14803718,0.0,0.0929436528999394,2.2634996087250867,0.7398485531136316,Low (<10%),Low (<5%),Medium - High (0.50-0.75),Low (<0.33)
United States,Oklahoma,343.092812747,0.0,0.0929436528999394,2.2634996087250867,0.7398485531136316,Low (<10%),Low (<5%),Medium - High (0.50-0.75),Low (<0.33)
United States,Arkansas,1902.81115208,0.0,0.0929436528999394,2.2634996087250867,0.7398485531136316,Low (<10%),Low (<5%),Medium - High (0.50-0.75),Low (<0.33)
United States,Arkansas,38.0318001774,0.0,0.0929436528999394,2.2634996087250867,0.7398485531136316,Low (<10%),Low (<5%),Medium - High (0.50-0.75),Low (<0.33)
United States,Oklahoma,1239.36931541,0.0,0.0326095315037688,2.1565026973150943,0.7185440528933911,Low (<10%),Low (<5%),Medium - High (0.50-0.75),Low (<0.33)
United States,Oklahoma,2696.3611091,0.0,0.0326095315037688,2.1565026973150943,0.7185440528933911,Low (<10%),Low (<5%),Medium - High (0.50-0.75),Low (<0.33)
United States,Arkansas,372.343735314,0.0,0.0326095315037688,2.1565026973150943,0.7185440528933911,Low (<10%),Low (<5%),Medium - High (0.50-0.75),Low (<0.33)
United States,Oklahoma,1.10256948214,0.0,0.2230600150277664,2.0837328204571204,0.6790306937960044,Low (<10%),Low (<5%),Medium - High (0.50-0.75),Low (<0.33)
United States,Oklahoma,1326.45999441,0.0,0.2230600150277664,2.0837328204571204,0.6790306937960044,Low (<10%),Low (<5%),Medium - High (0.50-0.75),Low (<0.33)
United States,Missouri,42.3389897904,0.0,0.0181382661144317,2.157510018685128,0.7132907371874353,Low (<10%),Low (<5%),Medium - High (0.50-0.75),Low (<0.33)
United States,Oklahoma,848.251282585,0.0,0.0181382661144317,2.157510018685128,0.7132907371874353,Low (<10%),Low (<5%),Medium - High (0.50-0.75),Low (<0.33)
United States,Oklahoma,169.410093473,0.0,0.0181382661144317,2.157510018685128,0.7132907371874353,Low (<10%),Low (<5%),Medium - High (0.50-0.75),Low (<0.33)
United States,Arkansas,54.8140205535,0.0,0.0181382661144317,2.157510018685128,0.7132907371874353,Low (<10%),Low (<5%),Medium - High (0.50-0.75),Low (<0.33)
United States,Missouri,1955.51379977,3.567354172875764,1.4630751824685684,4.443100164726822,1.3898912673369983,High (40-80%),Low - Medium (5-25%),Extremely High (>1.00),Low - Medium (0.33-0.66)
United States,Oklahoma,170.35317385,3.567354172875764,1.4630751824685684,4.443100164726822,1.3898912673369983,High (40-80%),Low - Medium (5-25%),Extremely High (>1.00),Low - Medium (0.33-0.66)
United States,Arkansas,571.742229885,3.567354172875764,1.4630751824685684,4.443100164726822,1.3898912673369983,High (40-80%),Low - Medium (5-25%),Extremely High (>1.00),Low - Medium (0.33-0.66)
United States,Missouri,67.1888429701,0.0,0.0069191996024743,2.2467232725211628,0.7562670959982817,Low (<10%),Low (<5%),Medium - High (0.50-0.75),Low (<0.33)
United States,Oklahoma,204.124876785,0.0,0.0069191996024743,2.2467232725211628,0.7562670959982817,Low (<10%),Low (<5%),Medium - High (0.50-0.75),Low (<0.33)
United States,Kansas,93.6221285677,1.9567671659840489,0.9473235012770508,2.3901070180910136,0.8028723825309116,Low - Medium (10-20%),Low (<5%),Medium - High (0.50-0.75),Low (<0.33)
United States,Kansas,1050.65503699,1.9567671659840489,0.9473235012770508,2.3901070180910136,0.8028723825309116,Low - Medium (10-20%),Low (<5%),Medium - High (0.50-0.75),Low (<0.33)
United States,Missouri,4793.88114519,1.9567671659840489,0.9473235012770508,2.3901070180910136,0.8028723825309116,Low - Medium (10-20%),Low (<5%),Medium - High (0.50-0.75),Low (<0.33)
United States,Missouri,682.878121423,1.9567671659840489,0.9473235012770508,2.3901070180910136,0.8028723825309116,Low - Medium (10-20%),Low (<5%),Medium - High (0.50-0.75),Low (<0.33)
United States,Oklahoma,325.698050375,1.9567671659840489,0.9473235012770508,2.3901070180910136,0.8028723825309116,Low - Medium (10-20%),Low (<5%),Medium - High (0.50-0.75),Low (<0.33)
United States,Oklahoma,4.70122750949,1.9567671659840489,0.9473235012770508,2.3901070180910136,0.8028723825309116,Low - Medium (10-20%),Low (<5%),Medium - High (0.50-0.75),Low (<0.33)
United States,Kansas,8207.38282757,0.0,0.1324500575162175,2.188901943132348,0.7839906796449332,Low (<10%),Low (<5%),Medium - High (0.50-0.75),Low (<0.33)
United States,Oklahoma,160.253341698,0.0,0.1324500575162175,2.188901943132348,0.7839906796449332,Low (<10%),Low (<5%),Medium - High (0.50-0.75),Low (<0.33)
United States,Oklahoma,533.07463553,0.0,0.1324500575162175,2.188901943132348,0.7839906796449332,Low (<10%),Low (<5%),Medium - High (0.50-0.75),Low (<0.33)
United States,Kansas,251.03148767,0.1605781523158503,0.3174573035542354,2.2184043673322984,0.761668840663528,Low (<10%),Low (<5%),Medium - High (0.50-0.75),Low (<0.33)
United States,Kansas,1748.54690139,0.1605781523158503,0.3174573035542354,2.2184043673322984,0.761668840663528,Low (<10%),Low (<5%),Medium - High (0.50-0.75),Low (<0.33)
United States,Kansas,281.285224013,0.4607664706649279,0.4245368607976602,2.772088810363507,0.7902320869480292,Low (<10%),Low (<5%),Medium - High (0.50-0.75),Low (<0.33)
United States,Kansas,4643.49869931,0.4607664706649279,0.4245368607976602,2.772088810363507,0.7902320869480292,Low (<10%),Low (<5%),Medium - High (0.50-0.75),Low (<0.33)
United States,Oklahoma,16.5740859949,,,,,No Data,No Data,No Data,No Data
United States,Kansas,9096.49374233,1.4020531427034109,0.6088726756668448,2.4319678655504315,0.7194007199444803,Low - Medium (10-20%),Low (<5%),Medium - High (0.50-0.75),Low (<0.33)
United States,Kansas,2232.62472773,1.4020531427034109,0.6088726756668448,2.4319678655504315,0.7194007199444803,Low - Medium (10-20%),Low (<5%),Medium - High (0.50-0.75),Low (<0.33)
United States,Kansas,82.2891356548,1.4020531427034109,0.6088726756668448,2.4319678655504315,0.7194007199444803,Low - Medium (10-20%),Low (<5%),Medium - High (0.50-0.75),Low (<0.33)
United States,Oklahoma,4808.48759594,1.4020531427034109,0.6088726756668448,2.4319678655504315,0.7194007199444803,Low - Medium (10-20%),Low (<5%),Medium - High (0.50-0.75),Low (<0.33)
United States,Oklahoma,3552.39030883,1.4020531427034109,0.6088726756668448,2.4319678655504315,0.7194007199444803,Low - Medium (10-20%),Low (<5%),Medium - High (0.50-0.75),Low (<0.33)
United States,Oklahoma,1644.62125612,1.4020531427034109,0.6088726756668448,2.4319678655504315,0.7194007199444803,Low - Medium (10-20%),Low (<5%),Medium - High (0.50-0.75),Low (<0.33)
United States,Oklahoma,5.00231004093,2.3500320197516613,1.024030801369724,2.484741093898136,0.3689506581163217,Medium - High (20-40%),Low - Medium (5-25%),Medium - High (0.50-0.75),Low (<0.33)
United States,Oklahoma,3293.2829778,2.3500320197516613,1.024030801369724,2.484741093898136,0.3689506581163217,Medium - High (20-40%),Low - Medium (5-25%),Medium - High (0.50-0.75),Low (<0.33)
United States,Oklahoma,160.95347393,2.3500320197516613,1.024030801369724,2.484741093898136,0.3689506581163217,Medium - High (20-40%),Low - Medium (5-25%),Medium - High (0.50-0.75),Low (<0.33)
United States,Oklahoma,1075.53867307,0.0,0.0537591103019672,2.9893607276375898,1.1686974791223768,Low (<10%),Low (<5%),Medium - High (0.50-0.75),Low - Medium (0.33-0.66)
United States,Oklahoma,2552.18992914,0.0,0.0537591103019672,2.9893607276375898,1.1686974791223768,Low (<10%),Low (<5%),Medium - High (0.50-0.75),Low - Medium (0.33-0.66)
United States,Oklahoma,1627.75504215,3.4493389658355422,1.3628604542501184,2.9701842182110383,0.9249051564244166,High (40-80%),Low - Medium (5-25%),Medium - High (0.50-0.75),Low (<0.33)
United States,Oklahoma,2.90879854441,3.4493389658355422,1.3628604542501184,2.9701842182110383,0.9249051564244166,High (40-80%),Low - Medium (5-25%),Medium - High (0.50-0.75),Low (<0.33)
United States,Kansas,135.012277302,2.959428215756671,1.222723282301834,2.7054957648208533,1.0995361031504445,Medium - High (20-40%),Low - Medium (5-25%),Medium - High (0.50-0.75),Low - Medium (0.33-0.66)
United States,Oklahoma,12134.3062489,2.959428215756671,1.222723282301834,2.7054957648208533,1.0995361031504445,Medium - High (20-40%),Low - Medium (5-25%),Medium - High (0.50-0.75),Low - Medium (0.33-0.66)
United States,Oklahoma,797.96180997,2.959428215756671,1.222723282301834,2.7054957648208533,1.0995361031504445,Medium - High (20-40%),Low - Medium (5-25%),Medium - High (0.50-0.75),Low - Medium (0.33-0.66)
United States,Kansas,247.038723355,3.901414228412991,2.6175599102165013,3.657109280397147,2.308194562702288,High (40-80%),Medium - High (25-50%),High (0.75-1.00),Medium - High (0.66-1.00)
United States,Kansas,680.126232108,3.901414228412991,2.6175599102165013,3.657109280397147,2.308194562702288,High (40-80%),Medium - High (25-50%),High (0.75-1.00),Medium - High (0.66-1.00)
United States,Kansas,893.795122142,3.901414228412991,2.6175599102165013,3.657109280397147,2.308194562702288,High (40-80%),Medium - High (25-50%),High (0.75-1.00),Medium - High (0.66-1.00)
United States,Kansas,874.371816188,4.181937883125518,2.9664607722351946,3.5074925355368527,2.229466086479193,Extremely High (>80%),Medium - High (25-50%),High (0.75-1.00),Medium - High (0.66-1.00)
United States,Kansas,1314.452151,4.181937883125518,2.9664607722351946,3.5074925355368527,2.229466086479193,Extremely High (>80%),Medium - High (25-50%),High (0.75-1.00),Medium - High (0.66-1.00)
United States,Oklahoma,791.848347101,4.181937883125518,2.9664607722351946,3.5074925355368527,2.229466086479193,Extremely High (>80%),Medium - High (25-50%),High (0.75-1.00),Medium - High (0.66-1.00)
United States,Kansas,3277.67348164,5.0,5.0,3.276886600714278,2.3085632578186286,Extremely High (>80%),Extremely High (>75%),High (0.75-1.00),Medium - High (0.66-1.00)
United States,Kansas,61.0136004872,5.0,5.0,3.276886600714278,2.3085632578186286,Extremely High (>80%),Extremely High (>75%),High (0.75-1.00),Medium - High (0.66-1.00)
United States,Kansas,271.987822167,5.0,5.0,3.276886600714278,2.3085632578186286,Extremely High (>80%),Extremely High (>75%),High (0.75-1.00),Medium - High (0.66-1.00)
United States,Oklahoma,24.4547707049,5.0,5.0,3.276886600714278,2.3085632578186286,Extremely High (>80%),Extremely High (>75%),High (0.75-1.00),Medium - High (0.66-1.00)
United States,Kansas,3476.43818592,5.0,5.0,3.7397049448144086,2.719011146161703,Extremely High (>80%),Extremely High (>75%),High (0.75-1.00),Medium - High (0.66-1.00)
United States,Kansas,14.3601670269,5.0,5.0,3.7397049448144086,2.719011146161703,Extremely High (>80%),Extremely High (>75%),High (0.75-1.00),Medium - High (0.66-1.00)
United States,Oklahoma,624.568401376,5.0,5.0,3.7397049448144086,2.719011146161703,Extremely High (>80%),Extremely High (>75%),High (0.75-1.00),Medium - High (0.66-1.00)
United States,Oklahoma,110.355835746,5.0,5.0,3.7397049448144086,2.719011146161703,Extremely High (>80%),Extremely High (>75%),High (0.75-1.00),Medium - High (0.66-1.00)
United States,Kansas,2897.90940372,5.0,5.0,3.547059168140468,2.6678861742650795,Extremely High (>80%),Extremely High (>75%),High (0.75-1.00),Medium - High (0.66-1.00)
United States,Colorado,2267.70540132,5.0,5.0,3.547059168140468,2.6678861742650795,Extremely High (>80%),Extremely High (>75%),High (0.75-1.00),Medium - High (0.66-1.00)
United States,Kansas,1185.30669676,5.0,5.0,2.8811685970571435,1.8779914231548795,Extremely High (>80%),Extremely High (>75%),Medium - High (0.50-0.75),Low - Medium (0.33-0.66)
United States,New Mexico,62.6958881795,5.0,5.0,2.8811685970571435,1.8779914231548795,Extremely High (>80%),Extremely High (>75%),Medium - High (0.50-0.75),Low - Medium (0.33-0.66)
United States,New Mexico,2472.70180243,5.0,5.0,2.8811685970571435,1.8779914231548795,Extremely High (>80%),Extremely High (>75%),Medium - High (0.50-0.75),Low - Medium (0.33-0.66)
United States,Oklahoma,1751.21144642,5.0,5.0,2.8811685970571435,1.8779914231548795,Extremely High (>80%),Extremely High (>75%),Medium - High (0.50-0.75),Low - Medium (0.33-0.66)
United States,Oklahoma,75.6469753697,5.0,5.0,2.8811685970571435,1.8779914231548795,Extremely High (>80%),Extremely High (>75%),Medium - High (0.50-0.75),Low - Medium (0.33-0.66)
United States,Colorado,1571.89431448,5.0,5.0,2.8811685970571435,1.8779914231548795,Extremely High (>80%),Extremely High (>75%),Medium - High (0.50-0.75),Low - Medium (0.33-0.66)
United States,Colorado,1463.21942969,5.0,5.0,2.8811685970571435,1.8779914231548795,Extremely High (>80%),Extremely High (>75%),Medium - High (0.50-0.75),Low - Medium (0.33-0.66)
United States,Kansas,2870.5543036,5.0,5.0,2.987974597401287,1.8263129897845347,Extremely High (>80%),Extremely High (>75%),Medium - High (0.50-0.75),Low - Medium (0.33-0.66)
United States,Colorado,961.05467525,5.0,5.0,2.987974597401287,1.8263129897845347,Extremely High (>80%),Extremely High (>75%),Medium - High (0.50-0.75),Low - Medium (0.33-0.66)
United States,Oklahoma,3877.59257661,0.0,0.0831039419611348,2.99236892795232,1.1328639848100046,Low (<10%),Low (<5%),Medium - High (0.50-0.75),Low - Medium (0.33-0.66)
United States,Oklahoma,1616.47596485,0.0,0.0831039419611348,2.99236892795232,1.1328639848100046,Low (<10%),Low (<5%),Medium - High (0.50-0.75),Low - Medium (0.33-0.66)
United States,Kansas,7891.34207112,3.3512082839471664,1.977274162798684,3.211760224402303,1.1208485187545278,High (40-80%),Low - Medium (5-25%),High (0.75-1.00),Low - Medium (0.33-0.66)
United States,Kansas,2123.11070984,3.3512082839471664,1.977274162798684,3.211760224402303,1.1208485187545278,High (40-80%),Low - Medium (5-25%),High (0.75-1.00),Low - Medium (0.33-0.66)
United States,Oklahoma,7448.6224321,3.3512082839471664,1.977274162798684,3.211760224402303,1.1208485187545278,High (40-80%),Low - Medium (5-25%),High (0.75-1.00),Low - Medium (0.33-0.66)
United States,Kansas,1115.32514754,2.607698890178047,1.495492168188767,3.022215864383522,1.3706045193646874,Medium - High (20-40%),Low - Medium (5-25%),High (0.75-1.00),Low - Medium (0.33-0.66)
United States,Kansas,14058.9323698,2.607698890178047,1.495492168188767,3.022215864383522,1.3706045193646874,Medium - High (20-40%),Low - Medium (5-25%),High (0.75-1.00),Low - Medium (0.33-0.66)
United States,Kansas,17176.6417392,2.607698890178047,1.495492168188767,3.022215864383522,1.3706045193646874,Medium - High (20-40%),Low - Medium (5-25%),High (0.75-1.00),Low - Medium (0.33-0.66)
United States,Oklahoma,1183.83144057,2.607698890178047,1.495492168188767,3.022215864383522,1.3706045193646874,Medium - High (20-40%),Low - Medium (5-25%),High (0.75-1.00),Low - Medium (0.33-0.66)
United States,Kansas,2097.5759404,5.0,5.0,3.607361323677709,2.206215783776007,Extremely High (>80%),Extremely High (>75%),High (0.75-1.00),Medium - High (0.66-1.00)
United States,Kansas,272.918258307,5.0,5.0,3.607361323677709,2.206215783776007,Extremely High (>80%),Extremely High (>75%),High (0.75-1.00),Medium - High (0.66-1.00)
United States,Kansas,4515.04741475,5.0,5.0,3.607361323677709,2.206215783776007,Extremely High (>80%),Extremely High (>75%),High (0.75-1.00),Medium - High (0.66-1.00)
United States,Kansas,9532.58516293,5.0,5.0,2.6832991478000983,1.8186424314834404,Extremely High (>80%),Extremely High (>75%),Medium - High (0.50-0.75),Low - Medium (0.33-0.66)
United States,Kansas,3591.83462551,5.0,5.0,2.6832991478000983,1.8186424314834404,Extremely High (>80%),Extremely High (>75%),Medium - High (0.50-0.75),Low - Medium (0.33-0.66)
United States,Colorado,6294.85749469,5.0,5.0,2.6832991478000983,1.8186424314834404,Extremely High (>80%),Extremely High (>75%),Medium - High (0.50-0.75),Low - Medium (0.33-0.66)
United States,Colorado,259.255944571,5.0,5.0,2.6832991478000983,1.8186424314834404,Extremely High (>80%),Extremely High (>75%),Medium - High (0.50-0.75),Low - Medium (0.33-0.66)
United States,Colorado,2213.31231536,5.0,5.0,2.607351468332427,1.416344368782565,Arid and Low Water Use,Arid and Low Water Use,Medium - High (0.50-0.75),Low - Medium (0.33-0.66)
United States,Colorado,5470.49420898,5.0,5.0,2.607351468332427,1.416344368782565,Arid and Low Water Use,Arid and Low Water Use,Medium - High (0.50-0.75),Low - Medium (0.33-0.66)
United States,Colorado,753.390377856,5.0,5.0,2.607351468332427,1.416344368782565,Arid and Low Water Use,Arid and Low Water Use,Medium - High (0.50-0.75),Low - Medium (0.33-0.66)
United States,Colorado,873.213461377,3.4445186828684653,2.098682079419945,1.614351638653365,0.8333282414886801,High (40-80%),Medium - High (25-50%),Low - Medium (0.25-0.50),Low (<0.33)
United States,Colorado,5321.38314825,3.4445186828684653,2.098682079419945,1.614351638653365,0.8333282414886801,High (40-80%),Medium - High (25-50%),Low - Medium (0.25-0.50),Low (<0.33)
United States,New Mexico,339.101098691,1.4433448746269246,1.0689889469511409,1.590061283011643,0.7893609541749887,Low - Medium (10-20%),Low - Medium (5-25%),Low - Medium (0.25-0.50),Low (<0.33)
United States,Colorado,8695.20912152,1.4433448746269246,1.0689889469511409,1.590061283011643,0.7893609541749887,Low - Medium (10-20%),Low - Medium (5-25%),Low - Medium (0.25-0.50),Low (<0.33)
United States,Colorado,35217.6232749,4.654043608221356,2.909590510611772,1.2231139774124655,1.0885593484094735,Extremely High (>80%),Medium - High (25-50%),Low - Medium (0.25-0.50),Low - Medium (0.33-0.66)
United States,Colorado,1921.23016133,4.654043608221356,2.909590510611772,1.2231139774124655,1.0885593484094735,Extremely High (>80%),Medium - High (25-50%),Low - Medium (0.25-0.50),Low - Medium (0.33-0.66)
United States,Colorado,14.1683523031,4.654043608221356,2.909590510611772,1.2231139774124655,1.0885593484094735,Extremely High (>80%),Medium - High (25-50%),Low - Medium (0.25-0.50),Low - Medium (0.33-0.66)
United States,Mississippi,198.61881466,0.0,0.0026854968538702,1.361553756020068,1.0018544037576105,Low (<10%),Low (<5%),Low - Medium (0.25-0.50),Low - Medium (0.33-0.66)
United States,Arkansas,100.144579976,0.0,0.0026854968538702,1.361553756020068,1.0018544037576105,Low (<10%),Low (<5%),Low - Medium (0.25-0.50),Low - Medium (0.33-0.66)
United States,Arkansas,5862.2398799,0.4823316923601217,0.8403945227013359,2.414391644650971,0.9665252401222548,Low (<10%),Low (<5%),Medium - High (0.50-0.75),Low (<0.33)
United States,Missouri,76.8116201308,5.0,5.0,2.0513860669923165,2.597810280624979,Extremely High (>80%),Extremely High (>75%),Medium - High (0.50-0.75),Medium - High (0.66-1.00)
United States,Arkansas,4831.66934773,5.0,5.0,2.0513860669923165,2.597810280624979,Extremely High (>80%),Extremely High (>75%),Medium - High (0.50-0.75),Medium - High (0.66-1.00)
United States,Arkansas,705.933771846,2.1010484515673795,1.3537350930072387,2.480847612427456,2.0880863598775146,Medium - High (20-40%),Low - Medium (5-25%),Medium - High (0.50-0.75),Medium - High (0.66-1.00)
United States,Arkansas,2414.54065604,2.1010484515673795,1.3537350930072387,2.480847612427456,2.0880863598775146,Medium - High (20-40%),Low - Medium (5-25%),Medium - High (0.50-0.75),Medium - High (0.66-1.00)
United States,Arkansas,32.6932799727,1.4935141425666576,0.9571479095821344,2.426413680822584,0.9709592091132532,Low - Medium (10-20%),Low (<5%),Medium - High (0.50-0.75),Low (<0.33)
United States,Arkansas,4316.33188953,1.4935141425666576,0.9571479095821344,2.426413680822584,0.9709592091132532,Low - Medium (10-20%),Low (<5%),Medium - High (0.50-0.75),Low (<0.33)
United States,Arkansas,247.757889126,1.4935141425666576,0.9571479095821344,2.426413680822584,0.9709592091132532,Low - Medium (10-20%),Low (<5%),Medium - High (0.50-0.75),Low (<0.33)
United States,Arkansas,241.422949297,1.9649224370128409,1.420273969200294,2.689166917212813,2.158301337206142,Low - Medium (10-20%),Low - Medium (5-25%),Medium - High (0.50-0.75),Medium - High (0.66-1.00)
United States,Arkansas,1650.5690164,1.9649224370128409,1.420273969200294,2.689166917212813,2.158301337206142,Low - Medium (10-20%),Low - Medium (5-25%),Medium - High (0.50-0.75),Medium - High (0.66-1.00)
United States,Missouri,12519.4551229,4.262715688718984,3.4981598241483827,3.290239157819326,2.409372105765266,Extremely High (>80%),High (50-75%),High (0.75-1.00),Medium - High (0.66-1.00)
United States,Missouri,1517.86984474,4.262715688718984,3.4981598241483827,3.290239157819326,2.409372105765266,Extremely High (>80%),High (50-75%),High (0.75-1.00),Medium - High (0.66-1.00)
United States,Missouri,1118.44896931,4.262715688718984,3.4981598241483827,3.290239157819326,2.409372105765266,Extremely High (>80%),High (50-75%),High (0.75-1.00),Medium - High (0.66-1.00)
United States,Arkansas,4588.66117964,4.262715688718984,3.4981598241483827,3.290239157819326,2.409372105765266,Extremely High (>80%),High (50-75%),High (0.75-1.00),Medium - High (0.66-1.00)
United States,Arkansas,35.3010527218,4.262715688718984,3.4981598241483827,3.290239157819326,2.409372105765266,Extremely High (>80%),High (50-75%),High (0.75-1.00),Medium - High (0.66-1.00)
United States,Arkansas,2436.02885586,4.262715688718984,3.4981598241483827,3.290239157819326,2.409372105765266,Extremely High (>80%),High (50-75%),High (0.75-1.00),Medium - High (0.66-1.00)
United States,Arkansas,2721.73888954,0.5066114178062493,0.4895054771931112,3.469693875648394,1.282261175080039,Low (<10%),Low (<5%),High (0.75-1.00),Low - Medium (0.33-0.66)
United States,Arkansas,904.184147976,0.5066114178062493,0.4895054771931112,3.469693875648394,1.282261175080039,Low (<10%),Low (<5%),High (0.75-1.00),Low - Medium (0.33-0.66)
United States,Arkansas,57.8868682393,0.5066114178062493,0.4895054771931112,3.469693875648394,1.282261175080039,Low (<10%),Low (<5%),High (0.75-1.00),Low - Medium (0.33-0.66)
United States,Missouri,3665.09967565,1.4852289918536894,0.7551552004354667,4.40808175050751,1.7307089335076928,Low - Medium (10-20%),Low (<5%),Extremely High (>1.00),Low - Medium (0.33-0.66)
United States,Arkansas,1124.77673544,1.4852289918536894,0.7551552004354667,4.40808175050751,1.7307089335076928,Low - Medium (10-20%),Low (<5%),Extremely High (>1.00),Low - Medium (0.33-0.66)
United States,Missouri,8681.19534812,3.2604451435158817,1.3056813605672877,3.947584178525093,1.6101281980663151,High (40-80%),Low - Medium (5-25%),High (0.75-1.00),Low - Medium (0.33-0.66)
United States,Arkansas,7622.65309639,3.2604451435158817,1.3056813605672877,3.947584178525093,1.6101281980663151,High (40-80%),Low - Medium (5-25%),High (0.75-1.00),Low - Medium (0.33-0.66)
United States,Arkansas,4530.83784198,3.2604451435158817,1.3056813605672877,3.947584178525093,1.6101281980663151,High (40-80%),Low - Medium (5-25%),High (0.75-1.00),Low - Medium (0.33-0.66)
United States,Mississippi,484.006433227,0.0,0.0125339641382736,1.3737968950866457,1.0416693187677302,Low (<10%),Low (<5%),Low - Medium (0.25-0.50),Low - Medium (0.33-0.66)
United States,Arkansas,794.469505207,0.0,0.0125339641382736,1.3737968950866457,1.0416693187677302,Low (<10%),Low (<5%),Low - Medium (0.25-0.50),Low - Medium (0.33-0.66)
United States,Missouri,2617.19077573,5.0,5.0,2.1297081151964043,2.5487708934198947,Extremely High (>80%),Extremely High (>75%),Medium - High (0.50-0.75),Medium - High (0.66-1.00)
United States,Missouri,6542.43358283,5.0,5.0,2.1297081151964043,2.5487708934198947,Extremely High (>80%),Extremely High (>75%),Medium - High (0.50-0.75),Medium - High (0.66-1.00)
United States,Missouri,1008.37610192,5.0,5.0,2.1297081151964043,2.5487708934198947,Extremely High (>80%),Extremely High (>75%),Medium - High (0.50-0.75),Medium - High (0.66-1.00)
United States,Arkansas,10750.6548152,5.0,5.0,2.1297081151964043,2.5487708934198947,Extremely High (>80%),Extremely High (>75%),Medium - High (0.50-0.75),Medium - High (0.66-1.00)
United States,Tennessee,3.51130337999,5.0,5.0,2.1297081151964043,2.5487708934198947,Extremely High (>80%),Extremely High (>75%),Medium - High (0.50-0.75),Medium - High (0.66-1.00)
United States,Mississippi,1158.98036026,0.0,0.0177612145475316,1.3664293187050796,1.0223860230453057,Low (<10%),Low (<5%),Low - Medium (0.25-0.50),Low - Medium (0.33-0.66)
United States,Mississippi,62.9129254265,0.0,0.0177612145475316,1.3664293187050796,1.0223860230453057,Low (<10%),Low (<5%),Low - Medium (0.25-0.50),Low - Medium (0.33-0.66)
United States,Arkansas,727.675417479,0.0,0.0177612145475316,1.3664293187050796,1.0223860230453057,Low (<10%),Low (<5%),Low - Medium (0.25-0.50),Low - Medium (0.33-0.66)
United States,Tennessee,4424.37472968,0.0,0.0177612145475316,1.3664293187050796,1.0223860230453057,Low (<10%),Low (<5%),Low - Medium (0.25-0.50),Low - Medium (0.33-0.66)
United States,Mississippi,1666.9100868,2.58538527862001,1.109591810852032,3.1105609481440166,2.350149444541169,Medium - High (20-40%),Low - Medium (5-25%),High (0.75-1.00),Medium - High (0.66-1.00)
United States,Mississippi,219.446395868,2.58538527862001,1.109591810852032,3.1105609481440166,2.350149444541169,Medium - High (20-40%),Low - Medium (5-25%),High (0.75-1.00),Medium - High (0.66-1.00)
United States,Tennessee,4847.56302004,2.58538527862001,1.109591810852032,3.1105609481440166,2.350149444541169,Medium - High (20-40%),Low - Medium (5-25%),High (0.75-1.00),Medium - High (0.66-1.00)
United States,Arkansas,338.275693181,0.0,0.003450538077791,1.3756031820457406,1.0126118137871003,Low (<10%),Low (<5%),Low - Medium (0.25-0.50),Low - Medium (0.33-0.66)
United States,Tennessee,461.893300821,0.0,0.003450538077791,1.3756031820457406,1.0126118137871003,Low (<10%),Low (<5%),Low - Medium (0.25-0.50),Low - Medium (0.33-0.66)
United States,Kentucky,289.285443098,2.9096466438682214,1.1996443339336849,2.9614838102200167,2.275975014015536,Medium - High (20-40%),Low - Medium (5-25%),Medium - High (0.50-0.75),Medium - High (0.66-1.00)
United States,Tennessee,11552.0845061,2.9096466438682214,1.1996443339336849,2.9614838102200167,2.275975014015536,Medium - High (20-40%),Low - Medium (5-25%),Medium - High (0.50-0.75),Medium - High (0.66-1.00)
United States,Kentucky,2896.91602166,0.0,0.0082314495039598,1.7228568046017154,1.0404219465691524,Low (<10%),Low (<5%),Low - Medium (0.25-0.50),Low - Medium (0.33-0.66)
United States,Missouri,2271.38291687,0.0,0.0082314495039598,1.7228568046017154,1.0404219465691524,Low (<10%),Low (<5%),Low - Medium (0.25-0.50),Low - Medium (0.33-0.66)
United States,Arkansas,44.8879546229,0.0,0.0082314495039598,1.7228568046017154,1.0404219465691524,Low (<10%),Low (<5%),Low - Medium (0.25-0.50),Low - Medium (0.33-0.66)
United States,Tennessee,489.005785198,0.0,0.0082314495039598,1.7228568046017154,1.0404219465691524,Low (<10%),Low (<5%),Low - Medium (0.25-0.50),Low - Medium (0.33-0.66)
United States,Illinois,1821.6074339,0.0,0.0092622773436058,1.3282083463992798,1.0134205359371988,Low (<10%),Low (<5%),Low - Medium (0.25-0.50),Low - Medium (0.33-0.66)
United States,Illinois,447.118994333,0.0,0.0092622773436058,1.3282083463992798,1.0134205359371988,Low (<10%),Low (<5%),Low - Medium (0.25-0.50),Low - Medium (0.33-0.66)
United States,Kentucky,113.067640807,0.0,0.0092622773436058,1.3282083463992798,1.0134205359371988,Low (<10%),Low (<5%),Low - Medium (0.25-0.50),Low - Medium (0.33-0.66)
United States,Kentucky,932.859023823,0.0,0.0092622773436058,1.3282083463992798,1.0134205359371988,Low (<10%),Low (<5%),Low - Medium (0.25-0.50),Low - Medium (0.33-0.66)
United States,Kentucky,1663.75452638,0.0,0.0134060032001334,2.0758115122989507,1.1179005815336625,Low (<10%),Low (<5%),Medium - High (0.50-0.75),Low - Medium (0.33-0.66)
United States,Kentucky,979.457732794,0.0,0.0134060032001334,2.0758115122989507,1.1179005815336625,Low (<10%),Low (<5%),Medium - High (0.50-0.75),Low - Medium (0.33-0.66)
United States,Tennessee,2929.21694332,0.0,0.0134060032001334,2.0758115122989507,1.1179005815336625,Low (<10%),Low (<5%),Medium - High (0.50-0.75),Low - Medium (0.33-0.66)
United States,Tennessee,858.846094404,0.0,0.0134060032001334,2.0758115122989507,1.1179005815336625,Low (<10%),Low (<5%),Medium - High (0.50-0.75),Low - Medium (0.33-0.66)
United States,Tennessee,9070.79116302,3.5948979739142843,1.5141428845829634,3.330905122837033,3.066741010819936,High (40-80%),Low - Medium (5-25%),High (0.75-1.00),High (1.00-1.33)
United States,Alabama,17662.7038074,0.3123497093174933,0.2854130936918373,1.731730608869977,1.0148230513066951,Low (<10%),Low (<5%),Low - Medium (0.25-0.50),Low - Medium (0.33-0.66)
United States,Alabama,42.95980097,0.3123497093174933,0.2854130936918373,1.731730608869977,1.0148230513066951,Low (<10%),Low (<5%),Low - Medium (0.25-0.50),Low - Medium (0.33-0.66)
United States,Georgia,1598.26564674,0.3123497093174933,0.2854130936918373,1.731730608869977,1.0148230513066951,Low (<10%),Low (<5%),Low - Medium (0.25-0.50),Low - Medium (0.33-0.66)
United States,Mississippi,643.966096025,0.3123497093174933,0.2854130936918373,1.731730608869977,1.0148230513066951,Low (<10%),Low (<5%),Low - Medium (0.25-0.50),Low - Medium (0.33-0.66)
United States,Mississippi,440.853406772,0.3123497093174933,0.2854130936918373,1.731730608869977,1.0148230513066951,Low (<10%),Low (<5%),Low - Medium (0.25-0.50),Low - Medium (0.33-0.66)
United States,Tennessee,16404.1082521,0.3123497093174933,0.2854130936918373,1.731730608869977,1.0148230513066951,Low (<10%),Low (<5%),Low - Medium (0.25-0.50),Low - Medium (0.33-0.66)
United States,Tennessee,947.633710549,0.3123497093174933,0.2854130936918373,1.731730608869977,1.0148230513066951,Low (<10%),Low (<5%),Low - Medium (0.25-0.50),Low - Medium (0.33-0.66)
United States,Georgia,2165.17083686,0.0,0.1017098544846328,1.6732927493367695,0.7731773059686523,Low (<10%),Low (<5%),Low - Medium (0.25-0.50),Low (<0.33)
United States,North Carolina,1690.74659367,0.0,0.1017098544846328,1.6732927493367695,0.7731773059686523,Low (<10%),Low (<5%),Low - Medium (0.25-0.50),Low (<0.33)
United States,Tennessee,2463.2599176,0.0,0.1017098544846328,1.6732927493367695,0.7731773059686523,Low (<10%),Low (<5%),Low - Medium (0.25-0.50),Low (<0.33)
United States,Tennessee,691.199403705,0.0,0.1017098544846328,1.6732927493367695,0.7731773059686523,Low (<10%),Low (<5%),Low - Medium (0.25-0.50),Low (<0.33)
United States,Tennessee,2012.94045372,0.0,0.0124961761919926,1.7479277666914967,0.8441986324406487,Low (<10%),Low (<5%),Low - Medium (0.25-0.50),Low (<0.33)
United States,Kentucky,13.5103640653,2.0011690976267165,0.9497508415994792,1.9164708845246363,1.3934375996269803,Medium - High (20-40%),Low (<5%),Low - Medium (0.25-0.50),Low - Medium (0.33-0.66)
United States,Tennessee,6786.52631057,2.0011690976267165,0.9497508415994792,1.9164708845246363,1.3934375996269803,Medium - High (20-40%),Low (<5%),Low - Medium (0.25-0.50),Low - Medium (0.33-0.66)
United States,Virginia,4692.80088603,2.0011690976267165,0.9497508415994792,1.9164708845246363,1.3934375996269803,Medium - High (20-40%),Low (<5%),Low - Medium (0.25-0.50),Low - Medium (0.33-0.66)
United States,West Virginia,0.01167234116,2.0011690976267165,0.9497508415994792,1.9164708845246363,1.3934375996269803,Medium - High (20-40%),Low (<5%),Low - Medium (0.25-0.50),Low - Medium (0.33-0.66)
United States,Georgia,123.508721403,0.0,0.0811272122515166,1.7275677883113474,0.8967766933084718,Low (<10%),Low (<5%),Low - Medium (0.25-0.50),Low (<0.33)
United States,North Carolina,4628.84757025,0.0,0.0811272122515166,1.7275677883113474,0.8967766933084718,Low (<10%),Low (<5%),Low - Medium (0.25-0.50),Low (<0.33)
United States,Tennessee,2900.40756844,0.0,0.0811272122515166,1.7275677883113474,0.8967766933084718,Low (<10%),Low (<5%),Low - Medium (0.25-0.50),Low (<0.33)
United States,Tennessee,1556.97223465,0.0,0.0811272122515166,1.7275677883113474,0.8967766933084718,Low (<10%),Low (<5%),Low - Medium (0.25-0.50),Low (<0.33)
United States,North Carolina,330.7892606,1.566427368005458,0.6744396646338374,1.6367116066797216,0.9534747969144168,Low - Medium (10-20%),Low (<5%),Low - Medium (0.25-0.50),Low (<0.33)
United States,North Carolina,6988.888048,1.566427368005458,0.6744396646338374,1.6367116066797216,0.9534747969144168,Low - Medium (10-20%),Low (<5%),Low - Medium (0.25-0.50),Low (<0.33)
United States,South Carolina,3.16880044947,1.566427368005458,0.6744396646338374,1.6367116066797216,0.9534747969144168,Low - Medium (10-20%),Low (<5%),Low - Medium (0.25-0.50),Low (<0.33)
United States,Tennessee,5211.38556618,1.566427368005458,0.6744396646338374,1.6367116066797216,0.9534747969144168,Low - Medium (10-20%),Low (<5%),Low - Medium (0.25-0.50),Low (<0.33)
United States,Tennessee,753.405850557,1.566427368005458,0.6744396646338374,1.6367116066797216,0.9534747969144168,Low - Medium (10-20%),Low (<5%),Low - Medium (0.25-0.50),Low (<0.33)
United States,North Carolina,548.070468591,1.267946005310194,0.5427554418682482,1.8722164470136529,1.36170515031524,Low - Medium (10-20%),Low (<5%),Low - Medium (0.25-0.50),Low - Medium (0.33-0.66)
United States,Tennessee,4887.64189047,1.267946005310194,0.5427554418682482,1.8722164470136529,1.36170515031524,Low - Medium (10-20%),Low (<5%),Low - Medium (0.25-0.50),Low - Medium (0.33-0.66)
United States,Tennessee,941.241205666,1.267946005310194,0.5427554418682482,1.8722164470136529,1.36170515031524,Low - Medium (10-20%),Low (<5%),Low - Medium (0.25-0.50),Low - Medium (0.33-0.66)
United States,Virginia,3276.4843304,1.267946005310194,0.5427554418682482,1.8722164470136529,1.36170515031524,Low - Medium (10-20%),Low (<5%),Low - Medium (0.25-0.50),Low - Medium (0.33-0.66)
United States,Virginia,128.600744374,1.267946005310194,0.5427554418682482,1.8722164470136529,1.36170515031524,Low - Medium (10-20%),Low (<5%),Low - Medium (0.25-0.50),Low - Medium (0.33-0.66)
United States,Illinois,76.007253581,0.0,0.0011591019039575,2.05660956856878,1.117544295448226,Low (<10%),Low (<5%),Medium - High (0.50-0.75),Low - Medium (0.33-0.66)
United States,Kentucky,31.8517416276,0.0,0.0011591019039575,2.05660956856878,1.117544295448226,Low (<10%),Low (<5%),Medium - High (0.50-0.75),Low - Medium (0.33-0.66)
United States,Kentucky,3545.22802609,0.0,0.0378508755425211,2.055642411325407,1.120615082439967,Low (<10%),Low (<5%),Medium - High (0.50-0.75),Low - Medium (0.33-0.66)
United States,Tennessee,1762.79335769,0.0,0.0378508755425211,2.055642411325407,1.120615082439967,Low (<10%),Low (<5%),Medium - High (0.50-0.75),Low - Medium (0.33-0.66)
United States,Kentucky,1762.29519551,3.789451720172056,1.524625828852871,3.583713058549748,2.6129500545609057,High (40-80%),Low - Medium (5-25%),High (0.75-1.00),Medium - High (0.66-1.00)
United States,Tennessee,1959.78526283,3.789451720172056,1.524625828852871,3.583713058549748,2.6129500545609057,High (40-80%),Low - Medium (5-25%),High (0.75-1.00),Medium - High (0.66-1.00)
United States,Tennessee,4555.02379923,1.1240926164413865,0.4659595778013264,2.312584736340499,0.9890495888103348,Low - Medium (10-20%),Low (<5%),Medium - High (0.50-0.75),Low (<0.33)
United States,Tennessee,2464.92654242,3.5062007233084764,1.3590172220948338,2.9081497529877165,2.261367071126488,High (40-80%),Low - Medium (5-25%),Medium - High (0.50-0.75),Medium - High (0.66-1.00)
United States,Tennessee,2087.37267939,0.0,0.0845087815724683,2.3774149712915915,0.9637141837745332,Low (<10%),Low (<5%),Medium - High (0.50-0.75),Low (<0.33)
United States,Tennessee,721.145561812,0.0,0.0845087815724683,2.3774149712915915,0.9637141837745332,Low (<10%),Low (<5%),Medium - High (0.50-0.75),Low (<0.33)
United States,Tennessee,6704.25490931,2.4532827573927625,1.1102141758376218,2.6422113208888223,2.163623656721488,Medium - High (20-40%),Low - Medium (5-25%),Medium - High (0.50-0.75),Medium - High (0.66-1.00)
United States,Kentucky,21.2830215782,2.128957822125602,1.0219451141216944,2.5105116170264408,1.7476799719935214,Medium - High (20-40%),Low - Medium (5-25%),Medium - High (0.50-0.75),Low - Medium (0.33-0.66)
United States,Kentucky,4187.18883262,2.128957822125602,1.0219451141216944,2.5105116170264408,1.7476799719935214,Medium - High (20-40%),Low - Medium (5-25%),Medium - High (0.50-0.75),Low - Medium (0.33-0.66)
United States,Tennessee,2388.6169223,2.128957822125602,1.0219451141216944,2.5105116170264408,1.7476799719935214,Medium - High (20-40%),Low - Medium (5-25%),Medium - High (0.50-0.75),Low - Medium (0.33-0.66)
United States,Tennessee,1804.71212315,2.128957822125602,1.0219451141216944,2.5105116170264408,1.7476799719935214,Medium - High (20-40%),Low - Medium (5-25%),Medium - High (0.50-0.75),Low - Medium (0.33-0.66)
United States,Kentucky,967.310074464,0.0,0.0379091775503809,2.05470375179564,0.675902386025333,Low (<10%),Low (<5%),Medium - High (0.50-0.75),Low (<0.33)
United States,Kentucky,77.6470415184,0.0,0.0379091775503809,2.05470375179564,0.675902386025333,Low (<10%),Low (<5%),Medium - High (0.50-0.75),Low (<0.33)
United States,Tennessee,2542.35810341,0.0,0.0379091775503809,2.05470375179564,0.675902386025333,Low (<10%),Low (<5%),Medium - High (0.50-0.75),Low (<0.33)
United States,Kentucky,6988.15271683,2.064682972558659,0.9683290495871644,2.047770102576065,0.8214931786392587,Medium - High (20-40%),Low (<5%),Medium - High (0.50-0.75),Low (<0.33)
United States,Kentucky,1103.66709743,2.064682972558659,0.9683290495871644,2.047770102576065,0.8214931786392587,Medium - High (20-40%),Low (<5%),Medium - High (0.50-0.75),Low (<0.33)
United States,Tennessee,868.506232,2.064682972558659,0.9683290495871644,2.047770102576065,0.8214931786392587,Medium - High (20-40%),Low (<5%),Medium - High (0.50-0.75),Low (<0.33)
United States,Virginia,5.78511831218,2.064682972558659,0.9683290495871644,2.047770102576065,0.8214931786392587,Medium - High (20-40%),Low (<5%),Medium - High (0.50-0.75),Low (<0.33)
United States,Illinois,4686.15760739,0.0,0.007353080917013,1.2382679566681722,0.991841703937146,Low (<10%),Low (<5%),Low - Medium (0.25-0.50),Low (<0.33)
United States,Indiana,0.26147475085,0.0,0.007353080917013,1.2382679566681722,0.991841703937146,Low (<10%),Low (<5%),Low - Medium (0.25-0.50),Low (<0.33)
United States,Kentucky,3611.9449278,0.0,0.007353080917013,1.2382679566681722,0.991841703937146,Low (<10%),Low (<5%),Low - Medium (0.25-0.50),Low (<0.33)
United States,Illinois,119.643149667,1.6374049347034765,1.1969535645190592,2.177131410539741,1.7215388274806371,Low - Medium (10-20%),Low - Medium (5-25%),Medium - High (0.50-0.75),Low - Medium (0.33-0.66)
United States,Indiana,37.4748222929,1.6374049347034765,1.1969535645190592,2.177131410539741,1.7215388274806371,Low - Medium (10-20%),Low - Medium (5-25%),Medium - High (0.50-0.75),Low - Medium (0.33-0.66)
United States,Illinois,8349.13851704,1.441339742686167,0.7172077544331057,1.426631724747719,0.7862944662149328,Low - Medium (10-20%),Low (<5%),Low - Medium (0.25-0.50),Low (<0.33)
United States,Illinois,1190.73361333,0.0,0.0787505156030093,1.7345261252202462,1.5297787190162542,Low (<10%),Low (<5%),Low - Medium (0.25-0.50),Low - Medium (0.33-0.66)
United States,Indiana,3672.18552415,0.0,0.0787505156030093,1.7345261252202462,1.5297787190162542,Low (<10%),Low (<5%),Low - Medium (0.25-0.50),Low - Medium (0.33-0.66)
United States,Indiana,20887.1818424,2.8246750762686608,1.1528988423465147,1.7655215385282357,1.4050923178399268,Medium - High (20-40%),Low - Medium (5-25%),Low - Medium (0.25-0.50),Low - Medium (0.33-0.66)
United States,Indiana,8294.39765404,2.8246750762686608,1.1528988423465147,1.7655215385282357,1.4050923178399268,Medium - High (20-40%),Low - Medium (5-25%),Low - Medium (0.25-0.50),Low - Medium (0.33-0.66)
United States,Illinois,368.303607542,0.0,0.0174081709686506,1.8090757910252808,1.601875658595648,Low (<10%),Low (<5%),Low - Medium (0.25-0.50),Low - Medium (0.33-0.66)
United States,Indiana,317.560758219,0.0,0.0174081709686506,1.8090757910252808,1.601875658595648,Low (<10%),Low (<5%),Low - Medium (0.25-0.50),Low - Medium (0.33-0.66)
United States,Illinois,6152.76372116,2.316504619359659,1.0774527631547346,1.8045320976679395,1.1657324156550417,Medium - High (20-40%),Low - Medium (5-25%),Low - Medium (0.25-0.50),Low - Medium (0.33-0.66)
United States,Indiana,0.02037213498,2.316504619359659,1.0774527631547346,1.8045320976679395,1.1657324156550417,Medium - High (20-40%),Low - Medium (5-25%),Low - Medium (0.25-0.50),Low - Medium (0.33-0.66)
United States,Illinois,6422.68074381,1.696311999954089,0.7810513739160098,1.919029035336584,1.6871099152389109,Low - Medium (10-20%),Low (<5%),Low - Medium (0.25-0.50),Low - Medium (0.33-0.66)
United States,Indiana,8019.46240311,1.696311999954089,0.7810513739160098,1.919029035336584,1.6871099152389109,Low - Medium (10-20%),Low (<5%),Low - Medium (0.25-0.50),Low - Medium (0.33-0.66)
United States,Indiana,4914.68000617,1.696311999954089,0.7810513739160098,1.919029035336584,1.6871099152389109,Low - Medium (10-20%),Low (<5%),Low - Medium (0.25-0.50),Low - Medium (0.33-0.66)
United States,Indiana,4520.3506049,0.703766240150262,0.4888102263151438,2.4650289271125736,2.2555713692487265,Low (<10%),Low (<5%),Medium - High (0.50-0.75),Medium - High (0.66-1.00)
United States,Indiana,418.859168662,0.703766240150262,0.4888102263151438,2.4650289271125736,2.2555713692487265,Low (<10%),Low (<5%),Medium - High (0.50-0.75),Medium - High (0.66-1.00)
United States,Indiana,139.114247355,0.703766240150262,0.4888102263151438,2.4650289271125736,2.2555713692487265,Low (<10%),Low (<5%),Medium - High (0.50-0.75),Medium - High (0.66-1.00)
United States,Indiana,10589.2915973,2.7143367103128524,1.1418790880715948,2.5876512489379064,2.297309490526277,Medium - High (20-40%),Low - Medium (5-25%),Medium - High (0.50-0.75),Medium - High (0.66-1.00)
United States,Indiana,4.3917603785,2.7143367103128524,1.1418790880715948,2.5876512489379064,2.297309490526277,Medium - High (20-40%),Low - Medium (5-25%),Medium - High (0.50-0.75),Medium - High (0.66-1.00)
United States,Indiana,42.0137839214,2.7143367103128524,1.1418790880715948,2.5876512489379064,2.297309490526277,Medium - High (20-40%),Low - Medium (5-25%),Medium - High (0.50-0.75),Medium - High (0.66-1.00)
United States,Ohio,908.331784848,2.7143367103128524,1.1418790880715948,2.5876512489379064,2.297309490526277,Medium - High (20-40%),Low - Medium (5-25%),Medium - High (0.50-0.75),Medium - High (0.66-1.00)
United States,Indiana,1372.2947417,0.0,0.0144133925302152,1.228405779304054,0.9719966160274356,Low (<10%),Low (<5%),Low - Medium (0.25-0.50),Low (<0.33)
United States,Kentucky,1205.84147394,0.0,0.0144133925302152,1.228405779304054,0.9719966160274356,Low (<10%),Low (<5%),Low - Medium (0.25-0.50),Low (<0.33)
United States,Kentucky,16686.695648,2.081361533188705,1.0040073761879875,2.467551610721689,1.6847385207164076,Medium - High (20-40%),Low - Medium (5-25%),Medium - High (0.50-0.75),Low - Medium (0.33-0.66)
United States,Kentucky,6088.17050912,2.081361533188705,1.0040073761879875,2.467551610721689,1.6847385207164076,Medium - High (20-40%),Low - Medium (5-25%),Medium - High (0.50-0.75),Low - Medium (0.33-0.66)
United States,Tennessee,128.908004502,2.081361533188705,1.0040073761879875,2.467551610721689,1.6847385207164076,Medium - High (20-40%),Low - Medium (5-25%),Medium - High (0.50-0.75),Low - Medium (0.33-0.66)
United States,Tennessee,906.385595629,2.081361533188705,1.0040073761879875,2.467551610721689,1.6847385207164076,Medium - High (20-40%),Low - Medium (5-25%),Medium - High (0.50-0.75),Low - Medium (0.33-0.66)
United States,Indiana,5293.62636532,0.0,0.1134697176297223,1.1790290042434168,0.7344992021631134,Low (<10%),Low (<5%),Low - Medium (0.25-0.50),Low (<0.33)
United States,Indiana,2377.51572614,0.0,0.1134697176297223,1.1790290042434168,0.7344992021631134,Low (<10%),Low (<5%),Low - Medium (0.25-0.50),Low (<0.33)
United States,Kentucky,3017.69656883,0.0,0.1134697176297223,1.1790290042434168,0.7344992021631134,Low (<10%),Low (<5%),Low - Medium (0.25-0.50),Low (<0.33)
United States,Kentucky,8851.93091859,0.0,0.1134697176297223,1.1790290042434168,0.7344992021631134,Low (<10%),Low (<5%),Low - Medium (0.25-0.50),Low (<0.33)
United States,Kentucky,9216.17933522,2.503726932082936,1.0740963118581253,2.5241426298741323,1.3353717614719738,Medium - High (20-40%),Low - Medium (5-25%),Medium - High (0.50-0.75),Low - Medium (0.33-0.66)
United States,Kentucky,8890.36903929,2.503726932082936,1.0740963118581253,2.5241426298741323,1.3353717614719738,Medium - High (20-40%),Low - Medium (5-25%),Medium - High (0.50-0.75),Low - Medium (0.33-0.66)
United States,Virginia,3.0254481034,2.503726932082936,1.0740963118581253,2.5241426298741323,1.3353717614719738,Medium - High (20-40%),Low - Medium (5-25%),Medium - High (0.50-0.75),Low - Medium (0.33-0.66)
United States,Indiana,209.160666863,0.0,0.0189126740206574,1.1536847203328515,0.7010846033747293,Low (<10%),Low (<5%),Low - Medium (0.25-0.50),Low (<0.33)
United States,Indiana,1876.05632286,0.0,0.0189126740206574,1.1536847203328515,0.7010846033747293,Low (<10%),Low (<5%),Low - Medium (0.25-0.50),Low (<0.33)
United States,Kentucky,831.200791403,0.0,0.0189126740206574,1.1536847203328515,0.7010846033747293,Low (<10%),Low (<5%),Low - Medium (0.25-0.50),Low (<0.33)
United States,Indiana,1119.96296553,2.828391399742263,1.1654282394103614,1.407082215315355,0.9532974033108828,Medium - High (20-40%),Low - Medium (5-25%),Low - Medium (0.25-0.50),Low (<0.33)
United States,Indiana,2615.19966404,2.828391399742263,1.1654282394103614,1.407082215315355,0.9532974033108828,Medium - High (20-40%),Low - Medium (5-25%),Low - Medium (0.25-0.50),Low (<0.33)
United States,Ohio,6548.09875056,2.828391399742263,1.1654282394103614,1.407082215315355,0.9532974033108828,Medium - High (20-40%),Low - Medium (5-25%),Low - Medium (0.25-0.50),Low (<0.33)
United States,Ohio,3647.13542891,2.828391399742263,1.1654282394103614,1.407082215315355,0.9532974033108828,Medium - High (20-40%),Low - Medium (5-25%),Low - Medium (0.25-0.50),Low (<0.33)
United States,Indiana,0.66161101509,0.0,0.1439468531101317,1.0744864388347348,0.6546205893856242,Low (<10%),Low (<5%),Low - Medium (0.25-0.50),Low (<0.33)
United States,Kentucky,5635.54423449,0.0,0.1439468531101317,1.0744864388347348,0.6546205893856242,Low (<10%),Low (<5%),Low - Medium (0.25-0.50),Low (<0.33)
United States,Kentucky,6136.40526191,0.0,0.1439468531101317,1.0744864388347348,0.6546205893856242,Low (<10%),Low (<5%),Low - Medium (0.25-0.50),Low (<0.33)
United States,Ohio,3365.07063767,0.0,0.1439468531101317,1.0744864388347348,0.6546205893856242,Low (<10%),Low (<5%),Low - Medium (0.25-0.50),Low (<0.33)
United States,Ohio,5214.47744581,0.0,0.1439468531101317,1.0744864388347348,0.6546205893856242,Low (<10%),Low (<5%),Low - Medium (0.25-0.50),Low (<0.33)
United States,Ohio,17080.6952719,2.8343255504112053,1.170674343625675,1.0129467578448523,0.6238870437536911,Medium - High (20-40%),Low - Medium (5-25%),Low - Medium (0.25-0.50),Low (<0.33)
United States,Kentucky,8962.65261121,2.8543134483068524,1.1762401026417628,4.914073736120987,0.5815433559977852,Medium - High (20-40%),Low - Medium (5-25%),Extremely High (>1.00),Low (<0.33)
United States,Ohio,4649.53262472,2.8543134483068524,1.1762401026417628,4.914073736120987,0.5815433559977852,Medium - High (20-40%),Low - Medium (5-25%),Extremely High (>1.00),Low (<0.33)
United States,Virginia,2626.18544351,2.8543134483068524,1.1762401026417628,4.914073736120987,0.5815433559977852,Medium - High (20-40%),Low - Medium (5-25%),Extremely High (>1.00),Low (<0.33)
United States,West Virginia,8676.25324522,2.8543134483068524,1.1762401026417628,4.914073736120987,0.5815433559977852,Medium - High (20-40%),Low - Medium (5-25%),Extremely High (>1.00),Low (<0.33)
United States,West Virginia,290.698462421,0.842795502825367,0.5145206586833465,2.738903187933359,1.150924208665186,Low (<10%),Low (<5%),Medium - High (0.50-0.75),Low - Medium (0.33-0.66)
United States,West Virginia,2136.55229629,0.0,0.0922125340154442,1.4844604892678233,0.5021295257670061,Low (<10%),Low (<5%),Low - Medium (0.25-0.50),Low (<0.33)
United States,West Virginia,2313.76138922,2.470557569366839,1.0446221744296107,1.83411704391976,0.5456487734351061,Medium - High (20-40%),Low - Medium (5-25%),Low - Medium (0.25-0.50),Low (<0.33)
United States,West Virginia,267.749459254,0.0,0.0447543724554045,1.5229672850042784,0.5202500290706658,Low (<10%),Low (<5%),Low - Medium (0.25-0.50),Low (<0.33)
United States,West Virginia,4001.2185547,0.0,0.0755119593294103,1.4456786446390244,0.5058284172424872,Low (<10%),Low (<5%),Low - Medium (0.25-0.50),Low (<0.33)
United States,West Virginia,1359.01715292,0.0,0.0891302786218121,1.5175881577259405,0.5230708415109467,Low (<10%),Low (<5%),Low - Medium (0.25-0.50),Low (<0.33)
United States,West Virginia,3625.7511387,0.8937459174398286,0.4484485491213523,1.432776772799719,0.4728996633379769,Low (<10%),Low (<5%),Low - Medium (0.25-0.50),Low (<0.33)
United States,West Virginia,1776.58997234,0.0,0.1434865669017933,1.492911024662653,0.5196596896378335,Low (<10%),Low (<5%),Low - Medium (0.25-0.50),Low (<0.33)
United States,Virginia,10.3911626874,0.4553220581515641,0.3486884855990853,1.7344955711275516,0.7463580757454944,Low (<10%),Low (<5%),Low - Medium (0.25-0.50),Low (<0.33)
United States,West Virginia,3987.11744364,0.4553220581515641,0.3486884855990853,1.7344955711275516,0.7463580757454944,Low (<10%),Low (<5%),Low - Medium (0.25-0.50),Low (<0.33)
United States,North Carolina,1896.37976943,1.885636830596275,0.9195299709887066,1.4417645400768029,0.5466717337862032,Low - Medium (10-20%),Low (<5%),Low - Medium (0.25-0.50),Low (<0.33)
United States,Tennessee,0.92588510876,1.885636830596275,0.9195299709887066,1.4417645400768029,0.5466717337862032,Low - Medium (10-20%),Low (<5%),Low - Medium (0.25-0.50),Low (<0.33)
United States,Virginia,5055.20060576,1.885636830596275,0.9195299709887066,1.4417645400768029,0.5466717337862032,Low - Medium (10-20%),Low (<5%),Low - Medium (0.25-0.50),Low (<0.33)
United States,Virginia,2845.25150444,1.885636830596275,0.9195299709887066,1.4417645400768029,0.5466717337862032,Low - Medium (10-20%),Low (<5%),Low - Medium (0.25-0.50),Low (<0.33)
United States,West Virginia,2076.339072,1.885636830596275,0.9195299709887066,1.4417645400768029,0.5466717337862032,Low - Medium (10-20%),Low (<5%),Low - Medium (0.25-0.50),Low (<0.33)
United States,Ohio,4899.16135969,0.0,0.0122530483486104,2.616675258577008,0.9432929899885488,Low (<10%),Low (<5%),Medium - High (0.50-0.75),Low (<0.33)
United States,West Virginia,1722.60929355,0.0,0.0122530483486104,2.616675258577008,0.9432929899885488,Low (<10%),Low (<5%),Medium - High (0.50-0.75),Low (<0.33)
United States,West Virginia,5988.48847887,0.814472283396003,0.465166578272101,1.3728766054804236,0.3661922368839426,Low (<10%),Low (<5%),Low - Medium (0.25-0.50),Low (<0.33)
United States,Ohio,56.5359720728,0.0,0.0049618450394936,0.9398552214922876,0.6103485236762362,Low (<10%),Low (<5%),Low (<0.25),Low (<0.33)
United States,West Virginia,91.5900749495,0.0,0.0049618450394936,0.9398552214922876,0.6103485236762362,Low (<10%),Low (<5%),Low (<0.25),Low (<0.33)
United States,Ohio,20640.7881708,2.50307733375109,1.098792188066597,0.9430575962181073,0.4858473761197334,Medium - High (20-40%),Low - Medium (5-25%),Low (<0.25),Low (<0.33)
United States,Ohio,6217.46531967,0.0,0.1853074528760832,0.9290702290553574,0.6238395176663999,Low (<10%),Low (<5%),Low (<0.25),Low (<0.33)
United States,Pennsylvania,2043.67084914,0.0,0.1853074528760832,0.9290702290553574,0.6238395176663999,Low (<10%),Low (<5%),Low (<0.25),Low (<0.33)
United States,West Virginia,4266.33265001,0.0,0.1853074528760832,0.9290702290553574,0.6238395176663999,Low (<10%),Low (<5%),Low (<0.25),Low (<0.33)
United States,Ohio,3494.63476782,0.0758346004678294,0.2459133097799733,0.9776951932641976,0.6807797753983602,Low (<10%),Low (<5%),Low (<0.25),Low (<0.33)
United States,Pennsylvania,4637.91329055,0.0758346004678294,0.2459133097799733,0.9776951932641976,0.6807797753983602,Low (<10%),Low (<5%),Low (<0.25),Low (<0.33)
United States,Pennsylvania,1305.48668761,0.0,0.0943580092878348,1.0617446902407284,0.7376709667678597,Low (<10%),Low (<5%),Low - Medium (0.25-0.50),Low (<0.33)
United States,Maryland,1076.40793118,2.359209189663807,1.0392011392551608,1.0985700740350617,0.5518625776866628,Medium - High (20-40%),Low - Medium (5-25%),Low - Medium (0.25-0.50),Low (<0.33)
United States,Pennsylvania,7083.86738923,2.359209189663807,1.0392011392551608,1.0985700740350617,0.5518625776866628,Medium - High (20-40%),Low - Medium (5-25%),Low - Medium (0.25-0.50),Low (<0.33)
United States,West Virginia,10874.6757901,2.359209189663807,1.0392011392551608,1.0985700740350617,0.5518625776866628,Medium - High (20-40%),Low - Medium (5-25%),Low - Medium (0.25-0.50),Low (<0.33)
United States,New York,4778.5863455,1.1115572080998946,0.559449547046106,1.0923206251098478,0.8165594749937076,Low - Medium (10-20%),Low (<5%),Low - Medium (0.25-0.50),Low (<0.33)
United States,New York,187.364284528,1.1115572080998946,0.559449547046106,1.0923206251098478,0.8165594749937076,Low - Medium (10-20%),Low (<5%),Low - Medium (0.25-0.50),Low (<0.33)
United States,Pennsylvania,1426.89479811,1.1115572080998946,0.559449547046106,1.0923206251098478,0.8165594749937076,Low - Medium (10-20%),Low (<5%),Low - Medium (0.25-0.50),Low (<0.33)
United States,Pennsylvania,23922.4282092,1.1115572080998946,0.559449547046106,1.0923206251098478,0.8165594749937076,Low - Medium (10-20%),Low (<5%),Low - Medium (0.25-0.50),Low (<0.33)
United States,Illinois,412.383427549,0.0,0.0041677518799374,1.9536884426400631,1.059924720452304,Low (<10%),Low (<5%),Low - Medium (0.25-0.50),Low - Medium (0.33-0.66)
United States,Illinois,357.396766953,0.0,0.0041677518799374,1.9536884426400631,1.059924720452304,Low (<10%),Low (<5%),Low - Medium (0.25-0.50),Low - Medium (0.33-0.66)
United States,Missouri,0.20194144016,0.0,0.0041677518799374,1.9536884426400631,1.059924720452304,Low (<10%),Low (<5%),Low - Medium (0.25-0.50),Low - Medium (0.33-0.66)
United States,Missouri,318.772946927,0.0,0.0041677518799374,1.9536884426400631,1.059924720452304,Low (<10%),Low (<5%),Low - Medium (0.25-0.50),Low - Medium (0.33-0.66)
United States,Missouri,3149.24302242,2.503704055869761,1.266688540271236,3.201476166813231,2.3351151301245503,Medium - High (20-40%),Low - Medium (5-25%),High (0.75-1.00),Medium - High (0.66-1.00)
United States,Missouri,119.807947222,2.503704055869761,1.266688540271236,3.201476166813231,2.3351151301245503,Medium - High (20-40%),Low - Medium (5-25%),High (0.75-1.00),Medium - High (0.66-1.00)
United States,Illinois,151.014326218,0.0,0.0026138279460119,1.961874634845128,1.0621451796821146,Low (<10%),Low (<5%),Low - Medium (0.25-0.50),Low - Medium (0.33-0.66)
United States,Missouri,883.753667578,0.0,0.0026138279460119,1.961874634845128,1.0621451796821146,Low (<10%),Low (<5%),Low - Medium (0.25-0.50),Low - Medium (0.33-0.66)
United States,Missouri,0.93839302383,0.0,0.0026138279460119,1.961874634845128,1.0621451796821146,Low (<10%),Low (<5%),Low - Medium (0.25-0.50),Low - Medium (0.33-0.66)
United States,Illinois,6136.88480279,2.728208040549499,1.1833375157487522,2.0664354782856726,1.0330871288686825,Medium - High (20-40%),Low - Medium (5-25%),Medium - High (0.50-0.75),Low - Medium (0.33-0.66)
United States,Illinois,1044.88254102,0.0,0.0041930147715051,1.969077939074773,1.0643005843170616,Low (<10%),Low (<5%),Low - Medium (0.25-0.50),Low - Medium (0.33-0.66)
United States,Missouri,1519.59842648,0.0,0.0041930147715051,1.969077939074773,1.0643005843170616,Low (<10%),Low (<5%),Low - Medium (0.25-0.50),Low - Medium (0.33-0.66)
United States,Missouri,2.14028192477,0.0,0.0041930147715051,1.969077939074773,1.0643005843170616,Low (<10%),Low (<5%),Low - Medium (0.25-0.50),Low - Medium (0.33-0.66)
United States,Illinois,14144.4417744,2.471237833887224,1.1067469928693,1.869863827223266,0.933397407022336,Medium - High (20-40%),Low - Medium (5-25%),Low - Medium (0.25-0.50),Low (<0.33)
United States,Illinois,884.977854379,2.471237833887224,1.1067469928693,1.869863827223266,0.933397407022336,Medium - High (20-40%),Low - Medium (5-25%),Low - Medium (0.25-0.50),Low (<0.33)
United States,Illinois,179.383302122,0.0,0.0078387872771033,2.678744647363,1.102729315428398,Low (<10%),Low (<5%),Medium - High (0.50-0.75),Low - Medium (0.33-0.66)
United States,Illinois,498.101723765,0.0,0.0078387872771033,2.678744647363,1.102729315428398,Low (<10%),Low (<5%),Medium - High (0.50-0.75),Low - Medium (0.33-0.66)
United States,Missouri,346.505284496,0.0,0.0078387872771033,2.678744647363,1.102729315428398,Low (<10%),Low (<5%),Medium - High (0.50-0.75),Low - Medium (0.33-0.66)
United States,Missouri,1160.81679858,0.0,0.0078387872771033,2.678744647363,1.102729315428398,Low (<10%),Low (<5%),Medium - High (0.50-0.75),Low - Medium (0.33-0.66)
United States,Illinois,0.01206238918,0.0,0.0180380064346123,3.5030062804834525,0.9972532524605175,Low (<10%),Low (<5%),High (0.75-1.00),Low (<0.33)
United States,Missouri,0.37534005817,0.0,0.0180380064346123,3.5030062804834525,0.9972532524605175,Low (<10%),Low (<5%),High (0.75-1.00),Low (<0.33)
United States,Missouri,10234.1552494,0.0,0.0180380064346123,3.5030062804834525,0.9972532524605175,Low (<10%),Low (<5%),High (0.75-1.00),Low (<0.33)
United States,Illinois,823.611015049,0.0,0.0196054672982164,1.985281116813293,1.0715374486352918,Low (<10%),Low (<5%),Low - Medium (0.25-0.50),Low - Medium (0.33-0.66)
United States,Missouri,535.063153248,0.0,0.0196054672982164,1.985281116813293,1.0715374486352918,Low (<10%),Low (<5%),Low - Medium (0.25-0.50),Low - Medium (0.33-0.66)
United States,Illinois,777.773856366,2.967244701714429,1.2432665513192802,1.722914221269941,0.7225471404756105,Medium - High (20-40%),Low - Medium (5-25%),Low - Medium (0.25-0.50),Low (<0.33)
United States,Illinois,711.167597731,2.967244701714429,1.2432665513192802,1.722914221269941,0.7225471404756105,Medium - High (20-40%),Low - Medium (5-25%),Low - Medium (0.25-0.50),Low (<0.33)
United States,Missouri,143.860302163,2.967244701714429,1.2432665513192802,1.722914221269941,0.7225471404756105,Medium - High (20-40%),Low - Medium (5-25%),Low - Medium (0.25-0.50),Low (<0.33)
United States,Illinois,11897.7420183,0.0,0.1624525260273765,2.174914497537168,1.373837627201495,Low (<10%),Low (<5%),Medium - High (0.50-0.75),Low - Medium (0.33-0.66)
United States,Illinois,214.235912036,0.0,0.1624525260273765,2.174914497537168,1.373837627201495,Low (<10%),Low (<5%),Medium - High (0.50-0.75),Low - Medium (0.33-0.66)
United States,Missouri,0.07363275367,0.0,0.1624525260273765,2.174914497537168,1.373837627201495,Low (<10%),Low (<5%),Medium - High (0.50-0.75),Low - Medium (0.33-0.66)
United States,Illinois,14245.7806581,1.0391924319080648,0.5150371465612102,2.196956571274395,1.4711002550120715,Low - Medium (10-20%),Low (<5%),Medium - High (0.50-0.75),Low - Medium (0.33-0.66)
United States,Illinois,1163.71926424,0.0,0.022817660243939,2.259997706150493,1.5079257838382645,Low (<10%),Low (<5%),Medium - High (0.50-0.75),Low - Medium (0.33-0.66)
United States,Illinois,4844.42158782,2.155937728467732,1.045455961164237,3.0771899629374007,1.3610753358346548,Medium - High (20-40%),Low - Medium (5-25%),High (0.75-1.00),Low - Medium (0.33-0.66)
United States,Illinois,14084.4001539,1.630384932145253,0.8018989708984838,2.020741224069844,1.413148527599098,Low - Medium (10-20%),Low (<5%),Medium - High (0.50-0.75),Low - Medium (0.33-0.66)
United States,Illinois,3924.72979144,4.013218083026459,1.6279099664003578,2.107445859624577,1.5694517152881808,Extremely High (>80%),Low - Medium (5-25%),Medium - High (0.50-0.75),Low - Medium (0.33-0.66)
United States,Illinois,354.759925419,4.013218083026459,1.6279099664003578,2.107445859624577,1.5694517152881808,Extremely High (>80%),Low - Medium (5-25%),Medium - High (0.50-0.75),Low - Medium (0.33-0.66)
United States,Wisconsin,1325.57965238,4.013218083026459,1.6279099664003578,2.107445859624577,1.5694517152881808,Extremely High (>80%),Low - Medium (5-25%),Medium - High (0.50-0.75),Low - Medium (0.33-0.66)
United States,Wisconsin,1095.36478031,4.013218083026459,1.6279099664003578,2.107445859624577,1.5694517152881808,Extremely High (>80%),Low - Medium (5-25%),Medium - High (0.50-0.75),Low - Medium (0.33-0.66)
United States,Illinois,6395.55045851,3.500974462273387,1.3571133265132822,2.035238223307551,1.4370401052458657,High (40-80%),Low - Medium (5-25%),Medium - High (0.50-0.75),Low - Medium (0.33-0.66)
United States,Illinois,1501.42424323,3.500974462273387,1.3571133265132822,2.035238223307551,1.4370401052458657,High (40-80%),Low - Medium (5-25%),Medium - High (0.50-0.75),Low - Medium (0.33-0.66)
United States,Wisconsin,342.591804994,3.500974462273387,1.3571133265132822,2.035238223307551,1.4370401052458657,High (40-80%),Low - Medium (5-25%),Medium - High (0.50-0.75),Low - Medium (0.33-0.66)
United States,Illinois,3341.20018028,3.183593095357081,1.387629391668456,3.075436382626732,2.180990184460634,High (40-80%),Low - Medium (5-25%),High (0.75-1.00),Medium - High (0.66-1.00)
United States,Indiana,1916.736629,3.183593095357081,1.387629391668456,3.075436382626732,2.180990184460634,High (40-80%),Low - Medium (5-25%),High (0.75-1.00),Medium - High (0.66-1.00)
United States,Indiana,480.286048605,3.183593095357081,1.387629391668456,3.075436382626732,2.180990184460634,High (40-80%),Low - Medium (5-25%),High (0.75-1.00),Medium - High (0.66-1.00)
United States,Illinois,633.452985863,3.8324194078821785,1.7952238366175723,2.733721559159576,2.202862046364621,High (40-80%),Low - Medium (5-25%),Medium - High (0.50-0.75),Medium - High (0.66-1.00)
United States,Indiana,1431.13472642,3.8324194078821785,1.7952238366175723,2.733721559159576,2.202862046364621,High (40-80%),Low - Medium (5-25%),Medium - High (0.50-0.75),Medium - High (0.66-1.00)
United States,Indiana,4079.43277518,3.8324194078821785,1.7952238366175723,2.733721559159576,2.202862046364621,High (40-80%),Low - Medium (5-25%),Medium - High (0.50-0.75),Medium - High (0.66-1.00)
United States,Michigan,13.2060666804,3.8324194078821785,1.7952238366175723,2.733721559159576,2.202862046364621,High (40-80%),Low - Medium (5-25%),Medium - High (0.50-0.75),Medium - High (0.66-1.00)
United States,Illinois,4095.96828776,0.0,0.0799007809183538,2.143959496534666,1.2870574998813322,Low (<10%),Low (<5%),Medium - High (0.50-0.75),Low - Medium (0.33-0.66)
United States,Illinois,82.234099858,0.0,0.0799007809183538,2.143959496534666,1.2870574998813322,Low (<10%),Low (<5%),Medium - High (0.50-0.75),Low - Medium (0.33-0.66)
United States,Iowa,0.00699670893,0.0,0.0799007809183538,2.143959496534666,1.2870574998813322,Low (<10%),Low (<5%),Medium - High (0.50-0.75),Low - Medium (0.33-0.66)
United States,Iowa,1081.65368649,0.0,0.0799007809183538,2.143959496534666,1.2870574998813322,Low (<10%),Low (<5%),Medium - High (0.50-0.75),Low - Medium (0.33-0.66)
United States,Missouri,9965.08572736,0.0,0.0799007809183538,2.143959496534666,1.2870574998813322,Low (<10%),Low (<5%),Medium - High (0.50-0.75),Low - Medium (0.33-0.66)
United States,Missouri,9116.29935249,0.0,0.0799007809183538,2.143959496534666,1.2870574998813322,Low (<10%),Low (<5%),Medium - High (0.50-0.75),Low - Medium (0.33-0.66)
United States,Missouri,803.225470843,0.0,0.0799007809183538,2.143959496534666,1.2870574998813322,Low (<10%),Low (<5%),Medium - High (0.50-0.75),Low - Medium (0.33-0.66)
United States,Iowa,1066.07913196,0.0,0.0381138354656628,2.469179475183164,1.4221694788945942,Low (<10%),Low (<5%),Medium - High (0.50-0.75),Low - Medium (0.33-0.66)
United States,Iowa,5198.57227271,0.0,0.0381138354656628,2.469179475183164,1.4221694788945942,Low (<10%),Low (<5%),Medium - High (0.50-0.75),Low - Medium (0.33-0.66)
United States,Iowa,868.464944832,0.0,0.0381138354656628,2.469179475183164,1.4221694788945942,Low (<10%),Low (<5%),Medium - High (0.50-0.75),Low - Medium (0.33-0.66)
United States,Missouri,171.775774698,0.0,0.0381138354656628,2.469179475183164,1.4221694788945942,Low (<10%),Low (<5%),Medium - High (0.50-0.75),Low - Medium (0.33-0.66)
United States,Missouri,32.2959766141,0.0,0.0381138354656628,2.469179475183164,1.4221694788945942,Low (<10%),Low (<5%),Medium - High (0.50-0.75),Low - Medium (0.33-0.66)
United States,Iowa,107.277209132,0.0,0.0846560592607287,3.533425898725958,1.1748042235883231,Low (<10%),Low (<5%),High (0.75-1.00),Low - Medium (0.33-0.66)
United States,Iowa,1424.27925765,0.0,0.0846560592607287,3.533425898725958,1.1748042235883231,Low (<10%),Low (<5%),High (0.75-1.00),Low - Medium (0.33-0.66)
United States,Iowa,187.257056446,0.6121638965881055,0.3226386403987779,3.5252622881990354,1.184211570350668,Low (<10%),Low (<5%),High (0.75-1.00),Low - Medium (0.33-0.66)
United States,Iowa,2833.89109976,0.6121638965881055,0.3226386403987779,3.5252622881990354,1.184211570350668,Low (<10%),Low (<5%),High (0.75-1.00),Low - Medium (0.33-0.66)
United States,Iowa,5238.18251468,1.544110124654721,0.6443025761171995,3.5031351494787213,1.2339954910947637,Low - Medium (10-20%),Low (<5%),High (0.75-1.00),Low - Medium (0.33-0.66)
United States,Iowa,973.033494658,1.544110124654721,0.6443025761171995,3.5031351494787213,1.2339954910947637,Low - Medium (10-20%),Low (<5%),High (0.75-1.00),Low - Medium (0.33-0.66)
United States,Iowa,3127.33649085,1.544110124654721,0.6443025761171995,3.5031351494787213,1.2339954910947637,Low - Medium (10-20%),Low (<5%),High (0.75-1.00),Low - Medium (0.33-0.66)
United States,Iowa,0.12033355099,1.544110124654721,0.6443025761171995,3.5031351494787213,1.2339954910947637,Low - Medium (10-20%),Low (<5%),High (0.75-1.00),Low - Medium (0.33-0.66)
United States,Iowa,855.625495357,1.3178806809701706,0.520714706689684,3.461187986049348,1.2533952440103162,Low - Medium (10-20%),Low (<5%),High (0.75-1.00),Low - Medium (0.33-0.66)
United States,Iowa,1398.69385848,1.3178806809701706,0.520714706689684,3.461187986049348,1.2533952440103162,Low - Medium (10-20%),Low (<5%),High (0.75-1.00),Low - Medium (0.33-0.66)
United States,Iowa,1822.6819518,2.473881373779161,1.057118527756586,3.8177788642960233,1.6766195662384054,Medium - High (20-40%),Low - Medium (5-25%),High (0.75-1.00),Low - Medium (0.33-0.66)
United States,Iowa,378.496977554,2.473881373779161,1.057118527756586,3.8177788642960233,1.6766195662384054,Medium - High (20-40%),Low - Medium (5-25%),High (0.75-1.00),Low - Medium (0.33-0.66)
United States,Iowa,131.637566171,2.473881373779161,1.057118527756586,3.8177788642960233,1.6766195662384054,Medium - High (20-40%),Low - Medium (5-25%),High (0.75-1.00),Low - Medium (0.33-0.66)
United States,Iowa,152.198120495,0.8747365716259523,0.4023137890783691,3.610203514915813,1.3060457891600628,Low (<10%),Low (<5%),High (0.75-1.00),Low - Medium (0.33-0.66)
United States,Iowa,1472.80746818,0.8747365716259523,0.4023137890783691,3.610203514915813,1.3060457891600628,Low (<10%),Low (<5%),High (0.75-1.00),Low - Medium (0.33-0.66)
United States,Iowa,694.556075235,0.8747365716259523,0.4023137890783691,3.610203514915813,1.3060457891600628,Low (<10%),Low (<5%),High (0.75-1.00),Low - Medium (0.33-0.66)
United States,Iowa,617.500016301,2.05451010847942,0.9261629026447198,3.7472142532068617,1.2030297155276832,Medium - High (20-40%),Low (<5%),High (0.75-1.00),Low - Medium (0.33-0.66)
United States,Iowa,2366.95481719,2.05451010847942,0.9261629026447198,3.7472142532068617,1.2030297155276832,Medium - High (20-40%),Low (<5%),High (0.75-1.00),Low - Medium (0.33-0.66)
United States,Minnesota,498.68030384,2.05451010847942,0.9261629026447198,3.7472142532068617,1.2030297155276832,Medium - High (20-40%),Low (<5%),High (0.75-1.00),Low - Medium (0.33-0.66)
United States,Iowa,2599.33027456,2.0859753930508336,0.9769317782999782,3.572646121031521,1.1527963370411216,Medium - High (20-40%),Low (<5%),High (0.75-1.00),Low - Medium (0.33-0.66)
United States,Minnesota,1659.69609761,2.0859753930508336,0.9769317782999782,3.572646121031521,1.1527963370411216,Medium - High (20-40%),Low (<5%),High (0.75-1.00),Low - Medium (0.33-0.66)
United States,Minnesota,1907.11172177,2.0859753930508336,0.9769317782999782,3.572646121031521,1.1527963370411216,Medium - High (20-40%),Low (<5%),High (0.75-1.00),Low - Medium (0.33-0.66)
United States,Illinois,4732.76121289,0.0,0.1589072080368425,2.4113224470393875,1.473357736532246,Low (<10%),Low (<5%),Medium - High (0.50-0.75),Low - Medium (0.33-0.66)
United States,Iowa,9994.86459576,0.0,0.1589072080368425,2.4113224470393875,1.473357736532246,Low (<10%),Low (<5%),Medium - High (0.50-0.75),Low - Medium (0.33-0.66)
United States,Iowa,3020.23613542,0.0,0.1589072080368425,2.4113224470393875,1.473357736532246,Low (<10%),Low (<5%),Medium - High (0.50-0.75),Low - Medium (0.33-0.66)
United States,Iowa,0.03944112992,0.0,0.1589072080368425,2.4113224470393875,1.473357736532246,Low (<10%),Low (<5%),Medium - High (0.50-0.75),Low - Medium (0.33-0.66)
United States,Iowa,984.954139383,0.0,0.0088820761482296,2.413838324278845,1.5136824089192549,Low (<10%),Low (<5%),Medium - High (0.50-0.75),Low - Medium (0.33-0.66)
United States,Iowa,11438.1789069,2.8073841951504885,1.12898118148894,3.9091144153113735,1.572393157869996,Medium - High (20-40%),Low - Medium (5-25%),High (0.75-1.00),Low - Medium (0.33-0.66)
United States,Iowa,9102.12458601,1.7209228534373548,0.6987480597184631,3.3798983601992307,1.7447358357733913,Low - Medium (10-20%),Low (<5%),High (0.75-1.00),Low - Medium (0.33-0.66)
United States,Iowa,2569.68235856,1.7444066756393264,0.7357049827612201,3.2650309450563086,2.009284670340244,Low - Medium (10-20%),Low (<5%),High (0.75-1.00),Medium - High (0.66-1.00)
United States,Minnesota,978.437086197,1.7444066756393264,0.7357049827612201,3.2650309450563086,2.009284670340244,Low - Medium (10-20%),Low (<5%),High (0.75-1.00),Medium - High (0.66-1.00)
United States,Minnesota,842.242357843,1.7444066756393264,0.7357049827612201,3.2650309450563086,2.009284670340244,Low - Medium (10-20%),Low (<5%),High (0.75-1.00),Medium - High (0.66-1.00)
United States,Iowa,4.40032776496,,,,,No Data,No Data,No Data,No Data
United States,Iowa,2233.00591859,2.7074855385519982,1.111120494116272,4.0168913270205735,1.88982338039024,Medium - High (20-40%),Low - Medium (5-25%),Extremely High (>1.00),Low - Medium (0.33-0.66)
United States,Iowa,1415.19664421,0.0,0.2006096940151492,3.297786062430559,2.0441639820156574,Low (<10%),Low (<5%),High (0.75-1.00),Medium - High (0.66-1.00)
United States,Iowa,742.919870582,3.456348810109186,1.3530710598536828,3.3753014290731747,2.360398119360067,High (40-80%),Low - Medium (5-25%),High (0.75-1.00),Medium - High (0.66-1.00)
United States,Minnesota,628.701490869,3.456348810109186,1.3530710598536828,3.3753014290731747,2.360398119360067,High (40-80%),Low - Medium (5-25%),High (0.75-1.00),Medium - High (0.66-1.00)
United States,Iowa,1527.26863391,2.4639632305636625,1.041852369520832,3.066616291414295,1.8906683458179168,Medium - High (20-40%),Low - Medium (5-25%),High (0.75-1.00),Low - Medium (0.33-0.66)
United States,Minnesota,161.905230724,2.4639632305636625,1.041852369520832,3.066616291414295,1.8906683458179168,Medium - High (20-40%),Low - Medium (5-25%),High (0.75-1.00),Low - Medium (0.33-0.66)
United States,Illinois,478.594076185,0.0,0.0209238827821244,2.404116715815655,1.5094461736583804,Low (<10%),Low (<5%),Medium - High (0.50-0.75),Low - Medium (0.33-0.66)
United States,Iowa,601.993015961,0.0,0.0209238827821244,2.404116715815655,1.5094461736583804,Low (<10%),Low (<5%),Medium - High (0.50-0.75),Low - Medium (0.33-0.66)
United States,Illinois,13894.5069646,3.680821112347451,1.5179994511659092,2.6785020892804083,2.139503512378797,High (40-80%),Low - Medium (5-25%),Medium - High (0.50-0.75),Medium - High (0.66-1.00)
United States,Wisconsin,12848.2701691,3.680821112347451,1.5179994511659092,2.6785020892804083,2.139503512378797,High (40-80%),Low - Medium (5-25%),Medium - High (0.50-0.75),Medium - High (0.66-1.00)
United States,Wisconsin,1522.60124482,3.680821112347451,1.5179994511659092,2.6785020892804083,2.139503512378797,High (40-80%),Low - Medium (5-25%),Medium - High (0.50-0.75),Medium - High (0.66-1.00)
United States,Wisconsin,83.161872939,3.680821112347451,1.5179994511659092,2.6785020892804083,2.139503512378797,High (40-80%),Low - Medium (5-25%),Medium - High (0.50-0.75),Medium - High (0.66-1.00)
United States,Illinois,2320.6613329,0.3079550538654757,0.2825786848675121,2.2758462614011097,1.46083514999388,Low (<10%),Low (<5%),Medium - High (0.50-0.75),Low - Medium (0.33-0.66)
United States,Illinois,571.190727306,0.3079550538654757,0.2825786848675121,2.2758462614011097,1.46083514999388,Low (<10%),Low (<5%),Medium - High (0.50-0.75),Low - Medium (0.33-0.66)
United States,Iowa,11511.6677866,0.3079550538654757,0.2825786848675121,2.2758462614011097,1.46083514999388,Low (<10%),Low (<5%),Medium - High (0.50-0.75),Low - Medium (0.33-0.66)
United States,Iowa,6792.73975344,0.3079550538654757,0.2825786848675121,2.2758462614011097,1.46083514999388,Low (<10%),Low (<5%),Medium - High (0.50-0.75),Low - Medium (0.33-0.66)
United States,Minnesota,3.32278888088,0.3079550538654757,0.2825786848675121,2.2758462614011097,1.46083514999388,Low (<10%),Low (<5%),Medium - High (0.50-0.75),Low - Medium (0.33-0.66)
United States,Minnesota,27.3670061178,0.3079550538654757,0.2825786848675121,2.2758462614011097,1.46083514999388,Low (<10%),Low (<5%),Medium - High (0.50-0.75),Low - Medium (0.33-0.66)
United States,Wisconsin,4.94046880668,0.3079550538654757,0.2825786848675121,2.2758462614011097,1.46083514999388,Low (<10%),Low (<5%),Medium - High (0.50-0.75),Low - Medium (0.33-0.66)
United States,Wisconsin,2634.98285652,0.3079550538654757,0.2825786848675121,2.2758462614011097,1.46083514999388,Low (<10%),Low (<5%),Medium - High (0.50-0.75),Low - Medium (0.33-0.66)
United States,Michigan,102.587643606,3.3490146261566336,1.3654130258089685,2.023500843597609,1.1255918799756148,High (40-80%),Low - Medium (5-25%),Medium - High (0.50-0.75),Low - Medium (0.33-0.66)
United States,Wisconsin,9948.99248979,3.3490146261566336,1.3654130258089685,2.023500843597609,1.1255918799756148,High (40-80%),Low - Medium (5-25%),Medium - High (0.50-0.75),Low - Medium (0.33-0.66)
United States,Wisconsin,7402.12391549,3.3490146261566336,1.3654130258089685,2.023500843597609,1.1255918799756148,High (40-80%),Low - Medium (5-25%),Medium - High (0.50-0.75),Low - Medium (0.33-0.66)
United States,Wisconsin,13765.3256656,3.3490146261566336,1.3654130258089685,2.023500843597609,1.1255918799756148,High (40-80%),Low - Medium (5-25%),Medium - High (0.50-0.75),Low - Medium (0.33-0.66)
United States,Iowa,3511.84882938,0.9976903982245244,0.4575507515673643,2.267344151958261,1.2359299345401986,Low (<10%),Low (<5%),Medium - High (0.50-0.75),Low - Medium (0.33-0.66)
United States,Minnesota,10946.2265576,0.9976903982245244,0.4575507515673643,2.267344151958261,1.2359299345401986,Low (<10%),Low (<5%),Medium - High (0.50-0.75),Low - Medium (0.33-0.66)
United States,Wisconsin,4052.66941363,0.9976903982245244,0.4575507515673643,2.267344151958261,1.2359299345401986,Low (<10%),Low (<5%),Medium - High (0.50-0.75),Low - Medium (0.33-0.66)
United States,Wisconsin,7857.31026343,0.9976903982245244,0.4575507515673643,2.267344151958261,1.2359299345401986,Low (<10%),Low (<5%),Medium - High (0.50-0.75),Low - Medium (0.33-0.66)
United States,Wisconsin,1296.30525249,0.9976903982245244,0.4575507515673643,2.267344151958261,1.2359299345401986,Low (<10%),Low (<5%),Medium - High (0.50-0.75),Low - Medium (0.33-0.66)
United States,Michigan,1.07807794921,2.962455990894421,1.2170188208462756,2.335421496857621,1.093570349452293,Medium - High (20-40%),Low - Medium (5-25%),Medium - High (0.50-0.75),Low - Medium (0.33-0.66)
United States,Wisconsin,10243.3770806,2.962455990894421,1.2170188208462756,2.335421496857621,1.093570349452293,Medium - High (20-40%),Low - Medium (5-25%),Medium - High (0.50-0.75),Low - Medium (0.33-0.66)
United States,Wisconsin,1609.00910695,2.962455990894421,1.2170188208462756,2.335421496857621,1.093570349452293,Medium - High (20-40%),Low - Medium (5-25%),Medium - High (0.50-0.75),Low - Medium (0.33-0.66)
United States,Wisconsin,12450.2000867,2.962455990894421,1.2170188208462756,2.335421496857621,1.093570349452293,Medium - High (20-40%),Low - Medium (5-25%),Medium - High (0.50-0.75),Low - Medium (0.33-0.66)
United States,Minnesota,5190.99927552,0.3808716947105708,0.3069700793725788,2.271920291916641,1.1883241825710271,Low (<10%),Low (<5%),Medium - High (0.50-0.75),Low - Medium (0.33-0.66)
United States,Wisconsin,1373.2090408,0.3808716947105708,0.3069700793725788,2.271920291916641,1.1883241825710271,Low (<10%),Low (<5%),Medium - High (0.50-0.75),Low - Medium (0.33-0.66)
United States,Minnesota,2849.43646238,4.477855147479542,1.9970685418376728,3.122427961012119,1.488868260913783,Extremely High (>80%),Low - Medium (5-25%),High (0.75-1.00),Low - Medium (0.33-0.66)
United States,Minnesota,699.560347315,4.477855147479542,1.9970685418376728,3.122427961012119,1.488868260913783,Extremely High (>80%),Low - Medium (5-25%),High (0.75-1.00),Low - Medium (0.33-0.66)
United States,Minnesota,248.872591679,4.477855147479542,1.9970685418376728,3.122427961012119,1.488868260913783,Extremely High (>80%),Low - Medium (5-25%),High (0.75-1.00),Low - Medium (0.33-0.66)
United States,Minnesota,5323.29217719,4.477855147479542,1.9970685418376728,3.122427961012119,1.488868260913783,Extremely High (>80%),Low - Medium (5-25%),High (0.75-1.00),Low - Medium (0.33-0.66)
United States,Wisconsin,5175.2086616,4.477855147479542,1.9970685418376728,3.122427961012119,1.488868260913783,Extremely High (>80%),Low - Medium (5-25%),High (0.75-1.00),Low - Medium (0.33-0.66)
United States,Wisconsin,1593.46269904,4.477855147479542,1.9970685418376728,3.122427961012119,1.488868260913783,Extremely High (>80%),Low - Medium (5-25%),High (0.75-1.00),Low - Medium (0.33-0.66)
United States,Wisconsin,4113.00241618,4.477855147479542,1.9970685418376728,3.122427961012119,1.488868260913783,Extremely High (>80%),Low - Medium (5-25%),High (0.75-1.00),Low - Medium (0.33-0.66)
United States,Minnesota,641.288617995,0.0,0.144758163599252,2.326607171426363,1.2153370315253529,Low (<10%),Low (<5%),Medium - High (0.50-0.75),Low - Medium (0.33-0.66)
United States,Wisconsin,0.04943978185,0.0,0.144758163599252,2.326607171426363,1.2153370315253529,Low (<10%),Low (<5%),Medium - High (0.50-0.75),Low - Medium (0.33-0.66)
United States,Minnesota,5255.13455078,1.0473229796305166,0.4378922302971753,2.310588694918871,1.166258118354256,Low - Medium (10-20%),Low (<5%),Medium - High (0.50-0.75),Low - Medium (0.33-0.66)
United States,Iowa,249.86305244,3.4893353199292325,1.394439353644478,3.8252726197269937,1.8566783346921647,High (40-80%),Low - Medium (5-25%),High (0.75-1.00),Low - Medium (0.33-0.66)
United States,Iowa,611.392173104,3.4893353199292325,1.394439353644478,3.8252726197269937,1.8566783346921647,High (40-80%),Low - Medium (5-25%),High (0.75-1.00),Low - Medium (0.33-0.66)
United States,Minnesota,761.981456463,3.4893353199292325,1.394439353644478,3.8252726197269937,1.8566783346921647,High (40-80%),Low - Medium (5-25%),High (0.75-1.00),Low - Medium (0.33-0.66)
United States,Minnesota,7638.28599603,3.4893353199292325,1.394439353644478,3.8252726197269937,1.8566783346921647,High (40-80%),Low - Medium (5-25%),High (0.75-1.00),Low - Medium (0.33-0.66)
United States,Minnesota,1563.76996122,0.0,0.0086837353534316,2.3149144068927083,1.2745214504844269,Low (<10%),Low (<5%),Medium - High (0.50-0.75),Low - Medium (0.33-0.66)
United States,Minnesota,2328.64422788,0.0,0.1036499969415101,2.133422478305583,1.0010802947781154,Low (<10%),Low (<5%),Medium - High (0.50-0.75),Low - Medium (0.33-0.66)
United States,Minnesota,819.616874052,0.0,0.1036499969415101,2.133422478305583,1.0010802947781154,Low (<10%),Low (<5%),Medium - High (0.50-0.75),Low - Medium (0.33-0.66)
United States,Minnesota,0.38904523402,0.4890310905493005,0.3422594346798169,2.0923275972267072,0.988051098458238,Low (<10%),Low (<5%),Medium - High (0.50-0.75),Low (<0.33)
United States,Minnesota,6907.96119607,0.4890310905493005,0.3422594346798169,2.0923275972267072,0.988051098458238,Low (<10%),Low (<5%),Medium - High (0.50-0.75),Low (<0.33)
United States,Minnesota,2123.40299755,0.4890310905493005,0.3422594346798169,2.0923275972267072,0.988051098458238,Low (<10%),Low (<5%),Medium - High (0.50-0.75),Low (<0.33)
United States,South Dakota,0.01797564642,0.4890310905493005,0.3422594346798169,2.0923275972267072,0.988051098458238,Low (<10%),Low (<5%),Medium - High (0.50-0.75),Low (<0.33)
United States,Minnesota,769.930287887,0.8198880927794219,0.7002817349798075,1.814388513129774,0.8265593261444342,Low (<10%),Low (<5%),Low - Medium (0.25-0.50),Low (<0.33)
United States,Minnesota,2595.33417046,0.8198880927794219,0.7002817349798075,1.814388513129774,0.8265593261444342,Low (<10%),Low (<5%),Low - Medium (0.25-0.50),Low (<0.33)
United States,Minnesota,2003.94246513,0.8198880927794219,0.7002817349798075,1.814388513129774,0.8265593261444342,Low (<10%),Low (<5%),Low - Medium (0.25-0.50),Low (<0.33)
United States,Minnesota,123.434663308,0.0,0.009418264111602,1.7901443270966846,0.767605375036368,Low (<10%),Low (<5%),Low - Medium (0.25-0.50),Low (<0.33)
United States,Minnesota,577.707332919,0.675276004597684,0.488551067548118,2.275657069515268,1.2934121958028773,Low (<10%),Low (<5%),Medium - High (0.50-0.75),Low - Medium (0.33-0.66)
United States,Minnesota,1131.27138811,0.675276004597684,0.488551067548118,2.275657069515268,1.2934121958028773,Low (<10%),Low (<5%),Medium - High (0.50-0.75),Low - Medium (0.33-0.66)
United States,South Dakota,777.885444156,0.675276004597684,0.488551067548118,2.275657069515268,1.2934121958028773,Low (<10%),Low (<5%),Medium - High (0.50-0.75),Low - Medium (0.33-0.66)
United States,Minnesota,1586.74533834,0.7146337495290129,0.5188943026865471,1.7142991257051905,0.9137813051846402,Low (<10%),Low (<5%),Low - Medium (0.25-0.50),Low (<0.33)
United States,Minnesota,2611.52841009,0.7146337495290129,0.5188943026865471,1.7142991257051905,0.9137813051846402,Low (<10%),Low (<5%),Low - Medium (0.25-0.50),Low (<0.33)
United States,North Dakota,11.7161260601,0.7146337495290129,0.5188943026865471,1.7142991257051905,0.9137813051846402,Low (<10%),Low (<5%),Low - Medium (0.25-0.50),Low (<0.33)
United States,South Dakota,3457.50158591,0.7146337495290129,0.5188943026865471,1.7142991257051905,0.9137813051846402,Low (<10%),Low (<5%),Low - Medium (0.25-0.50),Low (<0.33)
United States,Minnesota,874.895051576,3.459892862170365,1.306117817094913,2.6295094232119127,1.185793237157155,High (40-80%),Low - Medium (5-25%),Medium - High (0.50-0.75),Low - Medium (0.33-0.66)
United States,Minnesota,1142.2689689,3.459892862170365,1.306117817094913,2.6295094232119127,1.185793237157155,High (40-80%),Low - Medium (5-25%),Medium - High (0.50-0.75),Low - Medium (0.33-0.66)
United States,Minnesota,1905.76277719,2.067858233821753,0.924156256551143,2.8294272633150257,1.2933496194689986,Medium - High (20-40%),Low (<5%),Medium - High (0.50-0.75),Low - Medium (0.33-0.66)
United States,Minnesota,1565.90360449,2.067858233821753,0.924156256551143,2.8294272633150257,1.2933496194689986,Medium - High (20-40%),Low (<5%),Medium - High (0.50-0.75),Low - Medium (0.33-0.66)
United States,Minnesota,462.105620352,2.067858233821753,0.924156256551143,2.8294272633150257,1.2933496194689986,Medium - High (20-40%),Low (<5%),Medium - High (0.50-0.75),Low - Medium (0.33-0.66)
United States,Minnesota,91.9874876132,0.0,0.1071479406219727,2.848060059474763,1.2721730361572936,Low (<10%),Low (<5%),Medium - High (0.50-0.75),Low - Medium (0.33-0.66)
United States,Minnesota,3110.31493339,2.9190612038549064,1.1873903584867211,2.5431422699498585,1.1364222404664386,Medium - High (20-40%),Low - Medium (5-25%),Medium - High (0.50-0.75),Low - Medium (0.33-0.66)
United States,Minnesota,4035.09209691,2.9190612038549064,1.1873903584867211,2.5431422699498585,1.1364222404664386,Medium - High (20-40%),Low - Medium (5-25%),Medium - High (0.50-0.75),Low - Medium (0.33-0.66)
United States,Minnesota,4220.84001521,4.386421123789482,2.072140372416715,2.609090110994061,0.9311898809673432,Extremely High (>80%),Medium - High (25-50%),Medium - High (0.50-0.75),Low (<0.33)
United States,Minnesota,6010.15638124,4.386421123789482,2.072140372416715,2.609090110994061,0.9311898809673432,Extremely High (>80%),Medium - High (25-50%),Medium - High (0.50-0.75),Low (<0.33)
United States,Minnesota,1.50856946597,4.386421123789482,2.072140372416715,2.609090110994061,0.9311898809673432,Extremely High (>80%),Medium - High (25-50%),Medium - High (0.50-0.75),Low (<0.33)
United States,Minnesota,9403.38015382,4.030584002042327,1.870876452730794,3.2907900393163323,1.0535933759411285,Extremely High (>80%),Low - Medium (5-25%),High (0.75-1.00),Low - Medium (0.33-0.66)
United States,Minnesota,285.402912924,4.030584002042327,1.870876452730794,3.2907900393163323,1.0535933759411285,Extremely High (>80%),Low - Medium (5-25%),High (0.75-1.00),Low - Medium (0.33-0.66)
United States,Minnesota,2057.73186236,4.014681017299672,1.6970342184032627,2.9171318503808163,0.9475442124850602,Extremely High (>80%),Low - Medium (5-25%),Medium - High (0.50-0.75),Low (<0.33)
United States,Minnesota,8999.79526822,4.014681017299672,1.6970342184032627,2.9171318503808163,0.9475442124850602,Extremely High (>80%),Low - Medium (5-25%),Medium - High (0.50-0.75),Low (<0.33)
United States,Minnesota,1083.75484104,3.706684285273227,1.5819663053914448,3.322485840490602,1.1534648164292598,High (40-80%),Low - Medium (5-25%),High (0.75-1.00),Low - Medium (0.33-0.66)
United States,Minnesota,2255.57949397,3.706684285273227,1.5819663053914448,3.322485840490602,1.1534648164292598,High (40-80%),Low - Medium (5-25%),High (0.75-1.00),Low - Medium (0.33-0.66)
United States,Minnesota,898.780733828,4.151613902489736,1.762067367131709,3.244089810941845,0.6225999692120691,Extremely High (>80%),Low - Medium (5-25%),High (0.75-1.00),Low (<0.33)
United States,Minnesota,3123.39198426,4.151613902489736,1.762067367131709,3.244089810941845,0.6225999692120691,Extremely High (>80%),Low - Medium (5-25%),High (0.75-1.00),Low (<0.33)
United States,Missouri,1338.87940232,0.0,0.0161037054338125,1.9879364051311428,1.0770267128056443,Low (<10%),Low (<5%),Low - Medium (0.25-0.50),Low - Medium (0.33-0.66)
United States,Missouri,361.374378454,0.0,0.0161037054338125,1.9879364051311428,1.0770267128056443,Low (<10%),Low (<5%),Low - Medium (0.25-0.50),Low - Medium (0.33-0.66)
United States,Missouri,2497.01308078,0.0,0.0161037054338125,1.9879364051311428,1.0770267128056443,Low (<10%),Low (<5%),Low - Medium (0.25-0.50),Low - Medium (0.33-0.66)
United States,Missouri,6329.57972585,2.965443067034517,1.2192222450104584,4.75309923561095,1.7715344188995323,Medium - High (20-40%),Low - Medium (5-25%),Extremely High (>1.00),Low - Medium (0.33-0.66)
United States,Missouri,3014.28060596,2.965443067034517,1.2192222450104584,4.75309923561095,1.7715344188995323,Medium - High (20-40%),Low - Medium (5-25%),Extremely High (>1.00),Low - Medium (0.33-0.66)
United States,Missouri,1540.29149894,0.0,0.0068940278555249,2.011957424778892,0.9546522678821469,Low (<10%),Low (<5%),Medium - High (0.50-0.75),Low (<0.33)
United States,Missouri,380.461894404,0.0,0.0068940278555249,2.011957424778892,0.9546522678821469,Low (<10%),Low (<5%),Medium - High (0.50-0.75),Low (<0.33)
United States,Missouri,0.01331723865,0.0,0.0068940278555249,2.011957424778892,0.9546522678821469,Low (<10%),Low (<5%),Medium - High (0.50-0.75),Low (<0.33)
United States,Kansas,10899.2286649,1.5095314886561633,0.7104988846341957,2.462014912029544,0.771670662848071,Low - Medium (10-20%),Low (<5%),Medium - High (0.50-0.75),Low (<0.33)
United States,Kansas,277.487177762,1.5095314886561633,0.7104988846341957,2.462014912029544,0.771670662848071,Low - Medium (10-20%),Low (<5%),Medium - High (0.50-0.75),Low (<0.33)
United States,Missouri,17387.7719841,1.5095314886561633,0.7104988846341957,2.462014912029544,0.771670662848071,Low - Medium (10-20%),Low (<5%),Medium - High (0.50-0.75),Low (<0.33)
United States,Missouri,9942.85921663,1.5095314886561633,0.7104988846341957,2.462014912029544,0.771670662848071,Low - Medium (10-20%),Low (<5%),Medium - High (0.50-0.75),Low (<0.33)
United States,Missouri,543.346437239,1.5095314886561633,0.7104988846341957,2.462014912029544,0.771670662848071,Low - Medium (10-20%),Low (<5%),Medium - High (0.50-0.75),Low (<0.33)
United States,Missouri,5300.96607355,0.0,0.031548206782448,2.010905461385794,0.9611785985501242,Low (<10%),Low (<5%),Medium - High (0.50-0.75),Low (<0.33)
United States,Missouri,1061.62758644,0.0,0.031548206782448,2.010905461385794,0.9611785985501242,Low (<10%),Low (<5%),Medium - High (0.50-0.75),Low (<0.33)
United States,Missouri,4151.763987,0.0,0.0276473505041643,2.065575895050381,1.0382315938213271,Low (<10%),Low (<5%),Medium - High (0.50-0.75),Low - Medium (0.33-0.66)
United States,Missouri,2701.78526245,0.0,0.0276473505041643,2.065575895050381,1.0382315938213271,Low (<10%),Low (<5%),Medium - High (0.50-0.75),Low - Medium (0.33-0.66)
United States,Iowa,1416.04719919,0.0,0.0152567389008733,2.076674271961731,1.0484563343305535,Low (<10%),Low (<5%),Medium - High (0.50-0.75),Low - Medium (0.33-0.66)
United States,Iowa,939.493701514,0.0,0.0152567389008733,2.076674271961731,1.0484563343305535,Low (<10%),Low (<5%),Medium - High (0.50-0.75),Low - Medium (0.33-0.66)
United States,Missouri,921.982222033,0.0,0.0152567389008733,2.076674271961731,1.0484563343305535,Low (<10%),Low (<5%),Medium - High (0.50-0.75),Low - Medium (0.33-0.66)
United States,Missouri,5599.49743477,0.0,0.0152567389008733,2.076674271961731,1.0484563343305535,Low (<10%),Low (<5%),Medium - High (0.50-0.75),Low - Medium (0.33-0.66)
United States,Iowa,77.1690630411,0.9812166955913388,0.5579245647272328,3.9514531634446257,0.978536916994198,Low (<10%),Low (<5%),High (0.75-1.00),Low (<0.33)
United States,Iowa,4445.09946423,0.9812166955913388,0.5579245647272328,3.9514531634446257,0.978536916994198,Low (<10%),Low (<5%),High (0.75-1.00),Low (<0.33)
United States,Missouri,1.036220281,0.9812166955913388,0.5579245647272328,3.9514531634446257,0.978536916994198,Low (<10%),Low (<5%),High (0.75-1.00),Low (<0.33)
United States,Missouri,3621.35837651,0.9812166955913388,0.5579245647272328,3.9514531634446257,0.978536916994198,Low (<10%),Low (<5%),High (0.75-1.00),Low (<0.33)
United States,Missouri,12335.8891672,0.9812166955913388,0.5579245647272328,3.9514531634446257,0.978536916994198,Low (<10%),Low (<5%),High (0.75-1.00),Low (<0.33)
United States,Kansas,407.580170048,0.0,0.0809868966818541,2.102935385714058,1.084775749361738,Low (<10%),Low (<5%),Medium - High (0.50-0.75),Low - Medium (0.33-0.66)
United States,Missouri,256.927349063,0.0,0.0809868966818541,2.102935385714058,1.084775749361738,Low (<10%),Low (<5%),Medium - High (0.50-0.75),Low - Medium (0.33-0.66)
United States,Missouri,3032.76312173,0.0,0.0809868966818541,2.102935385714058,1.084775749361738,Low (<10%),Low (<5%),Medium - High (0.50-0.75),Low - Medium (0.33-0.66)
United States,Missouri,2897.05859443,0.0,0.0809868966818541,2.102935385714058,1.084775749361738,Low (<10%),Low (<5%),Medium - High (0.50-0.75),Low - Medium (0.33-0.66)
United States,Kansas,6600.28788901,1.2376669745220932,0.5625553316077303,2.666321322262297,1.1368924113855787,Low - Medium (10-20%),Low (<5%),Medium - High (0.50-0.75),Low - Medium (0.33-0.66)
United States,Kansas,6342.32735403,1.2376669745220932,0.5625553316077303,2.666321322262297,1.1368924113855787,Low - Medium (10-20%),Low (<5%),Medium - High (0.50-0.75),Low - Medium (0.33-0.66)
United States,Missouri,21.1394904609,1.2376669745220932,0.5625553316077303,2.666321322262297,1.1368924113855787,Low - Medium (10-20%),Low (<5%),Medium - High (0.50-0.75),Low - Medium (0.33-0.66)
United States,Kansas,6329.79188246,5.0,5.0,2.5220285252994663,2.1051764540016835,Extremely High (>80%),Extremely High (>75%),Medium - High (0.50-0.75),Medium - High (0.66-1.00)
United States,Nebraska,955.102253593,5.0,5.0,2.5220285252994663,2.1051764540016835,Extremely High (>80%),Extremely High (>75%),Medium - High (0.50-0.75),Medium - High (0.66-1.00)
United States,Nebraska,12964.7149737,5.0,5.0,2.5220285252994663,2.1051764540016835,Extremely High (>80%),Extremely High (>75%),Medium - High (0.50-0.75),Medium - High (0.66-1.00)
United States,Nebraska,4652.41974237,5.0,5.0,2.5220285252994663,2.1051764540016835,Extremely High (>80%),Extremely High (>75%),Medium - High (0.50-0.75),Medium - High (0.66-1.00)
United States,Kansas,1404.83714313,0.0,0.143791841138755,3.3772909868709142,1.130597232738224,Low (<10%),Low (<5%),High (0.75-1.00),Low - Medium (0.33-0.66)
United States,Kansas,1.55531703991,5.0,5.0,3.698773312847105,1.2459485102398054,Extremely High (>80%),Extremely High (>75%),High (0.75-1.00),Low - Medium (0.33-0.66)
United States,Kansas,16046.8893177,5.0,5.0,3.698773312847105,1.2459485102398054,Extremely High (>80%),Extremely High (>75%),High (0.75-1.00),Low - Medium (0.33-0.66)
United States,Kansas,32500.2043346,5.0,5.0,3.698773312847105,1.2459485102398054,Extremely High (>80%),Extremely High (>75%),High (0.75-1.00),Low - Medium (0.33-0.66)
United States,Kansas,534.122216914,5.0,5.0,3.698773312847105,1.2459485102398054,Extremely High (>80%),Extremely High (>75%),High (0.75-1.00),Low - Medium (0.33-0.66)
United States,Nebraska,0.15593847071,5.0,5.0,3.698773312847105,1.2459485102398054,Extremely High (>80%),Extremely High (>75%),High (0.75-1.00),Low - Medium (0.33-0.66)
United States,Colorado,2509.82652416,5.0,5.0,3.698773312847105,1.2459485102398054,Extremely High (>80%),Extremely High (>75%),High (0.75-1.00),Low - Medium (0.33-0.66)
United States,Kansas,167.540135452,3.9240076094435374,3.0431777182371214,3.095587893095679,1.2833127195170178,High (40-80%),High (50-75%),High (0.75-1.00),Low - Medium (0.33-0.66)
United States,Kansas,2482.79548848,3.9240076094435374,3.0431777182371214,3.095587893095679,1.2833127195170178,High (40-80%),High (50-75%),High (0.75-1.00),Low - Medium (0.33-0.66)
United States,Kansas,6982.87497473,3.9240076094435374,3.0431777182371214,3.095587893095679,1.2833127195170178,High (40-80%),High (50-75%),High (0.75-1.00),Low - Medium (0.33-0.66)
United States,Nebraska,3695.61263454,3.9240076094435374,3.0431777182371214,3.095587893095679,1.2833127195170178,High (40-80%),High (50-75%),High (0.75-1.00),Low - Medium (0.33-0.66)
United States,Nebraska,11.2545846269,3.9240076094435374,3.0431777182371214,3.095587893095679,1.2833127195170178,High (40-80%),High (50-75%),High (0.75-1.00),Low - Medium (0.33-0.66)
United States,Nebraska,834.635736496,3.9240076094435374,3.0431777182371214,3.095587893095679,1.2833127195170178,High (40-80%),High (50-75%),High (0.75-1.00),Low - Medium (0.33-0.66)
United States,Kansas,7485.91958655,5.0,5.0,2.9079709541425487,2.459826918988824,Extremely High (>80%),Extremely High (>75%),Medium - High (0.50-0.75),Medium - High (0.66-1.00)
United States,Nebraska,250.36821548,5.0,5.0,2.9079709541425487,2.459826918988824,Extremely High (>80%),Extremely High (>75%),Medium - High (0.50-0.75),Medium - High (0.66-1.00)
United States,Nebraska,1392.58213621,5.0,5.0,2.9079709541425487,2.459826918988824,Extremely High (>80%),Extremely High (>75%),Medium - High (0.50-0.75),Medium - High (0.66-1.00)
United States,Colorado,780.628332527,5.0,5.0,2.9079709541425487,2.459826918988824,Extremely High (>80%),Extremely High (>75%),Medium - High (0.50-0.75),Medium - High (0.66-1.00)
United States,Kansas,416.238878017,5.0,5.0,2.62375761324697,1.2248916417203433,Extremely High (>80%),Extremely High (>75%),Medium - High (0.50-0.75),Low - Medium (0.33-0.66)
United States,Nebraska,2859.15275571,5.0,5.0,2.62375761324697,1.2248916417203433,Extremely High (>80%),Extremely High (>75%),Medium - High (0.50-0.75),Low - Medium (0.33-0.66)
United States,Nebraska,7719.91377863,5.0,5.0,2.62375761324697,1.2248916417203433,Extremely High (>80%),Extremely High (>75%),Medium - High (0.50-0.75),Low - Medium (0.33-0.66)
United States,Nebraska,2898.82039571,5.0,5.0,2.477691322558308,1.1376013231877011,Extremely High (>80%),Extremely High (>75%),Medium - High (0.50-0.75),Low - Medium (0.33-0.66)
United States,Nebraska,1751.44410506,5.0,5.0,2.477691322558308,1.1376013231877011,Extremely High (>80%),Extremely High (>75%),Medium - High (0.50-0.75),Low - Medium (0.33-0.66)
United States,Colorado,2894.37978369,5.0,5.0,2.477691322558308,1.1376013231877011,Extremely High (>80%),Extremely High (>75%),Medium - High (0.50-0.75),Low - Medium (0.33-0.66)
United States,Kansas,2078.46211297,5.0,5.0,2.611472879603076,1.064866844470264,Extremely High (>80%),Extremely High (>75%),Medium - High (0.50-0.75),Low - Medium (0.33-0.66)
United States,Kansas,26.6172926741,5.0,5.0,2.611472879603076,1.064866844470264,Extremely High (>80%),Extremely High (>75%),Medium - High (0.50-0.75),Low - Medium (0.33-0.66)
United States,Nebraska,2131.98319652,5.0,5.0,2.611472879603076,1.064866844470264,Extremely High (>80%),Extremely High (>75%),Medium - High (0.50-0.75),Low - Medium (0.33-0.66)
United States,Nebraska,1243.2676365,5.0,5.0,2.611472879603076,1.064866844470264,Extremely High (>80%),Extremely High (>75%),Medium - High (0.50-0.75),Low - Medium (0.33-0.66)
United States,Colorado,12643.7350154,5.0,5.0,2.611472879603076,1.064866844470264,Extremely High (>80%),Extremely High (>75%),Medium - High (0.50-0.75),Low - Medium (0.33-0.66)
United States,Colorado,3774.41722528,5.0,5.0,2.611472879603076,1.064866844470264,Extremely High (>80%),Extremely High (>75%),Medium - High (0.50-0.75),Low - Medium (0.33-0.66)
United States,Kansas,169.085850932,0.0,0.0111231948383168,2.0639077870866145,1.1079389790125462,Low (<10%),Low (<5%),Medium - High (0.50-0.75),Low - Medium (0.33-0.66)
United States,Missouri,234.248446222,0.0,0.0111231948383168,2.0639077870866145,1.1079389790125462,Low (<10%),Low (<5%),Medium - High (0.50-0.75),Low - Medium (0.33-0.66)
United States,Iowa,520.496661836,0.0,0.0328192259585956,2.03195331069934,1.106789522957122,Low (<10%),Low (<5%),Medium - High (0.50-0.75),Low - Medium (0.33-0.66)
United States,Iowa,1503.31753052,0.0,0.0328192259585956,2.03195331069934,1.106789522957122,Low (<10%),Low (<5%),Medium - High (0.50-0.75),Low - Medium (0.33-0.66)
United States,Missouri,2534.73538506,0.0,0.0328192259585956,2.03195331069934,1.106789522957122,Low (<10%),Low (<5%),Medium - High (0.50-0.75),Low - Medium (0.33-0.66)
United States,Missouri,1744.1961836,0.0,0.0328192259585956,2.03195331069934,1.106789522957122,Low (<10%),Low (<5%),Medium - High (0.50-0.75),Low - Medium (0.33-0.66)
United States,Kansas,1148.77322527,0.0,0.0217527906093592,2.015915487900865,1.1082802013203772,Low (<10%),Low (<5%),Medium - High (0.50-0.75),Low - Medium (0.33-0.66)
United States,Missouri,1135.61688938,0.0,0.0217527906093592,2.015915487900865,1.1082802013203772,Low (<10%),Low (<5%),Medium - High (0.50-0.75),Low - Medium (0.33-0.66)
United States,Iowa,321.338635253,1.9767843167816523,1.0144348345505323,5.0,1.1899541473623736,Low - Medium (10-20%),Low - Medium (5-25%),Extremely High (>1.00),Low - Medium (0.33-0.66)
United States,Iowa,1095.7911087,1.9767843167816523,1.0144348345505323,5.0,1.1899541473623736,Low - Medium (10-20%),Low - Medium (5-25%),Extremely High (>1.00),Low - Medium (0.33-0.66)
United States,Iowa,1778.49729126,1.9767843167816523,1.0144348345505323,5.0,1.1899541473623736,Low - Medium (10-20%),Low - Medium (5-25%),Extremely High (>1.00),Low - Medium (0.33-0.66)
United States,Missouri,1476.0402959,1.9767843167816523,1.0144348345505323,5.0,1.1899541473623736,Low - Medium (10-20%),Low - Medium (5-25%),Extremely High (>1.00),Low - Medium (0.33-0.66)
United States,Kansas,702.525679661,0.0,0.0156985820907904,1.9937714951017045,1.1104890958094673,Low (<10%),Low (<5%),Low - Medium (0.25-0.50),Low - Medium (0.33-0.66)
United States,Kansas,253.183990594,0.0,0.0156985820907904,1.9937714951017045,1.1104890958094673,Low (<10%),Low (<5%),Low - Medium (0.25-0.50),Low - Medium (0.33-0.66)
United States,Missouri,978.27455752,0.0,0.0156985820907904,1.9937714951017045,1.1104890958094673,Low (<10%),Low (<5%),Low - Medium (0.25-0.50),Low - Medium (0.33-0.66)
United States,Missouri,177.731807673,0.0,0.0156985820907904,1.9937714951017045,1.1104890958094673,Low (<10%),Low (<5%),Low - Medium (0.25-0.50),Low - Medium (0.33-0.66)
United States,Nebraska,4.19784575492,0.0,0.0156985820907904,1.9937714951017045,1.1104890958094673,Low (<10%),Low (<5%),Low - Medium (0.25-0.50),Low - Medium (0.33-0.66)
United States,Nebraska,10.096297069,0.0,0.0156985820907904,1.9937714951017045,1.1104890958094673,Low (<10%),Low (<5%),Low - Medium (0.25-0.50),Low - Medium (0.33-0.66)
United States,Kansas,2.66153244567,2.343190131682983,1.2921129569303709,4.195448988526547,1.0483493083171238,Medium - High (20-40%),Low - Medium (5-25%),Extremely High (>1.00),Low - Medium (0.33-0.66)
United States,Kansas,1586.43395765,2.343190131682983,1.2921129569303709,4.195448988526547,1.0483493083171238,Medium - High (20-40%),Low - Medium (5-25%),Extremely High (>1.00),Low - Medium (0.33-0.66)
United States,Nebraska,3406.77456156,2.343190131682983,1.2921129569303709,4.195448988526547,1.0483493083171238,Medium - High (20-40%),Low - Medium (5-25%),Extremely High (>1.00),Low - Medium (0.33-0.66)
United States,Iowa,34.8985155567,0.0,0.0257452145711238,1.9602502390737595,1.116391062260579,Low (<10%),Low (<5%),Low - Medium (0.25-0.50),Low - Medium (0.33-0.66)
United States,Iowa,769.487319324,0.0,0.0257452145711238,1.9602502390737595,1.116391062260579,Low (<10%),Low (<5%),Low - Medium (0.25-0.50),Low - Medium (0.33-0.66)
United States,Iowa,30.1612717718,0.0,0.0257452145711238,1.9602502390737595,1.116391062260579,Low (<10%),Low (<5%),Low - Medium (0.25-0.50),Low - Medium (0.33-0.66)
United States,Missouri,208.572972717,0.0,0.0257452145711238,1.9602502390737595,1.116391062260579,Low (<10%),Low (<5%),Low - Medium (0.25-0.50),Low - Medium (0.33-0.66)
United States,Missouri,826.723350954,0.0,0.0257452145711238,1.9602502390737595,1.116391062260579,Low (<10%),Low (<5%),Low - Medium (0.25-0.50),Low - Medium (0.33-0.66)
United States,Nebraska,2652.12380928,0.0,0.0257452145711238,1.9602502390737595,1.116391062260579,Low (<10%),Low (<5%),Low - Medium (0.25-0.50),Low - Medium (0.33-0.66)
United States,Iowa,3005.23600992,2.534093977138141,1.1085750414879447,4.642955520046071,1.384215004764396,Medium - High (20-40%),Low - Medium (5-25%),Extremely High (>1.00),Low - Medium (0.33-0.66)
United States,Iowa,900.715331262,2.534093977138141,1.1085750414879447,4.642955520046071,1.384215004764396,Medium - High (20-40%),Low - Medium (5-25%),Extremely High (>1.00),Low - Medium (0.33-0.66)
United States,Iowa,227.619820833,2.534093977138141,1.1085750414879447,4.642955520046071,1.384215004764396,Medium - High (20-40%),Low - Medium (5-25%),Extremely High (>1.00),Low - Medium (0.33-0.66)
United States,Iowa,3353.51068393,2.534093977138141,1.1085750414879447,4.642955520046071,1.384215004764396,Medium - High (20-40%),Low - Medium (5-25%),Extremely High (>1.00),Low - Medium (0.33-0.66)
United States,Missouri,190.800326831,2.534093977138141,1.1085750414879447,4.642955520046071,1.384215004764396,Medium - High (20-40%),Low - Medium (5-25%),Extremely High (>1.00),Low - Medium (0.33-0.66)
United States,Nebraska,16.0916486682,2.534093977138141,1.1085750414879447,4.642955520046071,1.384215004764396,Medium - High (20-40%),Low - Medium (5-25%),Extremely High (>1.00),Low - Medium (0.33-0.66)
United States,Iowa,1092.48412861,0.0,0.0147819500122739,1.9458193947734443,1.1179770001345384,Low (<10%),Low (<5%),Low - Medium (0.25-0.50),Low - Medium (0.33-0.66)
United States,Missouri,36.9667757942,0.0,0.0147819500122739,1.9458193947734443,1.1179770001345384,Low (<10%),Low (<5%),Low - Medium (0.25-0.50),Low - Medium (0.33-0.66)
United States,Nebraska,1112.59908428,0.0,0.0147819500122739,1.9458193947734443,1.1179770001345384,Low (<10%),Low (<5%),Low - Medium (0.25-0.50),Low - Medium (0.33-0.66)
United States,Wyoming,9953.38966995,0.7576589776344842,0.3536637059389771,1.505670422100813,1.1216691177905105,Low (<10%),Low (<5%),Low - Medium (0.25-0.50),Low - Medium (0.33-0.66)
United States,Nebraska,3339.77523417,0.7478789874496858,0.7671247920294432,2.2562788046118185,1.8505829055990377,Low (<10%),Low (<5%),Medium - High (0.50-0.75),Low - Medium (0.33-0.66)
United States,Nebraska,1712.87439993,0.7478789874496858,0.7671247920294432,2.2562788046118185,1.8505829055990377,Low (<10%),Low (<5%),Medium - High (0.50-0.75),Low - Medium (0.33-0.66)
United States,Nebraska,1667.64968631,4.94190302347275,5.0,2.6672502027321925,1.731061273581677,Extremely High (>80%),Extremely High (>75%),Medium - High (0.50-0.75),Low - Medium (0.33-0.66)
United States,Nebraska,15641.5998974,4.94190302347275,5.0,2.6672502027321925,1.731061273581677,Extremely High (>80%),Extremely High (>75%),Medium - High (0.50-0.75),Low - Medium (0.33-0.66)
United States,Nebraska,74.9268013685,4.94190302347275,5.0,2.6672502027321925,1.731061273581677,Extremely High (>80%),Extremely High (>75%),Medium - High (0.50-0.75),Low - Medium (0.33-0.66)
United States,Nebraska,606.90564261,4.94190302347275,5.0,2.6672502027321925,1.731061273581677,Extremely High (>80%),Extremely High (>75%),Medium - High (0.50-0.75),Low - Medium (0.33-0.66)
United States,Nebraska,1198.13771857,1.2271637637587842,1.1688486216304657,2.284545421957389,1.7851115502359542,Low - Medium (10-20%),Low - Medium (5-25%),Medium - High (0.50-0.75),Low - Medium (0.33-0.66)
United States,Nebraska,1813.56515171,1.2271637637587842,1.1688486216304657,2.284545421957389,1.7851115502359542,Low - Medium (10-20%),Low - Medium (5-25%),Medium - High (0.50-0.75),Low - Medium (0.33-0.66)
United States,Nebraska,14.5956864809,1.2271637637587842,1.1688486216304657,2.284545421957389,1.7851115502359542,Low - Medium (10-20%),Low - Medium (5-25%),Medium - High (0.50-0.75),Low - Medium (0.33-0.66)
United States,Nebraska,28823.4034594,4.379776874291954,4.024507750038474,1.999786407799759,1.0619396721582433,Extremely High (>80%),Extremely High (>75%),Low - Medium (0.25-0.50),Low - Medium (0.33-0.66)
United States,Nebraska,9605.73601897,4.379776874291954,4.024507750038474,1.999786407799759,1.0619396721582433,Extremely High (>80%),Extremely High (>75%),Low - Medium (0.25-0.50),Low - Medium (0.33-0.66)
United States,Nebraska,12483.0575373,4.203403129760711,3.646644357123581,2.125751791729541,1.7827375008761013,Extremely High (>80%),High (50-75%),Medium - High (0.50-0.75),Low - Medium (0.33-0.66)
United States,Nebraska,2.30861437291,4.203403129760711,3.646644357123581,2.125751791729541,1.7827375008761013,Extremely High (>80%),High (50-75%),Medium - High (0.50-0.75),Low - Medium (0.33-0.66)
United States,Nebraska,149.941501278,5.0,5.0,1.7073582187350518,1.5271451844117403,Extremely High (>80%),Extremely High (>75%),Low - Medium (0.25-0.50),Low - Medium (0.33-0.66)
United States,Nebraska,8051.71702069,5.0,5.0,1.7073582187350518,1.5271451844117403,Extremely High (>80%),Extremely High (>75%),Low - Medium (0.25-0.50),Low - Medium (0.33-0.66)
United States,Nebraska,122.575478309,5.0,5.0,1.7073582187350518,1.5271451844117403,Extremely High (>80%),Extremely High (>75%),Low - Medium (0.25-0.50),Low - Medium (0.33-0.66)
United States,Wyoming,4673.66243405,5.0,5.0,1.7073582187350518,1.5271451844117403,Extremely High (>80%),Extremely High (>75%),Low - Medium (0.25-0.50),Low - Medium (0.33-0.66)
United States,Wyoming,560.273202909,5.0,5.0,1.7073582187350518,1.5271451844117403,Extremely High (>80%),Extremely High (>75%),Low - Medium (0.25-0.50),Low - Medium (0.33-0.66)
United States,Colorado,7944.0721038,5.0,5.0,1.7073582187350518,1.5271451844117403,Extremely High (>80%),Extremely High (>75%),Low - Medium (0.25-0.50),Low - Medium (0.33-0.66)
United States,Colorado,24619.4653747,5.0,5.0,1.7073582187350518,1.5271451844117403,Extremely High (>80%),Extremely High (>75%),Low - Medium (0.25-0.50),Low - Medium (0.33-0.66)
United States,Colorado,2841.65908814,5.0,5.0,1.7073582187350518,1.5271451844117403,Extremely High (>80%),Extremely High (>75%),Low - Medium (0.25-0.50),Low - Medium (0.33-0.66)
United States,Colorado,13849.9750653,5.0,5.0,1.7073582187350518,1.5271451844117403,Extremely High (>80%),Extremely High (>75%),Low - Medium (0.25-0.50),Low - Medium (0.33-0.66)
United States,Nebraska,717.368974312,5.0,5.0,2.251582558100418,1.4786005263844555,Extremely High (>80%),Extremely High (>75%),Medium - High (0.50-0.75),Low - Medium (0.33-0.66)
United States,Nebraska,19833.8607263,5.0,5.0,2.251582558100418,1.4786005263844555,Extremely High (>80%),Extremely High (>75%),Medium - High (0.50-0.75),Low - Medium (0.33-0.66)
United States,Wyoming,7482.60963552,5.0,5.0,2.251582558100418,1.4786005263844555,Extremely High (>80%),Extremely High (>75%),Medium - High (0.50-0.75),Low - Medium (0.33-0.66)
United States,Wyoming,147.028187451,5.0,5.0,2.251582558100418,1.4786005263844555,Extremely High (>80%),Extremely High (>75%),Medium - High (0.50-0.75),Low - Medium (0.33-0.66)
United States,Wyoming,6.73823762059,3.197951895936595,2.1604770630039765,2.759750052850824,1.0115783510161975,High (40-80%),Medium - High (25-50%),Medium - High (0.50-0.75),Low - Medium (0.33-0.66)
United States,Wyoming,4250.21548408,3.197951895936595,2.1604770630039765,2.759750052850824,1.0115783510161975,High (40-80%),Medium - High (25-50%),Medium - High (0.50-0.75),Low - Medium (0.33-0.66)
United States,Wyoming,6679.76561974,3.197951895936595,2.1604770630039765,2.759750052850824,1.0115783510161975,High (40-80%),Medium - High (25-50%),Medium - High (0.50-0.75),Low - Medium (0.33-0.66)
United States,Colorado,1027.41926748,3.197951895936595,2.1604770630039765,2.759750052850824,1.0115783510161975,High (40-80%),Medium - High (25-50%),Medium - High (0.50-0.75),Low - Medium (0.33-0.66)
United States,Wyoming,25671.1997667,3.1837945708028337,1.9416375761618088,2.1900951996332254,2.192916033848181,High (40-80%),Low - Medium (5-25%),Medium - High (0.50-0.75),Medium - High (0.66-1.00)
United States,Wyoming,4120.0729426,3.1837945708028337,1.9416375761618088,2.1900951996332254,2.192916033848181,High (40-80%),Low - Medium (5-25%),Medium - High (0.50-0.75),Medium - High (0.66-1.00)
United States,Wyoming,8765.30528732,3.1837945708028337,1.9416375761618088,2.1900951996332254,2.192916033848181,High (40-80%),Low - Medium (5-25%),Medium - High (0.50-0.75),Medium - High (0.66-1.00)
United States,Colorado,4216.39118196,3.1837945708028337,1.9416375761618088,2.1900951996332254,2.192916033848181,High (40-80%),Low - Medium (5-25%),Medium - High (0.50-0.75),Medium - High (0.66-1.00)
United States,South Dakota,1832.94312794,0.0,0.4115256994117858,1.9886154734611623,1.0002564765248647,Low (<10%),Low (<5%),Low - Medium (0.25-0.50),Low - Medium (0.33-0.66)
United States,Iowa,11463.5221858,0.1278995263148407,0.3037745432965515,1.960024162562498,0.9457542859953004,Low (<10%),Low (<5%),Low - Medium (0.25-0.50),Low (<0.33)
United States,Iowa,3142.26023206,0.1278995263148407,0.3037745432965515,1.960024162562498,0.9457542859953004,Low (<10%),Low (<5%),Low - Medium (0.25-0.50),Low (<0.33)
United States,Iowa,5366.77673561,0.1278995263148407,0.3037745432965515,1.960024162562498,0.9457542859953004,Low (<10%),Low (<5%),Low - Medium (0.25-0.50),Low (<0.33)
United States,Minnesota,429.250381295,0.1278995263148407,0.3037745432965515,1.960024162562498,0.9457542859953004,Low (<10%),Low (<5%),Low - Medium (0.25-0.50),Low (<0.33)
United States,Minnesota,289.99553814,0.1278995263148407,0.3037745432965515,1.960024162562498,0.9457542859953004,Low (<10%),Low (<5%),Low - Medium (0.25-0.50),Low (<0.33)
United States,Nebraska,2106.49430763,0.1278995263148407,0.3037745432965515,1.960024162562498,0.9457542859953004,Low (<10%),Low (<5%),Low - Medium (0.25-0.50),Low (<0.33)
United States,Nebraska,1227.41657118,0.1278995263148407,0.3037745432965515,1.960024162562498,0.9457542859953004,Low (<10%),Low (<5%),Low - Medium (0.25-0.50),Low (<0.33)
United States,South Dakota,0.45333276348,0.1278995263148407,0.3037745432965515,1.960024162562498,0.9457542859953004,Low (<10%),Low (<5%),Low - Medium (0.25-0.50),Low (<0.33)
United States,Iowa,292.714452583,3.3617732683159995,1.438911534338832,2.412136737987837,1.3543116957196553,High (40-80%),Low - Medium (5-25%),Medium - High (0.50-0.75),Low - Medium (0.33-0.66)
United States,Iowa,3260.70002908,3.3617732683159995,1.438911534338832,2.412136737987837,1.3543116957196553,High (40-80%),Low - Medium (5-25%),Medium - High (0.50-0.75),Low - Medium (0.33-0.66)
United States,Minnesota,3716.21601572,3.3617732683159995,1.438911534338832,2.412136737987837,1.3543116957196553,High (40-80%),Low - Medium (5-25%),Medium - High (0.50-0.75),Low - Medium (0.33-0.66)
United States,South Dakota,90.4106689272,3.3617732683159995,1.438911534338832,2.412136737987837,1.3543116957196553,High (40-80%),Low - Medium (5-25%),Medium - High (0.50-0.75),Low - Medium (0.33-0.66)
United States,South Dakota,13808.3057068,3.3617732683159995,1.438911534338832,2.412136737987837,1.3543116957196553,High (40-80%),Low - Medium (5-25%),Medium - High (0.50-0.75),Low - Medium (0.33-0.66)
United States,Nebraska,411.666922134,0.0,0.2095706333286195,1.993003242851896,0.9409314075108788,Low (<10%),Low (<5%),Low - Medium (0.25-0.50),Low (<0.33)
United States,Nebraska,119.554102835,0.0,0.2095706333286195,1.993003242851896,0.9409314075108788,Low (<10%),Low (<5%),Low - Medium (0.25-0.50),Low (<0.33)
United States,Nebraska,2116.19778973,0.0,0.2095706333286195,1.993003242851896,0.9409314075108788,Low (<10%),Low (<5%),Low - Medium (0.25-0.50),Low (<0.33)
United States,South Dakota,103.676838799,0.0,0.2095706333286195,1.993003242851896,0.9409314075108788,Low (<10%),Low (<5%),Low - Medium (0.25-0.50),Low (<0.33)
United States,South Dakota,7082.83871929,0.0,0.2095706333286195,1.993003242851896,0.9409314075108788,Low (<10%),Low (<5%),Low - Medium (0.25-0.50),Low (<0.33)
United States,North Dakota,353.342522889,0.0,0.1988809442952983,1.9777161853716223,0.8801939570799207,Low (<10%),Low (<5%),Low - Medium (0.25-0.50),Low (<0.33)
United States,North Dakota,16109.0718993,0.0,0.1988809442952983,1.9777161853716223,0.8801939570799207,Low (<10%),Low (<5%),Low - Medium (0.25-0.50),Low (<0.33)
United States,South Dakota,37883.4404368,0.0,0.1988809442952983,1.9777161853716223,0.8801939570799207,Low (<10%),Low (<5%),Low - Medium (0.25-0.50),Low (<0.33)
United States,Nebraska,800.867616913,0.0,0.1396699773489859,1.9955884458440445,0.8814825960033457,Low (<10%),Low (<5%),Low - Medium (0.25-0.50),Low (<0.33)
United States,Nebraska,1068.16642355,0.0,0.1396699773489859,1.9955884458440445,0.8814825960033457,Low (<10%),Low (<5%),Low - Medium (0.25-0.50),Low (<0.33)
United States,South Dakota,1168.97034701,0.0,0.1396699773489859,1.9955884458440445,0.8814825960033457,Low (<10%),Low (<5%),Low - Medium (0.25-0.50),Low (<0.33)
United States,Nebraska,10485.7990067,4.850613697105112,5.0,1.9303940243187816,1.0062708035032135,Extremely High (>80%),Extremely High (>75%),Low - Medium (0.25-0.50),Low - Medium (0.33-0.66)
United States,Nebraska,17871.8940869,4.850613697105112,5.0,1.9303940243187816,1.0062708035032135,Extremely High (>80%),Extremely High (>75%),Low - Medium (0.25-0.50),Low - Medium (0.33-0.66)
United States,Nebraska,885.475198116,4.850613697105112,5.0,1.9303940243187816,1.0062708035032135,Extremely High (>80%),Extremely High (>75%),Low - Medium (0.25-0.50),Low - Medium (0.33-0.66)
United States,South Dakota,2908.74845727,4.850613697105112,5.0,1.9303940243187816,1.0062708035032135,Extremely High (>80%),Extremely High (>75%),Low - Medium (0.25-0.50),Low - Medium (0.33-0.66)
United States,South Dakota,401.152933653,4.850613697105112,5.0,1.9303940243187816,1.0062708035032135,Extremely High (>80%),Extremely High (>75%),Low - Medium (0.25-0.50),Low - Medium (0.33-0.66)
United States,South Dakota,14.4735631889,4.850613697105112,5.0,1.9303940243187816,1.0062708035032135,Extremely High (>80%),Extremely High (>75%),Low - Medium (0.25-0.50),Low - Medium (0.33-0.66)
United States,Wyoming,1402.09724008,4.850613697105112,5.0,1.9303940243187816,1.0062708035032135,Extremely High (>80%),Extremely High (>75%),Low - Medium (0.25-0.50),Low - Medium (0.33-0.66)
United States,Nebraska,1168.42035115,0.0,0.0773967893605165,1.92033627964376,0.6858108198382014,Low (<10%),Low (<5%),Low - Medium (0.25-0.50),Low (<0.33)
United States,South Dakota,34.0731693885,0.0,0.0773967893605165,1.92033627964376,0.6858108198382014,Low (<10%),Low (<5%),Low - Medium (0.25-0.50),Low (<0.33)
United States,South Dakota,9577.04704405,0.0,0.0773967893605165,1.92033627964376,0.6858108198382014,Low (<10%),Low (<5%),Low - Medium (0.25-0.50),Low (<0.33)
United States,Nebraska,4367.45737624,0.0,0.1814156673572478,1.9620050484540896,0.6610927492222927,Low (<10%),Low (<5%),Low - Medium (0.25-0.50),Low (<0.33)
United States,Nebraska,79.1208300813,0.0,0.1814156673572478,1.9620050484540896,0.6610927492222927,Low (<10%),Low (<5%),Low - Medium (0.25-0.50),Low (<0.33)
United States,South Dakota,5561.89895736,0.0,0.1814156673572478,1.9620050484540896,0.6610927492222927,Low (<10%),Low (<5%),Low - Medium (0.25-0.50),Low (<0.33)
United States,South Dakota,8320.87584163,0.0,0.1814156673572478,1.9620050484540896,0.6610927492222927,Low (<10%),Low (<5%),Low - Medium (0.25-0.50),Low (<0.33)
United States,South Dakota,7816.15286101,0.0,0.1814156673572478,1.9620050484540896,0.6610927492222927,Low (<10%),Low (<5%),Low - Medium (0.25-0.50),Low (<0.33)
United States,South Dakota,95.1153675225,0.0,0.0573115537147472,1.9416216953571457,0.6181514673776007,Low (<10%),Low (<5%),Low - Medium (0.25-0.50),Low (<0.33)
United States,South Dakota,22393.2347138,0.0,0.0573115537147472,1.9416216953571457,0.6181514673776007,Low (<10%),Low (<5%),Low - Medium (0.25-0.50),Low (<0.33)
United States,South Dakota,167.018867772,0.0,0.0015752729725356,1.9818580619475896,0.6867791053061943,Low (<10%),Low (<5%),Low - Medium (0.25-0.50),Low (<0.33)
United States,South Dakota,4122.39282202,0.0,0.0015752729725356,1.9818580619475896,0.6867791053061943,Low (<10%),Low (<5%),Low - Medium (0.25-0.50),Low (<0.33)
United States,South Dakota,3840.66927352,5.0,5.0,4.3477493375591605,1.6363923244766794,Arid and Low Water Use,Arid and Low Water Use,Extremely High (>1.00),Low - Medium (0.33-0.66)
United States,South Dakota,979.971782251,5.0,5.0,4.3477493375591605,1.6363923244766794,Arid and Low Water Use,Arid and Low Water Use,Extremely High (>1.00),Low - Medium (0.33-0.66)
United States,South Dakota,166.201693668,0.0,0.0428182450618619,2.953465208576528,1.7294138805047674,Low (<10%),Low (<5%),Medium - High (0.50-0.75),Low - Medium (0.33-0.66)
United States,South Dakota,2327.96962511,0.0,0.0428182450618619,2.953465208576528,1.7294138805047674,Low (<10%),Low (<5%),Medium - High (0.50-0.75),Low - Medium (0.33-0.66)
United States,Montana,221.823929667,3.38710021934518,1.5858221881097083,2.622989852327504,1.5455191717708106,High (40-80%),Low - Medium (5-25%),Medium - High (0.50-0.75),Low - Medium (0.33-0.66)
United States,South Dakota,2083.87912346,3.38710021934518,1.5858221881097083,2.622989852327504,1.5455191717708106,High (40-80%),Low - Medium (5-25%),Medium - High (0.50-0.75),Low - Medium (0.33-0.66)
United States,South Dakota,188.020344908,3.38710021934518,1.5858221881097083,2.622989852327504,1.5455191717708106,High (40-80%),Low - Medium (5-25%),Medium - High (0.50-0.75),Low - Medium (0.33-0.66)
United States,South Dakota,6256.65912909,3.38710021934518,1.5858221881097083,2.622989852327504,1.5455191717708106,High (40-80%),Low - Medium (5-25%),Medium - High (0.50-0.75),Low - Medium (0.33-0.66)
United States,Wyoming,9738.63913436,3.38710021934518,1.5858221881097083,2.622989852327504,1.5455191717708106,High (40-80%),Low - Medium (5-25%),Medium - High (0.50-0.75),Low - Medium (0.33-0.66)
United States,Wyoming,287.649587873,3.38710021934518,1.5858221881097083,2.622989852327504,1.5455191717708106,High (40-80%),Low - Medium (5-25%),Medium - High (0.50-0.75),Low - Medium (0.33-0.66)
United States,Nebraska,56.5090165589,3.211378739023748,1.4334449606678268,2.9683686818472834,1.7121881090839524,High (40-80%),Low - Medium (5-25%),Medium - High (0.50-0.75),Low - Medium (0.33-0.66)
United States,Nebraska,998.110912214,3.211378739023748,1.4334449606678268,2.9683686818472834,1.7121881090839524,High (40-80%),Low - Medium (5-25%),Medium - High (0.50-0.75),Low - Medium (0.33-0.66)
United States,Nebraska,184.886431316,3.211378739023748,1.4334449606678268,2.9683686818472834,1.7121881090839524,High (40-80%),Low - Medium (5-25%),Medium - High (0.50-0.75),Low - Medium (0.33-0.66)
United States,South Dakota,5162.74598632,3.211378739023748,1.4334449606678268,2.9683686818472834,1.7121881090839524,High (40-80%),Low - Medium (5-25%),Medium - High (0.50-0.75),Low - Medium (0.33-0.66)
United States,South Dakota,1.33713791745,3.211378739023748,1.4334449606678268,2.9683686818472834,1.7121881090839524,High (40-80%),Low - Medium (5-25%),Medium - High (0.50-0.75),Low - Medium (0.33-0.66)
United States,South Dakota,9624.79466276,3.211378739023748,1.4334449606678268,2.9683686818472834,1.7121881090839524,High (40-80%),Low - Medium (5-25%),Medium - High (0.50-0.75),Low - Medium (0.33-0.66)
United States,Wyoming,352.373633206,3.211378739023748,1.4334449606678268,2.9683686818472834,1.7121881090839524,High (40-80%),Low - Medium (5-25%),Medium - High (0.50-0.75),Low - Medium (0.33-0.66)
United States,Wyoming,350.752710417,3.211378739023748,1.4334449606678268,2.9683686818472834,1.7121881090839524,High (40-80%),Low - Medium (5-25%),Medium - High (0.50-0.75),Low - Medium (0.33-0.66)
United States,South Dakota,1235.3303675,5.0,5.0,2.816757065304963,0.6378048018724636,Arid and Low Water Use,Arid and Low Water Use,Medium - High (0.50-0.75),Low (<0.33)
United States,Wyoming,3100.29725947,5.0,5.0,2.816757065304963,0.6378048018724636,Arid and Low Water Use,Arid and Low Water Use,Medium - High (0.50-0.75),Low (<0.33)
United States,South Dakota,30.0068906384,5.0,5.0,3.85682014310738,0.4629605618919646,Arid and Low Water Use,Arid and Low Water Use,High (0.75-1.00),Low (<0.33)
United States,Wyoming,727.686511935,5.0,5.0,3.85682014310738,0.4629605618919646,Arid and Low Water Use,Arid and Low Water Use,High (0.75-1.00),Low (<0.33)
United States,Wyoming,4235.40658665,5.0,5.0,2.1328940822389657,0.2891392132960799,Arid and Low Water Use,Arid and Low Water Use,Medium - High (0.50-0.75),Low (<0.33)
United States,Wyoming,1231.79194647,5.0,5.0,2.1328940822389657,0.2891392132960799,Arid and Low Water Use,Arid and Low Water Use,Medium - High (0.50-0.75),Low (<0.33)
United States,Wyoming,7684.42033899,5.0,5.0,3.1229248828126392,0.384184526716204,Arid and Low Water Use,Arid and Low Water Use,High (0.75-1.00),Low (<0.33)
United States,North Dakota,1992.7824727,0.8387200036803695,1.0506024582032918,1.885832147842143,0.858511535655452,Low (<10%),Low - Medium (5-25%),Low - Medium (0.25-0.50),Low (<0.33)
United States,North Dakota,4413.44045159,0.8387200036803695,1.0506024582032918,1.885832147842143,0.858511535655452,Low (<10%),Low - Medium (5-25%),Low - Medium (0.25-0.50),Low (<0.33)
United States,South Dakota,327.406282409,0.8387200036803695,1.0506024582032918,1.885832147842143,0.858511535655452,Low (<10%),Low - Medium (5-25%),Low - Medium (0.25-0.50),Low (<0.33)
United States,South Dakota,4660.46465707,0.0,0.0150792807644935,1.940380146379647,0.5828250160946573,Low (<10%),Low (<5%),Low - Medium (0.25-0.50),Low (<0.33)
United States,South Dakota,544.274988598,0.2584600118321781,0.5785824540373739,2.898011270623339,1.2255883618578192,Low (<10%),Low (<5%),Medium - High (0.50-0.75),Low - Medium (0.33-0.66)
United States,South Dakota,9045.5033055,0.2584600118321781,0.5785824540373739,2.898011270623339,1.2255883618578192,Low (<10%),Low (<5%),Medium - High (0.50-0.75),Low - Medium (0.33-0.66)
United States,South Dakota,4361.61117737,0.2584600118321781,0.5785824540373739,2.898011270623339,1.2255883618578192,Low (<10%),Low (<5%),Medium - High (0.50-0.75),Low - Medium (0.33-0.66)
United States,South Dakota,616.876280548,0.0,0.00082187601036,1.952744457865637,0.572109605047322,Low (<10%),Low (<5%),Low - Medium (0.25-0.50),Low (<0.33)
United States,North Dakota,2328.75611356,0.0,0.0128832132140319,1.9653986116363087,0.6000964737208625,Low (<10%),Low (<5%),Low - Medium (0.25-0.50),Low (<0.33)
United States,North Dakota,61.4106441748,0.0,0.0128832132140319,1.9653986116363087,0.6000964737208625,Low (<10%),Low (<5%),Low - Medium (0.25-0.50),Low (<0.33)
United States,South Dakota,7557.67274296,0.0,0.0128832132140319,1.9653986116363087,0.6000964737208625,Low (<10%),Low (<5%),Low - Medium (0.25-0.50),Low (<0.33)
United States,South Dakota,4102.8609067,0.0,0.0128832132140319,1.9653986116363087,0.6000964737208625,Low (<10%),Low (<5%),Low - Medium (0.25-0.50),Low (<0.33)
United States,South Dakota,574.25140438,0.0,0.0128832132140319,1.9653986116363087,0.6000964737208625,Low (<10%),Low (<5%),Low - Medium (0.25-0.50),Low (<0.33)
United States,North Dakota,96.0613462501,0.0,0.0132269471874841,1.9707738976359144,0.6050281673329356,Low (<10%),Low (<5%),Low - Medium (0.25-0.50),Low (<0.33)
United States,North Dakota,1053.49856663,0.0,0.0132269471874841,1.9707738976359144,0.6050281673329356,Low (<10%),Low (<5%),Low - Medium (0.25-0.50),Low (<0.33)
United States,North Dakota,4992.7419563,0.0,0.0132269471874841,1.9707738976359144,0.6050281673329356,Low (<10%),Low (<5%),Low - Medium (0.25-0.50),Low (<0.33)
United States,South Dakota,427.328564682,0.0,0.0132269471874841,1.9707738976359144,0.6050281673329356,Low (<10%),Low (<5%),Low - Medium (0.25-0.50),Low (<0.33)
United States,South Dakota,4779.15677001,0.0,0.0132269471874841,1.9707738976359144,0.6050281673329356,Low (<10%),Low (<5%),Low - Medium (0.25-0.50),Low (<0.33)
United States,North Dakota,10650.0718696,0.0,0.2936812337359599,3.644091637972456,2.0585863916949654,Low (<10%),Low (<5%),High (0.75-1.00),Medium - High (0.66-1.00)
United States,North Dakota,142.386624841,0.0,0.2936812337359599,3.644091637972456,2.0585863916949654,Low (<10%),Low (<5%),High (0.75-1.00),Medium - High (0.66-1.00)
United States,North Dakota,73.9017655987,0.0,0.2936812337359599,3.644091637972456,2.0585863916949654,Low (<10%),Low (<5%),High (0.75-1.00),Medium - High (0.66-1.00)
United States,South Dakota,255.01155184,0.0,0.2936812337359599,3.644091637972456,2.0585863916949654,Low (<10%),Low (<5%),High (0.75-1.00),Medium - High (0.66-1.00)
United States,North Dakota,6236.38517992,0.0,0.0610093588237394,1.510098748527031,0.9290350878627835,Low (<10%),Low (<5%),Low - Medium (0.25-0.50),Low (<0.33)
United States,North Dakota,22131.2556987,0.0,0.0610093588237394,1.510098748527031,0.9290350878627835,Low (<10%),Low (<5%),Low - Medium (0.25-0.50),Low (<0.33)
United States,North Dakota,3370.78271428,0.0,0.0610093588237394,1.510098748527031,0.9290350878627835,Low (<10%),Low (<5%),Low - Medium (0.25-0.50),Low (<0.33)
United States,Montana,4796.72665046,1.130097033942423,0.8518367086862811,2.03378331076966,0.9723679237415604,Low - Medium (10-20%),Low (<5%),Medium - High (0.50-0.75),Low (<0.33)
United States,Montana,65.4425603322,1.130097033942423,0.8518367086862811,2.03378331076966,0.9723679237415604,Low - Medium (10-20%),Low (<5%),Medium - High (0.50-0.75),Low (<0.33)
United States,Montana,3937.75012936,1.130097033942423,0.8518367086862811,2.03378331076966,0.9723679237415604,Low - Medium (10-20%),Low (<5%),Medium - High (0.50-0.75),Low (<0.33)
United States,North Dakota,12267.2270564,1.130097033942423,0.8518367086862811,2.03378331076966,0.9723679237415604,Low - Medium (10-20%),Low (<5%),Medium - High (0.50-0.75),Low (<0.33)
United States,South Dakota,976.304645937,1.130097033942423,0.8518367086862811,2.03378331076966,0.9723679237415604,Low - Medium (10-20%),Low (<5%),Medium - High (0.50-0.75),Low (<0.33)
United States,South Dakota,418.698110523,1.130097033942423,0.8518367086862811,2.03378331076966,0.9723679237415604,Low - Medium (10-20%),Low (<5%),Medium - High (0.50-0.75),Low (<0.33)
United States,South Dakota,151.665540365,1.130097033942423,0.8518367086862811,2.03378331076966,0.9723679237415604,Low - Medium (10-20%),Low (<5%),Medium - High (0.50-0.75),Low (<0.33)
United States,Wyoming,1773.63914663,1.130097033942423,0.8518367086862811,2.03378331076966,0.9723679237415604,Low - Medium (10-20%),Low (<5%),Medium - High (0.50-0.75),Low (<0.33)
United States,Wyoming,51.163148355,1.130097033942423,0.8518367086862811,2.03378331076966,0.9723679237415604,Low - Medium (10-20%),Low (<5%),Medium - High (0.50-0.75),Low (<0.33)
United States,North Dakota,4334.63987923,0.0,0.032550804408039,1.44888445040277,0.952208217038386,Low (<10%),Low (<5%),Low - Medium (0.25-0.50),Low (<0.33)
United States,North Dakota,12100.5496287,0.0,0.032550804408039,1.44888445040277,0.952208217038386,Low (<10%),Low (<5%),Low - Medium (0.25-0.50),Low (<0.33)
United States,Montana,15895.0303499,0.0,0.389298840776118,1.3776322898684856,1.2123043558125424,Low (<10%),Low (<5%),Low - Medium (0.25-0.50),Low - Medium (0.33-0.66)
United States,North Dakota,1916.88792194,0.0,0.389298840776118,1.3776322898684856,1.2123043558125424,Low (<10%),Low (<5%),Low - Medium (0.25-0.50),Low - Medium (0.33-0.66)
United States,Montana,9765.6756262,5.0,5.0,1.5124672326785558,0.7734186392742971,Arid and Low Water Use,Arid and Low Water Use,Low - Medium (0.25-0.50),Low (<0.33)
United States,Montana,826.627395753,5.0,5.0,1.5124672326785558,0.7734186392742971,Arid and Low Water Use,Arid and Low Water Use,Low - Medium (0.25-0.50),Low (<0.33)
United States,Wyoming,24334.4500467,5.0,5.0,1.5124672326785558,0.7734186392742971,Arid and Low Water Use,Arid and Low Water Use,Low - Medium (0.25-0.50),Low (<0.33)
United States,Montana,3719.31815872,0.0,0.1947654825184415,1.4088781416560094,1.3972461811544534,Low (<10%),Low (<5%),Low - Medium (0.25-0.50),Low - Medium (0.33-0.66)
United States,Montana,9801.66699728,2.8922512418376827,1.5790396763715029,1.2179016298777878,0.9916791271344272,Medium - High (20-40%),Low - Medium (5-25%),Low - Medium (0.25-0.50),Low (<0.33)
United States,Wyoming,4210.43045951,2.8922512418376827,1.5790396763715029,1.2179016298777878,0.9916791271344272,Medium - High (20-40%),Low - Medium (5-25%),Low - Medium (0.25-0.50),Low (<0.33)
United States,Montana,14278.6864866,0.0,0.4804864789118301,1.4013357572638854,1.452882987891837,Low (<10%),Low (<5%),Low - Medium (0.25-0.50),Low - Medium (0.33-0.66)
United States,Montana,8484.45806237,2.8999582085792914,1.882182433647805,1.4136447392120206,1.6363029746941746,Medium - High (20-40%),Low - Medium (5-25%),Low - Medium (0.25-0.50),Low - Medium (0.33-0.66)
United States,Montana,20241.816976,2.8999582085792914,1.882182433647805,1.4136447392120206,1.6363029746941746,Medium - High (20-40%),Low - Medium (5-25%),Low - Medium (0.25-0.50),Low - Medium (0.33-0.66)
United States,Montana,0.96545694391,2.8999582085792914,1.882182433647805,1.4136447392120206,1.6363029746941746,Medium - High (20-40%),Low - Medium (5-25%),Low - Medium (0.25-0.50),Low - Medium (0.33-0.66)
United States,Wyoming,1474.70676158,2.8999582085792914,1.882182433647805,1.4136447392120206,1.6363029746941746,Medium - High (20-40%),Low - Medium (5-25%),Low - Medium (0.25-0.50),Low - Medium (0.33-0.66)
United States,Wyoming,6278.43736958,2.8999582085792914,1.882182433647805,1.4136447392120206,1.6363029746941746,Medium - High (20-40%),Low - Medium (5-25%),Low - Medium (0.25-0.50),Low - Medium (0.33-0.66)
United States,Wyoming,991.79982856,2.8999582085792914,1.882182433647805,1.4136447392120206,1.6363029746941746,Medium - High (20-40%),Low - Medium (5-25%),Low - Medium (0.25-0.50),Low - Medium (0.33-0.66)
United States,Montana,6685.14838877,0.4928770486245791,0.878279409934649,1.525434247547988,1.6825193810463062,Low (<10%),Low (<5%),Low - Medium (0.25-0.50),Low - Medium (0.33-0.66)
United States,Montana,2443.43841416,0.4928770486245791,0.878279409934649,1.525434247547988,1.6825193810463062,Low (<10%),Low (<5%),Low - Medium (0.25-0.50),Low - Medium (0.33-0.66)
United States,Wyoming,1355.72430552,0.4928770486245791,0.878279409934649,1.525434247547988,1.6825193810463062,Low (<10%),Low (<5%),Low - Medium (0.25-0.50),Low - Medium (0.33-0.66)
United States,Montana,650.583218474,4.63245916597212,2.10237683928214,2.0536168828020105,2.243993474273525,Extremely High (>80%),Medium - High (25-50%),Medium - High (0.50-0.75),Medium - High (0.66-1.00)
United States,Wyoming,3163.18219094,4.63245916597212,2.10237683928214,2.0536168828020105,2.243993474273525,Extremely High (>80%),Medium - High (25-50%),Medium - High (0.50-0.75),Medium - High (0.66-1.00)
United States,Wyoming,3925.54601351,4.63245916597212,2.10237683928214,2.0536168828020105,2.243993474273525,Extremely High (>80%),Medium - High (25-50%),Medium - High (0.50-0.75),Medium - High (0.66-1.00)
United States,Wyoming,36450.0853963,4.433352053081278,2.758327306603716,1.8479967554637768,1.4167036833328164,Extremely High (>80%),Medium - High (25-50%),Low - Medium (0.25-0.50),Low - Medium (0.33-0.66)
United States,Wyoming,4662.06660984,4.433352053081278,2.758327306603716,1.8479967554637768,1.4167036833328164,Extremely High (>80%),Medium - High (25-50%),Low - Medium (0.25-0.50),Low - Medium (0.33-0.66)
United States,Montana,1660.02521962,0.0,0.2010553701432177,1.80441488981121,0.9961120005828208,Low (<10%),Low (<5%),Low - Medium (0.25-0.50),Low (<0.33)
United States,North Dakota,237.804237143,0.0,0.2010553701432177,1.80441488981121,0.9961120005828208,Low (<10%),Low (<5%),Low - Medium (0.25-0.50),Low (<0.33)
United States,Montana,7140.96615428,5.0,5.0,3.0770857050515645,0.8987006679932393,Arid and Low Water Use,Arid and Low Water Use,High (0.75-1.00),Low (<0.33)
United States,North Dakota,1439.31699055,5.0,5.0,3.0770857050515645,0.8987006679932393,Arid and Low Water Use,Arid and Low Water Use,High (0.75-1.00),Low (<0.33)
United States,Montana,17465.5850764,0.9849569832749075,1.0200450383566635,1.694298748977375,1.037872414450778,Low (<10%),Low - Medium (5-25%),Low - Medium (0.25-0.50),Low - Medium (0.33-0.66)
United States,Montana,37920.6538416,5.0,5.0,2.299458161772104,1.1070146070179638,Arid and Low Water Use,Arid and Low Water Use,Medium - High (0.50-0.75),Low - Medium (0.33-0.66)
United States,Montana,1072.06468447,5.0,5.0,2.299458161772104,1.1070146070179638,Arid and Low Water Use,Arid and Low Water Use,Medium - High (0.50-0.75),Low - Medium (0.33-0.66)
United States,Montana,204.737787859,5.0,5.0,2.299458161772104,1.1070146070179638,Arid and Low Water Use,Arid and Low Water Use,Medium - High (0.50-0.75),Low - Medium (0.33-0.66)
United States,Montana,10.4957731858,5.0,5.0,2.299458161772104,1.1070146070179638,Arid and Low Water Use,Arid and Low Water Use,Medium - High (0.50-0.75),Low - Medium (0.33-0.66)
United States,Montana,15555.3751425,0.0,0.0874226922886048,1.7343079154989114,1.0654438059314424,Low (<10%),Low (<5%),Low - Medium (0.25-0.50),Low - Medium (0.33-0.66)
United States,Montana,17196.27889,5.0,5.0,1.7460211786264044,1.1258889642313687,Arid and Low Water Use,Arid and Low Water Use,Low - Medium (0.25-0.50),Low - Medium (0.33-0.66)
United States,Montana,7322.47200514,5.0,5.0,1.7460211786264044,1.1258889642313687,Arid and Low Water Use,Arid and Low Water Use,Low - Medium (0.25-0.50),Low - Medium (0.33-0.66)
United States,Montana,18133.3987958,0.0,0.2730144310359697,1.6220640228902534,1.1357343836212066,Low (<10%),Low (<5%),Low - Medium (0.25-0.50),Low - Medium (0.33-0.66)
United States,Montana,2770.82615145,0.0,0.2730144310359697,1.6220640228902534,1.1357343836212066,Low (<10%),Low (<5%),Low - Medium (0.25-0.50),Low - Medium (0.33-0.66)
United States,Montana,17657.7424684,4.877964316159538,4.561071283844684,2.0915648147622883,1.527776565918447,Extremely High (>80%),Extremely High (>75%),Medium - High (0.50-0.75),Low - Medium (0.33-0.66)
United States,Montana,5262.07613818,4.877964316159538,4.561071283844684,2.0915648147622883,1.527776565918447,Extremely High (>80%),Extremely High (>75%),Medium - High (0.50-0.75),Low - Medium (0.33-0.66)
United States,Montana,982.931303484,4.877964316159538,4.561071283844684,2.0915648147622883,1.527776565918447,Extremely High (>80%),Extremely High (>75%),Medium - High (0.50-0.75),Low - Medium (0.33-0.66)
United States,Idaho,16.6872604786,2.7611022836360384,1.7848327473225254,1.540397837969146,1.3557413721231628,Medium - High (20-40%),Low - Medium (5-25%),Low - Medium (0.25-0.50),Low - Medium (0.33-0.66)
United States,Idaho,25.2434759057,2.7611022836360384,1.7848327473225254,1.540397837969146,1.3557413721231628,Medium - High (20-40%),Low - Medium (5-25%),Low - Medium (0.25-0.50),Low - Medium (0.33-0.66)
United States,Montana,6757.07742914,2.7611022836360384,1.7848327473225254,1.540397837969146,1.3557413721231628,Medium - High (20-40%),Low - Medium (5-25%),Low - Medium (0.25-0.50),Low - Medium (0.33-0.66)
United States,Montana,871.202862807,2.7611022836360384,1.7848327473225254,1.540397837969146,1.3557413721231628,Medium - High (20-40%),Low - Medium (5-25%),Low - Medium (0.25-0.50),Low - Medium (0.33-0.66)
United States,Montana,52985.0165076,2.7611022836360384,1.7848327473225254,1.540397837969146,1.3557413721231628,Medium - High (20-40%),Low - Medium (5-25%),Low - Medium (0.25-0.50),Low - Medium (0.33-0.66)
United States,Montana,961.785458196,2.7611022836360384,1.7848327473225254,1.540397837969146,1.3557413721231628,Medium - High (20-40%),Low - Medium (5-25%),Low - Medium (0.25-0.50),Low - Medium (0.33-0.66)
United States,Wyoming,41.2293007345,2.7611022836360384,1.7848327473225254,1.540397837969146,1.3557413721231628,Medium - High (20-40%),Low - Medium (5-25%),Low - Medium (0.25-0.50),Low - Medium (0.33-0.66)
United States,Wyoming,1741.90575723,2.7611022836360384,1.7848327473225254,1.540397837969146,1.3557413721231628,Medium - High (20-40%),Low - Medium (5-25%),Low - Medium (0.25-0.50),Low - Medium (0.33-0.66)
United States,Louisiana,3441.85824951,0.0,0.0135941771448415,1.380153830295522,0.990981769569671,Low (<10%),Low (<5%),Low - Medium (0.25-0.50),Low (<0.33)
United States,Louisiana,162.376564104,0.0,0.0135941771448415,1.380153830295522,0.990981769569671,Low (<10%),Low (<5%),Low - Medium (0.25-0.50),Low (<0.33)
United States,Louisiana,2707.06478696,0.0,0.0135941771448415,1.380153830295522,0.990981769569671,Low (<10%),Low (<5%),Low - Medium (0.25-0.50),Low (<0.33)
United States,Louisiana,1.46359755701,0.0,0.0135941771448415,1.380153830295522,0.990981769569671,Low (<10%),Low (<5%),Low - Medium (0.25-0.50),Low (<0.33)
United States,Louisiana,3340.55249058,0.0,0.0135941771448415,1.380153830295522,0.990981769569671,Low (<10%),Low (<5%),Low - Medium (0.25-0.50),Low (<0.33)
United States,Louisiana,172.464015887,0.0,0.0135941771448415,1.380153830295522,0.990981769569671,Low (<10%),Low (<5%),Low - Medium (0.25-0.50),Low (<0.33)
United States,Louisiana,12077.5903587,0.0,0.0135941771448415,1.380153830295522,0.990981769569671,Low (<10%),Low (<5%),Low - Medium (0.25-0.50),Low (<0.33)
United States,Louisiana,4928.17661596,0.0,0.0135941771448415,1.380153830295522,0.990981769569671,Low (<10%),Low (<5%),Low - Medium (0.25-0.50),Low (<0.33)
United States,Louisiana,270.909708044,0.0,0.0135941771448415,1.380153830295522,0.990981769569671,Low (<10%),Low (<5%),Low - Medium (0.25-0.50),Low (<0.33)
United States,Louisiana,280.120966422,0.0,0.0135941771448415,1.380153830295522,0.990981769569671,Low (<10%),Low (<5%),Low - Medium (0.25-0.50),Low (<0.33)
United States,Louisiana,7491.43613356,3.0355654419814195,1.8535375802860448,2.757813325511356,0.8895402769406929,High (40-80%),Low - Medium (5-25%),Medium - High (0.50-0.75),Low (<0.33)
United States,Louisiana,0.08062214256,3.0355654419814195,1.8535375802860448,2.757813325511356,0.8895402769406929,High (40-80%),Low - Medium (5-25%),Medium - High (0.50-0.75),Low (<0.33)
United States,Louisiana,83.5798738116,1.0380732378870314,0.4537516749002231,3.6106983036102793,0.6708303385892341,Low - Medium (10-20%),Low (<5%),High (0.75-1.00),Low (<0.33)
United States,Louisiana,27.7912985719,1.0380732378870314,0.4537516749002231,3.6106983036102793,0.6708303385892341,Low - Medium (10-20%),Low (<5%),High (0.75-1.00),Low (<0.33)
United States,Louisiana,10198.9581966,2.644118528623931,1.4365174040189226,3.537601336766677,1.2160204944044286,Medium - High (20-40%),Low - Medium (5-25%),High (0.75-1.00),Low - Medium (0.33-0.66)
United States,Louisiana,476.954892605,0.0,0.0077860786272688,3.778185457223885,1.3182317259168848,Low (<10%),Low (<5%),High (0.75-1.00),Low - Medium (0.33-0.66)
United States,Louisiana,51.3112617578,0.0,0.0077860786272688,3.778185457223885,1.3182317259168848,Low (<10%),Low (<5%),High (0.75-1.00),Low - Medium (0.33-0.66)
United States,Louisiana,29.3111680224,,,,,No Data,No Data,No Data,No Data
United States,Louisiana,13.504756232,,,,,No Data,No Data,No Data,No Data
United States,Louisiana,25.8056191869,0.0,0.0034262283672997,3.398441796522144,0.7788964152826662,Low (<10%),Low (<5%),High (0.75-1.00),Low (<0.33)
United States,Louisiana,2.1320560719,0.0,0.0034262283672997,3.398441796522144,0.7788964152826662,Low (<10%),Low (<5%),High (0.75-1.00),Low (<0.33)
United States,Texas,28.351032744,0.0,0.0034262283672997,3.398441796522144,0.7788964152826662,Low (<10%),Low (<5%),High (0.75-1.00),Low (<0.33)
United States,Texas,8.30701209873,0.0,0.0034262283672997,3.398441796522144,0.7788964152826662,Low (<10%),Low (<5%),High (0.75-1.00),Low (<0.33)
United States,Texas,1815.61343666,1.1584813742905749,0.8198654501443927,3.6609120402984487,0.8206198150484838,Low - Medium (10-20%),Low (<5%),High (0.75-1.00),Low (<0.33)
United States,Texas,33.7979824582,1.1584813742905749,0.8198654501443927,3.6609120402984487,0.8206198150484838,Low - Medium (10-20%),Low (<5%),High (0.75-1.00),Low (<0.33)
United States,Louisiana,155.890709918,0.0,0.0086667407700823,3.3935771122500147,0.7789900036592767,Low (<10%),Low (<5%),High (0.75-1.00),Low (<0.33)
United States,Louisiana,45.0278920148,0.0,0.0086667407700823,3.3935771122500147,0.7789900036592767,Low (<10%),Low (<5%),High (0.75-1.00),Low (<0.33)
United States,Texas,30.0818791619,0.0,0.0086667407700823,3.3935771122500147,0.7789900036592767,Low (<10%),Low (<5%),High (0.75-1.00),Low (<0.33)
United States,Louisiana,1.11433122706,1.5193977692139662,0.7769326849538853,3.3149700607860115,0.8567548250193,Low - Medium (10-20%),Low (<5%),High (0.75-1.00),Low (<0.33)
United States,Texas,25959.2341923,1.5193977692139662,0.7769326849538853,3.3149700607860115,0.8567548250193,Low - Medium (10-20%),Low (<5%),High (0.75-1.00),Low (<0.33)
United States,Texas,59.3618107431,1.5193977692139662,0.7769326849538853,3.3149700607860115,0.8567548250193,Low - Medium (10-20%),Low (<5%),High (0.75-1.00),Low (<0.33)
United States,Louisiana,1509.0272488,0.9487267523346584,0.5555240217973735,3.362356329961292,0.8024425583515973,Low (<10%),Low (<5%),High (0.75-1.00),Low (<0.33)
United States,Louisiana,63.2093642361,0.9487267523346584,0.5555240217973735,3.362356329961292,0.8024425583515973,Low (<10%),Low (<5%),High (0.75-1.00),Low (<0.33)
United States,Texas,3205.51452915,0.9487267523346584,0.5555240217973735,3.362356329961292,0.8024425583515973,Low (<10%),Low (<5%),High (0.75-1.00),Low (<0.33)
United States,Texas,23.1557168139,0.9487267523346584,0.5555240217973735,3.362356329961292,0.8024425583515973,Low (<10%),Low (<5%),High (0.75-1.00),Low (<0.33)
United States,Louisiana,1179.29315337,0.2508671400842386,0.301456285912057,3.3877947751838806,1.100816009153613,Low (<10%),Low (<5%),High (0.75-1.00),Low - Medium (0.33-0.66)
United States,Louisiana,3942.27178538,2.506322141506516,1.1292870092072065,2.962681511192124,1.2524378883706784,Medium - High (20-40%),Low - Medium (5-25%),Medium - High (0.50-0.75),Low - Medium (0.33-0.66)
United States,Texas,10680.7827274,2.506322141506516,1.1292870092072065,2.962681511192124,1.2524378883706784,Medium - High (20-40%),Low - Medium (5-25%),Medium - High (0.50-0.75),Low - Medium (0.33-0.66)
United States,Texas,356.81510238,1.2240793641404746,0.7200927378044828,3.24754020091357,0.981466834235942,Low - Medium (10-20%),Low (<5%),High (0.75-1.00),Low (<0.33)
United States,Texas,1392.61612525,1.2240793641404746,0.7200927378044828,3.24754020091357,0.981466834235942,Low - Medium (10-20%),Low (<5%),High (0.75-1.00),Low (<0.33)
United States,Texas,549.286368498,2.262320246575323,1.099927885746718,1.7122906305977197,0.4814416759872232,Medium - High (20-40%),Low - Medium (5-25%),Low - Medium (0.25-0.50),Low (<0.33)
United States,Texas,1545.81007388,2.262320246575323,1.099927885746718,1.7122906305977197,0.4814416759872232,Medium - High (20-40%),Low - Medium (5-25%),Low - Medium (0.25-0.50),Low (<0.33)
United States,Texas,1664.93754427,2.262320246575323,1.099927885746718,1.7122906305977197,0.4814416759872232,Medium - High (20-40%),Low - Medium (5-25%),Low - Medium (0.25-0.50),Low (<0.33)
United States,Texas,1642.03614472,2.9043108085615303,1.6300105733159724,3.2970738160418227,0.4481506616577808,Medium - High (20-40%),Low - Medium (5-25%),High (0.75-1.00),Low (<0.33)
United States,Texas,108.891809292,2.9043108085615303,1.6300105733159724,3.2970738160418227,0.4481506616577808,Medium - High (20-40%),Low - Medium (5-25%),High (0.75-1.00),Low (<0.33)
United States,Texas,14455.5756717,0.2726107671310517,0.3625384047309224,2.595512761393983,0.9079190071805516,Low (<10%),Low (<5%),Medium - High (0.50-0.75),Low (<0.33)
United States,Texas,5277.38368416,0.7935737774316687,0.4268884681420795,3.114108828414446,0.9967352813076332,Low (<10%),Low (<5%),High (0.75-1.00),Low (<0.33)
United States,Texas,837.861458665,0.7935737774316687,0.4268884681420795,3.114108828414446,0.9967352813076332,Low (<10%),Low (<5%),High (0.75-1.00),Low (<0.33)
United States,Texas,450.160920715,0.0,0.0086880581770108,2.5605162440312847,0.9155991114485084,Low (<10%),Low (<5%),Medium - High (0.50-0.75),Low (<0.33)
United States,Texas,989.41396156,2.8763946844471544,1.246518058865172,1.4091083115314045,0.4023347253127343,Medium - High (20-40%),Low - Medium (5-25%),Low - Medium (0.25-0.50),Low (<0.33)
United States,Texas,509.218088242,2.8763946844471544,1.246518058865172,1.4091083115314045,0.4023347253127343,Medium - High (20-40%),Low - Medium (5-25%),Low - Medium (0.25-0.50),Low (<0.33)
United States,Texas,1313.35425472,2.8763946844471544,1.246518058865172,1.4091083115314045,0.4023347253127343,Medium - High (20-40%),Low - Medium (5-25%),Low - Medium (0.25-0.50),Low (<0.33)
United States,Texas,55.5054373441,0.0,0.1974529817891799,2.464650751490314,0.8876410926160457,Low (<10%),Low (<5%),Medium - High (0.50-0.75),Low (<0.33)
United States,Texas,1576.51821462,0.0,0.1974529817891799,2.464650751490314,0.8876410926160457,Low (<10%),Low (<5%),Medium - High (0.50-0.75),Low (<0.33)
United States,Texas,234.630894313,0.0,0.1974529817891799,2.464650751490314,0.8876410926160457,Low (<10%),Low (<5%),Medium - High (0.50-0.75),Low (<0.33)
United States,Texas,3505.68364127,3.2100859730043703,1.272024878290916,2.7407830458726647,0.9776807470803706,High (40-80%),Low - Medium (5-25%),Medium - High (0.50-0.75),Low (<0.33)
United States,Texas,1277.91493149,1.849821532281143,0.7389727790350906,2.488517242930288,0.8423741988862306,Low - Medium (10-20%),Low (<5%),Medium - High (0.50-0.75),Low (<0.33)
United States,Texas,5459.3442243,3.2925505686994985,1.3050701172824466,2.679552987164407,0.7196748852575274,High (40-80%),Low - Medium (5-25%),Medium - High (0.50-0.75),Low (<0.33)
United States,Texas,1220.69245914,3.2925505686994985,1.3050701172824466,2.679552987164407,0.7196748852575274,High (40-80%),Low - Medium (5-25%),Medium - High (0.50-0.75),Low (<0.33)
United States,Texas,6106.82276492,4.211042332520197,1.751433256385896,3.033621386075996,0.7806549857092684,Extremely High (>80%),Low - Medium (5-25%),High (0.75-1.00),Low (<0.33)
United States,Texas,2939.9599315,4.211042332520197,1.751433256385896,3.033621386075996,0.7806549857092684,Extremely High (>80%),Low - Medium (5-25%),High (0.75-1.00),Low (<0.33)
United States,Texas,11312.9649991,2.522352863863281,1.0765021651458229,2.633654119242716,0.5478252948045385,Medium - High (20-40%),Low - Medium (5-25%),Medium - High (0.50-0.75),Low (<0.33)
United States,Texas,2981.61883953,2.522352863863281,1.0765021651458229,2.633654119242716,0.5478252948045385,Medium - High (20-40%),Low - Medium (5-25%),Medium - High (0.50-0.75),Low (<0.33)
United States,Texas,82.7474733153,2.522352863863281,1.0765021651458229,2.633654119242716,0.5478252948045385,Medium - High (20-40%),Low - Medium (5-25%),Medium - High (0.50-0.75),Low (<0.33)
United States,Texas,197.923657664,2.522352863863281,1.0765021651458229,2.633654119242716,0.5478252948045385,Medium - High (20-40%),Low - Medium (5-25%),Medium - High (0.50-0.75),Low (<0.33)
United States,New Mexico,5029.71597502,5.0,5.0,3.277752653254093,0.8335908455312621,Extremely High (>80%),Extremely High (>75%),High (0.75-1.00),Low (<0.33)
United States,Texas,2902.15534892,5.0,5.0,3.277752653254093,0.8335908455312621,Extremely High (>80%),Extremely High (>75%),High (0.75-1.00),Low (<0.33)
United States,Texas,2168.75259941,0.1242580890845956,0.3226422082727799,2.504682092706415,0.4598590342239601,Low (<10%),Low (<5%),Medium - High (0.50-0.75),Low (<0.33)
United States,Texas,4127.21980672,0.1242580890845956,0.3226422082727799,2.504682092706415,0.4598590342239601,Low (<10%),Low (<5%),Medium - High (0.50-0.75),Low (<0.33)
United States,Texas,0.35301450017,0.1242580890845956,0.3226422082727799,2.504682092706415,0.4598590342239601,Low (<10%),Low (<5%),Medium - High (0.50-0.75),Low (<0.33)
United States,Texas,835.331560876,0.0,0.1313713932726192,2.506125709992062,0.6364367272566319,Low (<10%),Low (<5%),Medium - High (0.50-0.75),Low (<0.33)
United States,Texas,2746.15423663,0.0,0.1313713932726192,2.506125709992062,0.6364367272566319,Low (<10%),Low (<5%),Medium - High (0.50-0.75),Low (<0.33)
United States,Texas,2119.48122243,0.0,0.1313713932726192,2.506125709992062,0.6364367272566319,Low (<10%),Low (<5%),Medium - High (0.50-0.75),Low (<0.33)
United States,Texas,379.258868829,0.0,0.251071958559753,2.518263549259536,0.6253807917979789,Low (<10%),Low (<5%),Medium - High (0.50-0.75),Low (<0.33)
United States,Texas,5369.11462996,0.0,0.251071958559753,2.518263549259536,0.6253807917979789,Low (<10%),Low (<5%),Medium - High (0.50-0.75),Low (<0.33)
United States,Texas,5544.16199761,2.294978279095262,1.1425002576596772,2.3810465555654536,0.503975923038468,Medium - High (20-40%),Low - Medium (5-25%),Medium - High (0.50-0.75),Low (<0.33)
United States,Texas,13176.6128283,2.294978279095262,1.1425002576596772,2.3810465555654536,0.503975923038468,Medium - High (20-40%),Low - Medium (5-25%),Medium - High (0.50-0.75),Low (<0.33)
United States,Texas,1055.2324083,2.294978279095262,1.1425002576596772,2.3810465555654536,0.503975923038468,Medium - High (20-40%),Low - Medium (5-25%),Medium - High (0.50-0.75),Low (<0.33)
United States,Texas,16018.9101379,1.053772720374761,0.5962244673986765,2.331851265685565,0.558252882528733,Low - Medium (10-20%),Low (<5%),Medium - High (0.50-0.75),Low (<0.33)
United States,Texas,5793.19790856,1.053772720374761,0.5962244673986765,2.331851265685565,0.558252882528733,Low - Medium (10-20%),Low (<5%),Medium - High (0.50-0.75),Low (<0.33)
United States,Texas,792.507142956,1.053772720374761,0.5962244673986765,2.331851265685565,0.558252882528733,Low - Medium (10-20%),Low (<5%),Medium - High (0.50-0.75),Low (<0.33)
United States,Texas,14793.0719298,3.093400032173664,1.6138960930027897,1.8464873903157792,0.2659424061896407,High (40-80%),Low - Medium (5-25%),Low - Medium (0.25-0.50),Low (<0.33)
United States,Texas,150.211469158,3.093400032173664,1.6138960930027897,1.8464873903157792,0.2659424061896407,High (40-80%),Low - Medium (5-25%),Low - Medium (0.25-0.50),Low (<0.33)
United States,Texas,6534.80899579,1.650096328623452,1.230587764984994,2.4947986901717694,0.4451404487053023,Low - Medium (10-20%),Low - Medium (5-25%),Medium - High (0.50-0.75),Low (<0.33)
United States,New Mexico,1201.46330718,5.0,5.0,2.9616673711105546,0.847939780386588,Extremely High (>80%),Extremely High (>75%),Medium - High (0.50-0.75),Low (<0.33)
United States,Texas,9545.01101316,5.0,5.0,2.9616673711105546,0.847939780386588,Extremely High (>80%),Extremely High (>75%),Medium - High (0.50-0.75),Low (<0.33)
United States,Texas,4942.96287142,5.0,5.0,2.9616673711105546,0.847939780386588,Extremely High (>80%),Extremely High (>75%),Medium - High (0.50-0.75),Low (<0.33)
United States,New Mexico,789.97702173,5.0,5.0,2.7462471877742702,0.8882389903524535,Extremely High (>80%),Extremely High (>75%),Medium - High (0.50-0.75),Low (<0.33)
United States,Texas,7103.46569138,5.0,5.0,2.7462471877742702,0.8882389903524535,Extremely High (>80%),Extremely High (>75%),Medium - High (0.50-0.75),Low (<0.33)
United States,Texas,5789.07123342,5.0,5.0,2.7462471877742702,0.8882389903524535,Extremely High (>80%),Extremely High (>75%),Medium - High (0.50-0.75),Low (<0.33)
United States,Texas,3708.85099263,1.352890174125721,1.077403212216618,3.587993902574921,0.4552303594932821,Low - Medium (10-20%),Low - Medium (5-25%),High (0.75-1.00),Low (<0.33)
United States,Texas,417.998642565,1.352890174125721,1.077403212216618,3.587993902574921,0.4552303594932821,Low - Medium (10-20%),Low - Medium (5-25%),High (0.75-1.00),Low (<0.33)
United States,Texas,122.310588878,1.352890174125721,1.077403212216618,3.587993902574921,0.4552303594932821,Low - Medium (10-20%),Low - Medium (5-25%),High (0.75-1.00),Low (<0.33)
United States,Texas,22.9019506379,1.352890174125721,1.077403212216618,3.587993902574921,0.4552303594932821,Low - Medium (10-20%),Low - Medium (5-25%),High (0.75-1.00),Low (<0.33)
United States,Texas,955.412617452,2.778739406818983,1.2791946915114063,3.398302871310897,0.4308762759902074,Medium - High (20-40%),Low - Medium (5-25%),High (0.75-1.00),Low (<0.33)
United States,Texas,5878.37325979,2.778739406818983,1.2791946915114063,3.398302871310897,0.4308762759902074,Medium - High (20-40%),Low - Medium (5-25%),High (0.75-1.00),Low (<0.33)
United States,Texas,7711.28121665,2.778739406818983,1.2791946915114063,3.398302871310897,0.4308762759902074,Medium - High (20-40%),Low - Medium (5-25%),High (0.75-1.00),Low (<0.33)
United States,Texas,374.259878243,2.778739406818983,1.2791946915114063,3.398302871310897,0.4308762759902074,Medium - High (20-40%),Low - Medium (5-25%),High (0.75-1.00),Low (<0.33)
United States,Texas,779.477512877,2.778739406818983,1.2791946915114063,3.398302871310897,0.4308762759902074,Medium - High (20-40%),Low - Medium (5-25%),High (0.75-1.00),Low (<0.33)
United States,Texas,0.33753895517,2.778739406818983,1.2791946915114063,3.398302871310897,0.4308762759902074,Medium - High (20-40%),Low - Medium (5-25%),High (0.75-1.00),Low (<0.33)
United States,Texas,3662.43691684,0.0,0.2310964499844579,4.156218816186115,0.4496544996727605,Low (<10%),Low (<5%),Extremely High (>1.00),Low (<0.33)
United States,Texas,1057.49653529,0.0,0.2310964499844579,4.156218816186115,0.4496544996727605,Low (<10%),Low (<5%),Extremely High (>1.00),Low (<0.33)
United States,Texas,6903.60079891,0.0,0.2310964499844579,4.156218816186115,0.4496544996727605,Low (<10%),Low (<5%),Extremely High (>1.00),Low (<0.33)
United States,Texas,1716.86487399,0.0,0.199087204517907,3.877863903872672,0.4520155441729671,Low (<10%),Low (<5%),High (0.75-1.00),Low (<0.33)
United States,Texas,351.673726148,0.0,0.199087204517907,3.877863903872672,0.4520155441729671,Low (<10%),Low (<5%),High (0.75-1.00),Low (<0.33)
United States,Texas,2816.58383332,5.0,5.0,3.1497615798985485,0.455865927242283,Arid and Low Water Use,Arid and Low Water Use,High (0.75-1.00),Low (<0.33)
United States,Texas,5302.22302328,5.0,5.0,3.1497615798985485,0.455865927242283,Arid and Low Water Use,Arid and Low Water Use,High (0.75-1.00),Low (<0.33)
United States,Texas,8673.62567969,2.5658614708972505,1.4372435764525189,3.1180111788742977,0.3127876048268176,Medium - High (20-40%),Low - Medium (5-25%),High (0.75-1.00),Low (<0.33)
United States,Texas,1923.47238092,2.5658614708972505,1.4372435764525189,3.1180111788742977,0.3127876048268176,Medium - High (20-40%),Low - Medium (5-25%),High (0.75-1.00),Low (<0.33)
United States,Texas,237.27919066,2.5658614708972505,1.4372435764525189,3.1180111788742977,0.3127876048268176,Medium - High (20-40%),Low - Medium (5-25%),High (0.75-1.00),Low (<0.33)
United States,Texas,1296.96785251,3.004037830720484,1.879582923899283,4.361856542231962,0.3519836645675713,High (40-80%),Low - Medium (5-25%),Extremely High (>1.00),Low (<0.33)
United States,Texas,16174.1936072,3.004037830720484,1.879582923899283,4.361856542231962,0.3519836645675713,High (40-80%),Low - Medium (5-25%),Extremely High (>1.00),Low (<0.33)
United States,Texas,5341.12835288,1.7725275811319554,1.2002133141808993,3.7508768144843447,0.3116994849530451,Low - Medium (10-20%),Low - Medium (5-25%),High (0.75-1.00),Low (<0.33)
United States,Texas,1292.63200093,1.7725275811319554,1.2002133141808993,3.7508768144843447,0.3116994849530451,Low - Medium (10-20%),Low - Medium (5-25%),High (0.75-1.00),Low (<0.33)
United States,New Mexico,844.704300454,5.0,5.0,3.742482999202468,0.5619244635730262,Extremely High (>80%),Extremely High (>75%),High (0.75-1.00),Low (<0.33)
United States,Texas,5391.92715089,5.0,5.0,3.742482999202468,0.5619244635730262,Extremely High (>80%),Extremely High (>75%),High (0.75-1.00),Low (<0.33)
United States,Texas,5867.08841148,5.0,5.0,3.742482999202468,0.5619244635730262,Extremely High (>80%),Extremely High (>75%),High (0.75-1.00),Low (<0.33)
United States,New Mexico,6275.36411838,5.0,5.0,3.1683769377418547,0.5780782951701858,Extremely High (>80%),Extremely High (>75%),High (0.75-1.00),Low (<0.33)
United States,Texas,16154.2870077,5.0,5.0,3.1683769377418547,0.5780782951701858,Extremely High (>80%),Extremely High (>75%),High (0.75-1.00),Low (<0.33)
United States,Texas,856.697307888,5.0,5.0,3.1683769377418547,0.5780782951701858,Extremely High (>80%),Extremely High (>75%),High (0.75-1.00),Low (<0.33)
United States,Texas,3177.7943321,5.0,5.0,3.1683769377418547,0.5780782951701858,Extremely High (>80%),Extremely High (>75%),High (0.75-1.00),Low (<0.33)
United States,Texas,626.394868922,2.8616945784299084,1.8022593440825048,3.894578439389709,0.5071878466611339,Medium - High (20-40%),Low - Medium (5-25%),High (0.75-1.00),Low (<0.33)
United States,Texas,1650.26183519,2.8616945784299084,1.8022593440825048,3.894578439389709,0.5071878466611339,Medium - High (20-40%),Low - Medium (5-25%),High (0.75-1.00),Low (<0.33)
United States,Texas,182.370789032,2.8616945784299084,1.8022593440825048,3.894578439389709,0.5071878466611339,Medium - High (20-40%),Low - Medium (5-25%),High (0.75-1.00),Low (<0.33)
United States,Texas,3973.70047131,1.7394888233410504,1.1958200763885836,3.892669254713573,0.40486022574208,Low - Medium (10-20%),Low - Medium (5-25%),High (0.75-1.00),Low (<0.33)
United States,Texas,1907.24569334,1.7394888233410504,1.1958200763885836,3.892669254713573,0.40486022574208,Low - Medium (10-20%),Low - Medium (5-25%),High (0.75-1.00),Low (<0.33)
United States,Texas,2287.79352676,1.991874097261965,1.092679900800852,4.3430740013602325,0.4738826505164614,Low - Medium (10-20%),Low - Medium (5-25%),Extremely High (>1.00),Low (<0.33)
United States,Texas,175.152259666,1.991874097261965,1.092679900800852,4.3430740013602325,0.4738826505164614,Low - Medium (10-20%),Low - Medium (5-25%),Extremely High (>1.00),Low (<0.33)
United States,Texas,61.5840203402,1.991874097261965,1.092679900800852,4.3430740013602325,0.4738826505164614,Low - Medium (10-20%),Low - Medium (5-25%),Extremely High (>1.00),Low (<0.33)
United States,Texas,484.129686379,3.989606399774879,1.7949561615270555,3.9113907056883375,0.4761549673878832,High (40-80%),Low - Medium (5-25%),High (0.75-1.00),Low (<0.33)
United States,Texas,10063.8639872,3.989606399774879,1.7949561615270555,3.9113907056883375,0.4761549673878832,High (40-80%),Low - Medium (5-25%),High (0.75-1.00),Low (<0.33)
United States,Texas,513.514103282,3.989606399774879,1.7949561615270555,3.9113907056883375,0.4761549673878832,High (40-80%),Low - Medium (5-25%),High (0.75-1.00),Low (<0.33)
United States,Texas,15587.3047646,3.989606399774879,1.7949561615270555,3.9113907056883375,0.4761549673878832,High (40-80%),Low - Medium (5-25%),High (0.75-1.00),Low (<0.33)
United States,Texas,2.92406314254,3.989606399774879,1.7949561615270555,3.9113907056883375,0.4761549673878832,High (40-80%),Low - Medium (5-25%),High (0.75-1.00),Low (<0.33)
United States,Texas,6730.23858306,0.7482506950586505,0.517550807643665,4.164140485452013,0.4430390599580659,Low (<10%),Low (<5%),Extremely High (>1.00),Low (<0.33)
United States,Texas,113.406201005,0.7482506950586505,0.517550807643665,4.164140485452013,0.4430390599580659,Low (<10%),Low (<5%),Extremely High (>1.00),Low (<0.33)
United States,Texas,55.8654168446,0.7482506950586505,0.517550807643665,4.164140485452013,0.4430390599580659,Low (<10%),Low (<5%),Extremely High (>1.00),Low (<0.33)
United States,Texas,124.032260726,0.7482506950586505,0.517550807643665,4.164140485452013,0.4430390599580659,Low (<10%),Low (<5%),Extremely High (>1.00),Low (<0.33)
United States,Texas,3301.80595994,0.0384106591581531,0.3218724085671368,4.635161914513438,0.4481859704311873,Low (<10%),Low (<5%),Extremely High (>1.00),Low (<0.33)
United States,Texas,195.006433534,0.0384106591581531,0.3218724085671368,4.635161914513438,0.4481859704311873,Low (<10%),Low (<5%),Extremely High (>1.00),Low (<0.33)
United States,Texas,0.09615533652,0.0384106591581531,0.3218724085671368,4.635161914513438,0.4481859704311873,Low (<10%),Low (<5%),Extremely High (>1.00),Low (<0.33)
United States,Texas,849.28035881,4.317568519711092,3.1628759194093017,4.482650025479893,0.5597222440643324,Extremely High (>80%),High (50-75%),Extremely High (>1.00),Low (<0.33)
United States,Texas,5625.11346253,4.317568519711092,3.1628759194093017,4.482650025479893,0.5597222440643324,Extremely High (>80%),High (50-75%),Extremely High (>1.00),Low (<0.33)
United States,Texas,2153.54056791,4.317568519711092,3.1628759194093017,4.482650025479893,0.5597222440643324,Extremely High (>80%),High (50-75%),Extremely High (>1.00),Low (<0.33)
United States,Texas,9325.0538497,4.317568519711092,3.1628759194093017,4.482650025479893,0.5597222440643324,Extremely High (>80%),High (50-75%),Extremely High (>1.00),Low (<0.33)
United States,Texas,2377.42460308,0.0,0.1092886259381356,5.0,0.5029742713519358,Low (<10%),Low (<5%),Extremely High (>1.00),Low (<0.33)
United States,Texas,1552.56737504,0.0,0.1092886259381356,5.0,0.5029742713519358,Low (<10%),Low (<5%),Extremely High (>1.00),Low (<0.33)
United States,Texas,490.921795535,5.0,5.0,5.0,0.3834751672750989,Arid and Low Water Use,Arid and Low Water Use,Extremely High (>1.00),Low (<0.33)
United States,Texas,902.305122158,5.0,5.0,5.0,0.3834751672750989,Arid and Low Water Use,Arid and Low Water Use,Extremely High (>1.00),Low (<0.33)
United States,Texas,0.15723576657,1.5287291827663814,1.050458646266505,4.76581961300209,0.7037980281591737,Low - Medium (10-20%),Low - Medium (5-25%),Extremely High (>1.00),Low (<0.33)
United States,Texas,6321.42352401,1.5287291827663814,1.050458646266505,4.76581961300209,0.7037980281591737,Low - Medium (10-20%),Low - Medium (5-25%),Extremely High (>1.00),Low (<0.33)
United States,Texas,2812.21118808,5.0,5.0,3.5523919166230247,1.0843755459276248,Arid and Low Water Use,Arid and Low Water Use,High (0.75-1.00),Low - Medium (0.33-0.66)
United States,Texas,1990.85302578,5.0,5.0,3.5523919166230247,1.0843755459276248,Arid and Low Water Use,Arid and Low Water Use,High (0.75-1.00),Low - Medium (0.33-0.66)
United States,Texas,546.286073058,1.6897822953845147,1.1767187612503158,4.768265296730256,0.7213506207040487,Low - Medium (10-20%),Low - Medium (5-25%),Extremely High (>1.00),Low (<0.33)
United States,Texas,707.516371503,1.6897822953845147,1.1767187612503158,4.768265296730256,0.7213506207040487,Low - Medium (10-20%),Low - Medium (5-25%),Extremely High (>1.00),Low (<0.33)
United States,Texas,2164.45783862,0.4334020718914463,0.6825448979614118,4.808324700461966,0.7632956626311478,Low (<10%),Low (<5%),Extremely High (>1.00),Low (<0.33)
United States,Texas,2349.72401012,0.0,0.2065231910620961,5.0,0.7854867359625988,Low (<10%),Low (<5%),Extremely High (>1.00),Low (<0.33)
United States,Texas,13512.9475847,3.604397711690854,1.561126470481734,3.8044145117481865,0.95411220337546,High (40-80%),Low - Medium (5-25%),High (0.75-1.00),Low (<0.33)
United States,Texas,6.09377029612,3.604397711690854,1.561126470481734,3.8044145117481865,0.95411220337546,High (40-80%),Low - Medium (5-25%),High (0.75-1.00),Low (<0.33)
United States,Texas,98.5153604269,3.604397711690854,1.561126470481734,3.8044145117481865,0.95411220337546,High (40-80%),Low - Medium (5-25%),High (0.75-1.00),Low (<0.33)
United States,Texas,109.863252108,3.604397711690854,1.561126470481734,3.8044145117481865,0.95411220337546,High (40-80%),Low - Medium (5-25%),High (0.75-1.00),Low (<0.33)
United States,Texas,449.993809931,3.604397711690854,1.561126470481734,3.8044145117481865,0.95411220337546,High (40-80%),Low - Medium (5-25%),High (0.75-1.00),Low (<0.33)
United States,Texas,3706.81822778,5.0,5.0,5.0,1.1740093553210715,Arid and Low Water Use,Arid and Low Water Use,Extremely High (>1.00),Low - Medium (0.33-0.66)
United States,Texas,1766.67015446,5.0,5.0,5.0,1.1740093553210715,Arid and Low Water Use,Arid and Low Water Use,Extremely High (>1.00),Low - Medium (0.33-0.66)
United States,Texas,0.83043266724,5.0,5.0,5.0,1.1740093553210715,Arid and Low Water Use,Arid and Low Water Use,Extremely High (>1.00),Low - Medium (0.33-0.66)
United States,Texas,5037.01032578,5.0,5.0,4.589417563356817,1.3564604130552604,Extremely High (>80%),Extremely High (>75%),Extremely High (>1.00),Low - Medium (0.33-0.66)
United States,Texas,1724.79526723,5.0,5.0,4.589417563356817,1.3564604130552604,Extremely High (>80%),Extremely High (>75%),Extremely High (>1.00),Low - Medium (0.33-0.66)
United States,Texas,28.0069822693,5.0,5.0,4.589417563356817,1.3564604130552604,Extremely High (>80%),Extremely High (>75%),Extremely High (>1.00),Low - Medium (0.33-0.66)
United States,Texas,269.717470776,5.0,5.0,4.589417563356817,1.3564604130552604,Extremely High (>80%),Extremely High (>75%),Extremely High (>1.00),Low - Medium (0.33-0.66)
United States,Texas,8015.44608189,5.0,5.0,2.557702093568601,1.0007864682212335,Arid and Low Water Use,Arid and Low Water Use,Medium - High (0.50-0.75),Low - Medium (0.33-0.66)
United States,New Mexico,3446.17834415,5.0,5.0,3.12954092024629,1.4956136342923647,Arid and Low Water Use,Arid and Low Water Use,High (0.75-1.00),Low - Medium (0.33-0.66)
United States,Texas,6448.36412625,5.0,5.0,3.12954092024629,1.4956136342923647,Arid and Low Water Use,Arid and Low Water Use,High (0.75-1.00),Low - Medium (0.33-0.66)
United States,New Mexico,2693.2330295,5.0,5.0,5.0,1.5842825391371558,Arid and Low Water Use,Arid and Low Water Use,Extremely High (>1.00),Low - Medium (0.33-0.66)
United States,New Mexico,1938.87949495,5.0,5.0,2.7484030192399924,1.3069713571366834,Extremely High (>80%),Extremely High (>75%),Medium - High (0.50-0.75),Low - Medium (0.33-0.66)
United States,New Mexico,1501.73589543,5.0,5.0,2.7484030192399924,1.3069713571366834,Extremely High (>80%),Extremely High (>75%),Medium - High (0.50-0.75),Low - Medium (0.33-0.66)
United States,New Mexico,3714.99879501,5.0,5.0,2.7449240909095525,1.1601042741758416,Arid and Low Water Use,Arid and Low Water Use,Medium - High (0.50-0.75),Low - Medium (0.33-0.66)
United States,New Mexico,7349.85884949,5.0,5.0,2.7449240909095525,1.1601042741758416,Arid and Low Water Use,Arid and Low Water Use,Medium - High (0.50-0.75),Low - Medium (0.33-0.66)
United States,Texas,5.70085608303,5.0,5.0,2.7449240909095525,1.1601042741758416,Arid and Low Water Use,Arid and Low Water Use,Medium - High (0.50-0.75),Low - Medium (0.33-0.66)
United States,Texas,2.29125595328,5.0,5.0,2.7449240909095525,1.1601042741758416,Arid and Low Water Use,Arid and Low Water Use,Medium - High (0.50-0.75),Low - Medium (0.33-0.66)
United States,New Mexico,896.722599348,5.0,5.0,5.0,1.7719515092468754,Arid and Low Water Use,Arid and Low Water Use,Extremely High (>1.00),Low - Medium (0.33-0.66)
United States,New Mexico,2314.72860219,5.0,5.0,5.0,1.7719515092468754,Arid and Low Water Use,Arid and Low Water Use,Extremely High (>1.00),Low - Medium (0.33-0.66)
United States,New Mexico,1514.95531173,5.0,5.0,2.0480258527470387,0.2304260906735893,Arid and Low Water Use,Arid and Low Water Use,Medium - High (0.50-0.75),Low (<0.33)
United States,New Mexico,3076.47253541,5.0,5.0,2.0480258527470387,0.2304260906735893,Arid and Low Water Use,Arid and Low Water Use,Medium - High (0.50-0.75),Low (<0.33)
United States,New Mexico,684.73143895,5.0,5.0,2.0480258527470387,0.2304260906735893,Arid and Low Water Use,Arid and Low Water Use,Medium - High (0.50-0.75),Low (<0.33)
United States,New Mexico,2551.46107421,5.0,5.0,1.938756383331253,0.3383934968979724,Arid and Low Water Use,Arid and Low Water Use,Low - Medium (0.25-0.50),Low (<0.33)
United States,New Mexico,5841.99991245,5.0,5.0,2.291093728530702,0.4493768243922582,Extremely High (>80%),Extremely High (>75%),Medium - High (0.50-0.75),Low (<0.33)
United States,Texas,436.217324635,3.879871652313116,2.175171703045655,2.8570526892853945,1.2879011872166672,High (40-80%),Medium - High (25-50%),Medium - High (0.50-0.75),Low - Medium (0.33-0.66)
United States,Texas,2912.9516242,3.879871652313116,2.175171703045655,2.8570526892853945,1.2879011872166672,High (40-80%),Medium - High (25-50%),Medium - High (0.50-0.75),Low - Medium (0.33-0.66)
United States,Texas,76.9785391632,2.3191557048683062,1.4096246930550742,4.063571939176694,1.195028233219902,Medium - High (20-40%),Low - Medium (5-25%),Extremely High (>1.00),Low - Medium (0.33-0.66)
United States,Texas,3021.15815751,2.3191557048683062,1.4096246930550742,4.063571939176694,1.195028233219902,Medium - High (20-40%),Low - Medium (5-25%),Extremely High (>1.00),Low - Medium (0.33-0.66)
United States,Texas,789.845482506,4.28738397619667,2.8644022945705805,3.550116941261274,1.1665509076203853,Extremely High (>80%),Medium - High (25-50%),High (0.75-1.00),Low - Medium (0.33-0.66)
United States,Texas,79.5406376298,4.28738397619667,2.8644022945705805,3.550116941261274,1.1665509076203853,Extremely High (>80%),Medium - High (25-50%),High (0.75-1.00),Low - Medium (0.33-0.66)
United States,Texas,5723.37847362,4.28738397619667,2.8644022945705805,3.550116941261274,1.1665509076203853,Extremely High (>80%),Medium - High (25-50%),High (0.75-1.00),Low - Medium (0.33-0.66)
United States,Texas,923.898436405,2.04573638002789,1.2061187587755555,3.645568705181224,0.9909363965376904,Medium - High (20-40%),Low - Medium (5-25%),High (0.75-1.00),Low (<0.33)
United States,Texas,1.23346113622,3.6393008389760073,2.421329703967196,3.973212177127599,0.5800405026061197,High (40-80%),Medium - High (25-50%),High (0.75-1.00),Low (<0.33)
United States,Texas,3220.14978493,5.0,5.0,4.889336315329588,0.6423813882996464,Extremely High (>80%),Extremely High (>75%),Extremely High (>1.00),Low (<0.33)
United States,Texas,11054.253736,0.0,0.2455683134828228,3.3653674985480366,1.6950100584196444,Low (<10%),Low (<5%),High (0.75-1.00),Low - Medium (0.33-0.66)
United States,Texas,247.862573117,0.0,0.0067464264097732,3.55459131229137,1.816749152529798,Low (<10%),Low (<5%),High (0.75-1.00),Low - Medium (0.33-0.66)
United States,Texas,0.01733094958,5.0,5.0,4.123118798439307,0.4687249751355957,Arid and Low Water Use,Arid and Low Water Use,Extremely High (>1.00),Low (<0.33)
United States,Texas,204.420936873,0.0,0.0196926108949984,3.5781698372235886,1.9749397334016845,Low (<10%),Low (<5%),High (0.75-1.00),Low - Medium (0.33-0.66)
United States,New Mexico,4250.84927505,5.0,5.0,4.124051054956751,0.7892160386819596,Arid and Low Water Use,Arid and Low Water Use,Extremely High (>1.00),Low (<0.33)
United States,New Mexico,0.52878275611,5.0,5.0,3.4158820975066884,0.6573911935893371,Arid and Low Water Use,Arid and Low Water Use,High (0.75-1.00),Low (<0.33)
United States,Texas,6203.16784655,5.0,5.0,3.4158820975066884,0.6573911935893371,Arid and Low Water Use,Arid and Low Water Use,High (0.75-1.00),Low (<0.33)
United States,Texas,2411.24249995,5.0,5.0,3.4158820975066884,0.6573911935893371,Arid and Low Water Use,Arid and Low Water Use,High (0.75-1.00),Low (<0.33)
United States,Texas,19359.2785008,5.0,5.0,3.4158820975066884,0.6573911935893371,Arid and Low Water Use,Arid and Low Water Use,High (0.75-1.00),Low (<0.33)
United States,New Mexico,2459.4475326,5.0,5.0,2.8268146116229578,0.7710952069295607,Arid and Low Water Use,Arid and Low Water Use,Medium - High (0.50-0.75),Low (<0.33)
United States,New Mexico,1228.99196263,5.0,5.0,2.8268146116229578,0.7710952069295607,Arid and Low Water Use,Arid and Low Water Use,Medium - High (0.50-0.75),Low (<0.33)
United States,Texas,2422.1688483,5.0,5.0,2.8268146116229578,0.7710952069295607,Arid and Low Water Use,Arid and Low Water Use,Medium - High (0.50-0.75),Low (<0.33)
United States,Texas,125.786927114,5.0,5.0,2.8268146116229578,0.7710952069295607,Arid and Low Water Use,Arid and Low Water Use,Medium - High (0.50-0.75),Low (<0.33)
United States,Texas,1078.42590607,5.0,5.0,5.0,1.2082170653079858,Arid and Low Water Use,Arid and Low Water Use,Extremely High (>1.00),Low - Medium (0.33-0.66)
United States,Texas,53.4096870464,5.0,5.0,5.0,1.2082170653079858,Arid and Low Water Use,Arid and Low Water Use,Extremely High (>1.00),Low - Medium (0.33-0.66)
United States,Texas,384.261483439,5.0,5.0,5.0,1.2082170653079858,Arid and Low Water Use,Arid and Low Water Use,Extremely High (>1.00),Low - Medium (0.33-0.66)
United States,Texas,2066.41858445,5.0,5.0,2.3278641836342904,0.5339664502862079,Arid and Low Water Use,Arid and Low Water Use,Medium - High (0.50-0.75),Low (<0.33)
United States,Texas,6216.04710276,5.0,5.0,2.3278641836342904,0.5339664502862079,Arid and Low Water Use,Arid and Low Water Use,Medium - High (0.50-0.75),Low (<0.33)
United States,Texas,86.320329418,5.0,5.0,2.3278641836342904,0.5339664502862079,Arid and Low Water Use,Arid and Low Water Use,Medium - High (0.50-0.75),Low (<0.33)
United States,New Mexico,1354.82041794,5.0,5.0,3.0103672461632662,0.8843639539109945,Extremely High (>80%),Extremely High (>75%),High (0.75-1.00),Low (<0.33)
United States,New Mexico,22721.5131574,5.0,5.0,3.0103672461632662,0.8843639539109945,Extremely High (>80%),Extremely High (>75%),High (0.75-1.00),Low (<0.33)
United States,Texas,3911.06490491,5.0,5.0,3.0103672461632662,0.8843639539109945,Extremely High (>80%),Extremely High (>75%),High (0.75-1.00),Low (<0.33)
United States,Texas,4626.01577036,5.0,5.0,3.0103672461632662,0.8843639539109945,Extremely High (>80%),Extremely High (>75%),High (0.75-1.00),Low (<0.33)
United States,New Mexico,4415.10902172,5.0,5.0,2.822737080199499,0.8824712104123946,Extremely High (>80%),Extremely High (>75%),Medium - High (0.50-0.75),Low (<0.33)
United States,New Mexico,254.819827797,2.5107024182903714,1.4977152430600158,3.088482597373388,0.7699828787056184,Medium - High (20-40%),Low - Medium (5-25%),High (0.75-1.00),Low (<0.33)
United States,New Mexico,1326.59181381,2.5107024182903714,1.4977152430600158,3.088482597373388,0.7699828787056184,Medium - High (20-40%),Low - Medium (5-25%),High (0.75-1.00),Low (<0.33)
United States,New Mexico,6853.18391368,5.0,5.0,2.1925812371483384,0.506437785580926,Arid and Low Water Use,Arid and Low Water Use,Medium - High (0.50-0.75),Low (<0.33)
United States,New Mexico,1852.86298913,5.0,5.0,1.9908642359454576,0.5495914587620866,Arid and Low Water Use,Arid and Low Water Use,Low - Medium (0.25-0.50),Low (<0.33)
United States,New Mexico,20163.2614734,5.0,5.0,1.9908642359454576,0.5495914587620866,Arid and Low Water Use,Arid and Low Water Use,Low - Medium (0.25-0.50),Low (<0.33)
United States,Texas,601.849639978,2.9408457292672905,2.388299684364084,3.5311447942377296,2.06801088291603,Medium - High (20-40%),Medium - High (25-50%),High (0.75-1.00),Medium - High (0.66-1.00)
United States,Texas,4392.56523236,5.0,5.0,5.0,0.2241936647615351,Arid and Low Water Use,Arid and Low Water Use,Extremely High (>1.00),Low (<0.33)
United States,Texas,4615.2186026,3.3820335171161333,3.052440755565899,3.305282945398907,2.025219006064852,High (40-80%),High (50-75%),High (0.75-1.00),Medium - High (0.66-1.00)
United States,Texas,955.376432855,5.0,5.0,1.552969684657522,0.5128357934605294,Arid and Low Water Use,Arid and Low Water Use,Low - Medium (0.25-0.50),Low (<0.33)
United States,Texas,4151.0742607,5.0,5.0,1.552969684657522,0.5128357934605294,Arid and Low Water Use,Arid and Low Water Use,Low - Medium (0.25-0.50),Low (<0.33)
United States,Texas,1898.24094026,3.433140535552719,3.0709563513478173,3.2790333060988326,2.033213689485651,High (40-80%),High (50-75%),High (0.75-1.00),Medium - High (0.66-1.00)
United States,Texas,0.26498341711,5.0,5.0,3.515597093781786,1.0739474073130515,Arid and Low Water Use,Arid and Low Water Use,High (0.75-1.00),Low - Medium (0.33-0.66)
United States,Texas,3387.41850464,4.84157626496398,5.0,3.167855207607085,1.9620057509814144,Extremely High (>80%),Extremely High (>75%),High (0.75-1.00),Low - Medium (0.33-0.66)
United States,Texas,0.79130916333,4.84157626496398,5.0,3.167855207607085,1.9620057509814144,Extremely High (>80%),Extremely High (>75%),High (0.75-1.00),Low - Medium (0.33-0.66)
United States,Texas,2465.04914316,4.84157626496398,5.0,3.167855207607085,1.9620057509814144,Extremely High (>80%),Extremely High (>75%),High (0.75-1.00),Low - Medium (0.33-0.66)
United States,Texas,4014.0783022,5.0,5.0,2.954423244972683,1.6716532363718182,Arid and Low Water Use,Arid and Low Water Use,Medium - High (0.50-0.75),Low - Medium (0.33-0.66)
United States,Texas,0.65170789689,5.0,5.0,2.954423244972683,1.6716532363718182,Arid and Low Water Use,Arid and Low Water Use,Medium - High (0.50-0.75),Low - Medium (0.33-0.66)
United States,Texas,788.967932582,3.7371279197947858,2.10391583877672,3.1414087761352416,1.9375803854020384,High (40-80%),Medium - High (25-50%),High (0.75-1.00),Low - Medium (0.33-0.66)
United States,Texas,88.6708649547,3.7371279197947858,2.10391583877672,3.1414087761352416,1.9375803854020384,High (40-80%),Medium - High (25-50%),High (0.75-1.00),Low - Medium (0.33-0.66)
United States,New Mexico,1888.88477105,5.0,5.0,1.841206657119498,0.4668939479365808,Arid and Low Water Use,Arid and Low Water Use,Low - Medium (0.25-0.50),Low (<0.33)
United States,New Mexico,1316.57342357,5.0,5.0,1.841206657119498,0.4668939479365808,Arid and Low Water Use,Arid and Low Water Use,Low - Medium (0.25-0.50),Low (<0.33)
United States,New Mexico,1932.50075457,5.0,5.0,1.841206657119498,0.4668939479365808,Arid and Low Water Use,Arid and Low Water Use,Low - Medium (0.25-0.50),Low (<0.33)
United States,New Mexico,950.589112845,4.663658508355201,2.6546100839532265,1.8671673011218624,0.9296423349100966,Extremely High (>80%),Medium - High (25-50%),Low - Medium (0.25-0.50),Low (<0.33)
United States,New Mexico,9584.7815053,4.663658508355201,2.6546100839532265,1.8671673011218624,0.9296423349100966,Extremely High (>80%),Medium - High (25-50%),Low - Medium (0.25-0.50),Low (<0.33)
United States,New Mexico,6369.0386817,4.663658508355201,2.6546100839532265,1.8671673011218624,0.9296423349100966,Extremely High (>80%),Medium - High (25-50%),Low - Medium (0.25-0.50),Low (<0.33)
United States,Texas,3268.33567954,4.663658508355201,2.6546100839532265,1.8671673011218624,0.9296423349100966,Extremely High (>80%),Medium - High (25-50%),Low - Medium (0.25-0.50),Low (<0.33)
United States,Texas,6826.3039513,4.663658508355201,2.6546100839532265,1.8671673011218624,0.9296423349100966,Extremely High (>80%),Medium - High (25-50%),Low - Medium (0.25-0.50),Low (<0.33)
United States,New Mexico,1707.83275612,0.0,0.0277272507394181,1.9683122544138387,1.15951767097216,Low (<10%),Low (<5%),Low - Medium (0.25-0.50),Low - Medium (0.33-0.66)
United States,New Mexico,1932.56904539,0.0,0.0277272507394181,1.9683122544138387,1.15951767097216,Low (<10%),Low (<5%),Low - Medium (0.25-0.50),Low - Medium (0.33-0.66)
United States,New Mexico,234.033593738,0.0,0.0139676164386504,1.959517628312991,1.1640929600474312,Low (<10%),Low (<5%),Low - Medium (0.25-0.50),Low - Medium (0.33-0.66)
United States,New Mexico,15389.727754,5.0,5.0,1.8633035665550053,0.5623220699371911,Arid and Low Water Use,Arid and Low Water Use,Low - Medium (0.25-0.50),Low (<0.33)
United States,New Mexico,615.437420345,5.0,5.0,1.8633035665550053,0.5623220699371911,Arid and Low Water Use,Arid and Low Water Use,Low - Medium (0.25-0.50),Low (<0.33)
United States,New Mexico,273.694126423,5.0,5.0,1.8633035665550053,0.5623220699371911,Arid and Low Water Use,Arid and Low Water Use,Low - Medium (0.25-0.50),Low (<0.33)
United States,New Mexico,2648.87483548,5.0,5.0,1.8633035665550053,0.5623220699371911,Arid and Low Water Use,Arid and Low Water Use,Low - Medium (0.25-0.50),Low (<0.33)
United States,New Mexico,164.79053208,3.577024152651049,1.4485627034254565,1.6587486287297932,1.472402992396051,High (40-80%),Low - Medium (5-25%),Low - Medium (0.25-0.50),Low - Medium (0.33-0.66)
United States,New Mexico,5216.66228493,3.577024152651049,1.4485627034254565,1.6587486287297932,1.472402992396051,High (40-80%),Low - Medium (5-25%),Low - Medium (0.25-0.50),Low - Medium (0.33-0.66)
United States,New Mexico,3643.71199315,3.577024152651049,1.4485627034254565,1.6587486287297932,1.472402992396051,High (40-80%),Low - Medium (5-25%),Low - Medium (0.25-0.50),Low - Medium (0.33-0.66)
United States,New Mexico,5666.71427196,3.577024152651049,1.4485627034254565,1.6587486287297932,1.472402992396051,High (40-80%),Low - Medium (5-25%),Low - Medium (0.25-0.50),Low - Medium (0.33-0.66)
United States,New Mexico,3880.61493728,1.186976550266958,1.1031859350914694,1.372215314541031,1.08688801200223,Low - Medium (10-20%),Low - Medium (5-25%),Low - Medium (0.25-0.50),Low - Medium (0.33-0.66)
United States,New Mexico,1944.98995278,1.186976550266958,1.1031859350914694,1.372215314541031,1.08688801200223,Low - Medium (10-20%),Low - Medium (5-25%),Low - Medium (0.25-0.50),Low - Medium (0.33-0.66)
United States,New Mexico,2214.00044367,1.186976550266958,1.1031859350914694,1.372215314541031,1.08688801200223,Low - Medium (10-20%),Low - Medium (5-25%),Low - Medium (0.25-0.50),Low - Medium (0.33-0.66)
United States,Colorado,213.493141217,1.186976550266958,1.1031859350914694,1.372215314541031,1.08688801200223,Low - Medium (10-20%),Low - Medium (5-25%),Low - Medium (0.25-0.50),Low - Medium (0.33-0.66)
United States,New Mexico,3411.31523059,1.7947607534306684,1.2455938504273034,1.6308669550252093,1.6603483002186497,Low - Medium (10-20%),Low - Medium (5-25%),Low - Medium (0.25-0.50),Low - Medium (0.33-0.66)
United States,New Mexico,88.3682405522,1.7947607534306684,1.2455938504273034,1.6308669550252093,1.6603483002186497,Low - Medium (10-20%),Low - Medium (5-25%),Low - Medium (0.25-0.50),Low - Medium (0.33-0.66)
United States,New Mexico,3672.28867136,1.7947607534306684,1.2455938504273034,1.6308669550252093,1.6603483002186497,Low - Medium (10-20%),Low - Medium (5-25%),Low - Medium (0.25-0.50),Low - Medium (0.33-0.66)
United States,Colorado,3035.88942553,1.7947607534306684,1.2455938504273034,1.6308669550252093,1.6603483002186497,Low - Medium (10-20%),Low - Medium (5-25%),Low - Medium (0.25-0.50),Low - Medium (0.33-0.66)
United States,Colorado,3084.14785975,1.7947607534306684,1.2455938504273034,1.6308669550252093,1.6603483002186497,Low - Medium (10-20%),Low - Medium (5-25%),Low - Medium (0.25-0.50),Low - Medium (0.33-0.66)
United States,Colorado,62.573537037,1.7947607534306684,1.2455938504273034,1.6308669550252093,1.6603483002186497,Low - Medium (10-20%),Low - Medium (5-25%),Low - Medium (0.25-0.50),Low - Medium (0.33-0.66)
United States,Colorado,2481.71088429,5.0,5.0,1.718651794866021,2.17446908944264,Extremely High (>80%),Extremely High (>75%),Low - Medium (0.25-0.50),Medium - High (0.66-1.00)
United States,Colorado,5051.07168061,5.0,5.0,1.718651794866021,2.17446908944264,Extremely High (>80%),Extremely High (>75%),Low - Medium (0.25-0.50),Medium - High (0.66-1.00)
United States,Colorado,3601.82459492,2.5954186556582006,1.723672748899353,1.752561966449942,2.001654289802892,Medium - High (20-40%),Low - Medium (5-25%),Low - Medium (0.25-0.50),Medium - High (0.66-1.00)
United States,Colorado,2010.58958327,2.5954186556582006,1.723672748899353,1.752561966449942,2.001654289802892,Medium - High (20-40%),Low - Medium (5-25%),Low - Medium (0.25-0.50),Medium - High (0.66-1.00)
United States,New Mexico,1126.58861564,5.0,5.0,2.486637656362876,1.7324446577544337,Arid and Low Water Use,Arid and Low Water Use,Medium - High (0.50-0.75),Low - Medium (0.33-0.66)
United States,New Mexico,9691.7927895,5.0,5.0,2.486637656362876,1.7324446577544337,Arid and Low Water Use,Arid and Low Water Use,Medium - High (0.50-0.75),Low - Medium (0.33-0.66)
United States,New Mexico,1519.41512976,5.0,5.0,3.638312627904465,2.3511002516189614,Extremely High (>80%),Extremely High (>75%),High (0.75-1.00),Medium - High (0.66-1.00)
United States,New Mexico,53.0535248451,5.0,5.0,2.0634730895699533,1.7246345319066632,Extremely High (>80%),Extremely High (>75%),Medium - High (0.50-0.75),Low - Medium (0.33-0.66)
United States,New Mexico,4355.45207598,5.0,5.0,3.305243462882049,0.934951761398148,Extremely High (>80%),Extremely High (>75%),High (0.75-1.00),Low (<0.33)
United States,Florida,0.03760837708,0.0,0.2964449398569014,2.1940257774587164,1.6189509940799856,Low (<10%),Low (<5%),Medium - High (0.50-0.75),Low - Medium (0.33-0.66)
United States,Arizona,1.75777152414,5.0,5.0,2.77148597190132,1.7138988574943652,Extremely High (>80%),Extremely High (>75%),Medium - High (0.50-0.75),Low - Medium (0.33-0.66)
United States,Arizona,4286.45903956,5.0,5.0,2.77148597190132,1.7138988574943652,Extremely High (>80%),Extremely High (>75%),Medium - High (0.50-0.75),Low - Medium (0.33-0.66)
United States,Arizona,78.8420282498,5.0,5.0,2.77148597190132,1.7138988574943652,Extremely High (>80%),Extremely High (>75%),Medium - High (0.50-0.75),Low - Medium (0.33-0.66)
United States,Arizona,2019.18512468,5.0,5.0,2.2104284650447688,1.111294821950163,Arid and Low Water Use,Arid and Low Water Use,Medium - High (0.50-0.75),Low - Medium (0.33-0.66)
United States,Arizona,2078.18160275,5.0,5.0,2.2104284650447688,1.111294821950163,Arid and Low Water Use,Arid and Low Water Use,Medium - High (0.50-0.75),Low - Medium (0.33-0.66)
United States,New Mexico,104.927867882,5.0,5.0,2.2104284650447688,1.111294821950163,Arid and Low Water Use,Arid and Low Water Use,Medium - High (0.50-0.75),Low - Medium (0.33-0.66)
United States,Arizona,350.710483044,5.0,5.0,3.0513973576561377,1.006811496922882,Extremely High (>80%),Extremely High (>75%),High (0.75-1.00),Low - Medium (0.33-0.66)
United States,Arizona,6599.09877531,5.0,5.0,5.0,0.4642553963488579,Arid and Low Water Use,Arid and Low Water Use,Extremely High (>1.00),Low (<0.33)
United States,Arizona,0.11542602255,5.0,5.0,5.0,0.4642553963488579,Arid and Low Water Use,Arid and Low Water Use,Extremely High (>1.00),Low (<0.33)
United States,Arizona,510.967023755,5.0,5.0,4.38874281557352,1.3029581634465377,Extremely High (>80%),Extremely High (>75%),Extremely High (>1.00),Low - Medium (0.33-0.66)
United States,Arizona,1433.71468581,5.0,5.0,4.38874281557352,1.3029581634465377,Extremely High (>80%),Extremely High (>75%),Extremely High (>1.00),Low - Medium (0.33-0.66)
United States,California,1967.62191146,5.0,5.0,4.082042573598839,1.8358263469096563,Extremely High (>80%),Extremely High (>75%),Extremely High (>1.00),Low - Medium (0.33-0.66)
United States,California,9392.75823547,5.0,5.0,4.082042573598839,1.8358263469096563,Extremely High (>80%),Extremely High (>75%),Extremely High (>1.00),Low - Medium (0.33-0.66)
United States,California,7168.33391138,5.0,5.0,4.082042573598839,1.8358263469096563,Extremely High (>80%),Extremely High (>75%),Extremely High (>1.00),Low - Medium (0.33-0.66)
United States,Arizona,1246.53552259,4.404950465071778,2.8760700377532364,3.2115092186790584,0.3623107420522633,Extremely High (>80%),Medium - High (25-50%),High (0.75-1.00),Low (<0.33)
United States,California,449.935191853,4.404950465071778,2.8760700377532364,3.2115092186790584,0.3623107420522633,Extremely High (>80%),Medium - High (25-50%),High (0.75-1.00),Low (<0.33)
United States,Arizona,26.5049238224,5.0,5.0,2.3567418305411456,1.0934058305059644,Arid and Low Water Use,Arid and Low Water Use,Medium - High (0.50-0.75),Low - Medium (0.33-0.66)
United States,New Mexico,5108.34550728,5.0,5.0,2.3567418305411456,1.0934058305059644,Arid and Low Water Use,Arid and Low Water Use,Medium - High (0.50-0.75),Low - Medium (0.33-0.66)
United States,New Mexico,864.728451421,5.0,5.0,2.3567418305411456,1.0934058305059644,Arid and Low Water Use,Arid and Low Water Use,Medium - High (0.50-0.75),Low - Medium (0.33-0.66)
United States,Arizona,4717.92887689,1.874561932171307,1.0006185696002443,3.194791259065912,0.3636180726374992,Low - Medium (10-20%),Low - Medium (5-25%),High (0.75-1.00),Low (<0.33)
United States,Arizona,1561.65320637,1.874561932171307,1.0006185696002443,3.194791259065912,0.3636180726374992,Low - Medium (10-20%),Low - Medium (5-25%),High (0.75-1.00),Low (<0.33)
United States,Arizona,4067.21656572,5.0,5.0,5.0,2.279368229636571,Arid and Low Water Use,Arid and Low Water Use,Extremely High (>1.00),Medium - High (0.66-1.00)
United States,Arizona,1682.7208216,5.0,5.0,4.426560593772574,1.428358485364298,Extremely High (>80%),Extremely High (>75%),Extremely High (>1.00),Low - Medium (0.33-0.66)
United States,Arizona,9242.74789375,5.0,5.0,4.426560593772574,1.428358485364298,Extremely High (>80%),Extremely High (>75%),Extremely High (>1.00),Low - Medium (0.33-0.66)
United States,Arizona,25.4051434495,5.0,5.0,4.426560593772574,1.428358485364298,Extremely High (>80%),Extremely High (>75%),Extremely High (>1.00),Low - Medium (0.33-0.66)
United States,Arizona,42.9231298101,5.0,5.0,5.0,2.7705923731466973,Extremely High (>80%),Extremely High (>75%),Extremely High (>1.00),Medium - High (0.66-1.00)
United States,Arizona,1190.9116593,5.0,5.0,5.0,2.7705923731466973,Extremely High (>80%),Extremely High (>75%),Extremely High (>1.00),Medium - High (0.66-1.00)
United States,Arizona,3622.40837852,5.0,5.0,5.0,2.7705923731466973,Extremely High (>80%),Extremely High (>75%),Extremely High (>1.00),Medium - High (0.66-1.00)
United States,Arizona,216.850547881,5.0,5.0,5.0,4.788465009050631,Extremely High (>80%),Extremely High (>75%),Extremely High (>1.00),Extremely High (>1.33)
United States,Arizona,1450.32132053,5.0,5.0,5.0,0.7216148507208762,Extremely High (>80%),Extremely High (>75%),Extremely High (>1.00),Low (<0.33)
United States,Arizona,2290.04527496,5.0,5.0,5.0,0.7216148507208762,Extremely High (>80%),Extremely High (>75%),Extremely High (>1.00),Low (<0.33)
United States,Arizona,5.03417042733,5.0,4.808657399320428,3.958907156069486,1.2314435490324822,Extremely High (>80%),Extremely High (>75%),High (0.75-1.00),Low - Medium (0.33-0.66)
United States,Arizona,1810.83824729,5.0,4.808657399320428,3.958907156069486,1.2314435490324822,Extremely High (>80%),Extremely High (>75%),High (0.75-1.00),Low - Medium (0.33-0.66)
United States,Arizona,596.395608338,5.0,4.808657399320428,3.958907156069486,1.2314435490324822,Extremely High (>80%),Extremely High (>75%),High (0.75-1.00),Low - Medium (0.33-0.66)
United States,Arizona,4030.5018578,5.0,5.0,2.340782416275672,0.5775098794919886,Extremely High (>80%),Extremely High (>75%),Medium - High (0.50-0.75),Low (<0.33)
United States,Arizona,1576.36502236,5.0,5.0,2.340782416275672,0.5775098794919886,Extremely High (>80%),Extremely High (>75%),Medium - High (0.50-0.75),Low (<0.33)
United States,Arizona,143.840112939,5.0,5.0,2.340782416275672,0.5775098794919886,Extremely High (>80%),Extremely High (>75%),Medium - High (0.50-0.75),Low (<0.33)
United States,Arizona,32.2963200498,0.3531948751780241,0.6851534763789626,3.683240112392818,1.1271047229655209,Low (<10%),Low (<5%),High (0.75-1.00),Low - Medium (0.33-0.66)
United States,Arizona,33.1013104952,0.3531948751780241,0.6851534763789626,3.683240112392818,1.1271047229655209,Low (<10%),Low (<5%),High (0.75-1.00),Low - Medium (0.33-0.66)
United States,Arizona,952.133368372,5.0,5.0,5.0,0.286548521884385,Arid and Low Water Use,Arid and Low Water Use,Extremely High (>1.00),Low (<0.33)
United States,Arizona,358.311347721,5.0,3.594775369991178,3.720834801605287,1.0834855706524422,Extremely High (>80%),High (50-75%),High (0.75-1.00),Low - Medium (0.33-0.66)
United States,Arizona,79.5426497212,5.0,3.594775369991178,3.720834801605287,1.0834855706524422,Extremely High (>80%),High (50-75%),High (0.75-1.00),Low - Medium (0.33-0.66)
United States,Arizona,1682.97430991,5.0,3.594775369991178,3.720834801605287,1.0834855706524422,Extremely High (>80%),High (50-75%),High (0.75-1.00),Low - Medium (0.33-0.66)
United States,Arizona,1116.36934051,1.6202798974205934,0.9397648764571082,3.0095412273053523,1.022536551540679,Low - Medium (10-20%),Low (<5%),High (0.75-1.00),Low - Medium (0.33-0.66)
United States,Arizona,14418.8518418,1.6202798974205934,0.9397648764571082,3.0095412273053523,1.022536551540679,Low - Medium (10-20%),Low (<5%),High (0.75-1.00),Low - Medium (0.33-0.66)
United States,Arizona,121.393109532,1.6202798974205934,0.9397648764571082,3.0095412273053523,1.022536551540679,Low - Medium (10-20%),Low (<5%),High (0.75-1.00),Low - Medium (0.33-0.66)
United States,Arizona,50.3570921317,1.6202798974205934,0.9397648764571082,3.0095412273053523,1.022536551540679,Low - Medium (10-20%),Low (<5%),High (0.75-1.00),Low - Medium (0.33-0.66)
United States,Arizona,471.244710702,1.6202798974205934,0.9397648764571082,3.0095412273053523,1.022536551540679,Low - Medium (10-20%),Low (<5%),High (0.75-1.00),Low - Medium (0.33-0.66)
United States,Arizona,383.214146039,3.226317601271875,1.5512537800630617,2.862684244591225,0.9986258889177156,High (40-80%),Low - Medium (5-25%),Medium - High (0.50-0.75),Low (<0.33)
United States,Arizona,5927.00249919,3.226317601271875,1.5512537800630617,2.862684244591225,0.9986258889177156,High (40-80%),Low - Medium (5-25%),Medium - High (0.50-0.75),Low (<0.33)
United States,Arizona,177.514541852,3.226317601271875,1.5512537800630617,2.862684244591225,0.9986258889177156,High (40-80%),Low - Medium (5-25%),Medium - High (0.50-0.75),Low (<0.33)
United States,Arizona,322.541771126,3.2955514519254963,1.51834033457826,2.2435817657697594,0.8267044502870567,High (40-80%),Low - Medium (5-25%),Medium - High (0.50-0.75),Low (<0.33)
United States,Arizona,888.460524264,3.2955514519254963,1.51834033457826,2.2435817657697594,0.8267044502870567,High (40-80%),Low - Medium (5-25%),Medium - High (0.50-0.75),Low (<0.33)
United States,Arizona,447.208562286,1.8190462731969324,1.0052642323709202,2.148083814550489,1.0505567827720892,Low - Medium (10-20%),Low - Medium (5-25%),Medium - High (0.50-0.75),Low - Medium (0.33-0.66)
United States,Arizona,64.2066320934,0.0,0.2470805983035767,2.0682548625657726,1.1971657733517764,Low (<10%),Low (<5%),Medium - High (0.50-0.75),Low - Medium (0.33-0.66)
United States,Arizona,1177.62750554,0.0,0.2470805983035767,2.0682548625657726,1.1971657733517764,Low (<10%),Low (<5%),Medium - High (0.50-0.75),Low - Medium (0.33-0.66)
United States,Arizona,4020.29100644,4.874478304905754,4.5100149699167424,1.813206292499049,0.4712498964750647,Extremely High (>80%),Extremely High (>75%),Low - Medium (0.25-0.50),Low (<0.33)
United States,Arizona,1425.78571597,5.0,5.0,1.3365384873112336,0.2874092777144282,Arid and Low Water Use,Arid and Low Water Use,Low - Medium (0.25-0.50),Low (<0.33)
United States,Arizona,1499.38948373,5.0,5.0,2.783011424643515,0.3760159223485736,Arid and Low Water Use,Arid and Low Water Use,Medium - High (0.50-0.75),Low (<0.33)
United States,Arizona,299.461161978,2.481333584168516,1.3895853627390602,4.042772374641021,1.1749415024219667,Medium - High (20-40%),Low - Medium (5-25%),Extremely High (>1.00),Low - Medium (0.33-0.66)
United States,Arizona,4918.26949151,5.0,5.0,3.2936072553438938,1.3188209349203186,Extremely High (>80%),Extremely High (>75%),High (0.75-1.00),Low - Medium (0.33-0.66)
United States,Arizona,12420.8690142,5.0,5.0,3.2936072553438938,1.3188209349203186,Extremely High (>80%),Extremely High (>75%),High (0.75-1.00),Low - Medium (0.33-0.66)
United States,Arizona,2635.17476286,5.0,5.0,3.2936072553438938,1.3188209349203186,Extremely High (>80%),Extremely High (>75%),High (0.75-1.00),Low - Medium (0.33-0.66)
United States,Arizona,203.520959303,5.0,5.0,3.2936072553438938,1.3188209349203186,Extremely High (>80%),Extremely High (>75%),High (0.75-1.00),Low - Medium (0.33-0.66)
United States,Arizona,85.230968149,5.0,5.0,4.242571801847507,1.173031913739944,Extremely High (>80%),Extremely High (>75%),Extremely High (>1.00),Low - Medium (0.33-0.66)
United States,Arizona,2860.16116369,5.0,5.0,4.242571801847507,1.173031913739944,Extremely High (>80%),Extremely High (>75%),Extremely High (>1.00),Low - Medium (0.33-0.66)
United States,Arizona,5094.44716695,5.0,5.0,4.242571801847507,1.173031913739944,Extremely High (>80%),Extremely High (>75%),Extremely High (>1.00),Low - Medium (0.33-0.66)
United States,Arizona,460.078355542,5.0,5.0,4.242571801847507,1.173031913739944,Extremely High (>80%),Extremely High (>75%),Extremely High (>1.00),Low - Medium (0.33-0.66)
United States,Arizona,1185.39960414,5.0,5.0,2.538448694174257,1.2544296243549573,Extremely High (>80%),Extremely High (>75%),Medium - High (0.50-0.75),Low - Medium (0.33-0.66)
United States,Arizona,4450.57253138,5.0,5.0,2.538448694174257,1.2544296243549573,Extremely High (>80%),Extremely High (>75%),Medium - High (0.50-0.75),Low - Medium (0.33-0.66)
United States,Arizona,706.07023154,5.0,5.0,2.538448694174257,1.2544296243549573,Extremely High (>80%),Extremely High (>75%),Medium - High (0.50-0.75),Low - Medium (0.33-0.66)
United States,Arizona,3429.36307188,5.0,5.0,2.538448694174257,1.2544296243549573,Extremely High (>80%),Extremely High (>75%),Medium - High (0.50-0.75),Low - Medium (0.33-0.66)
United States,Arizona,3541.90285371,4.966673548017539,5.0,2.6694403585235618,0.7026054064476018,Extremely High (>80%),Extremely High (>75%),Medium - High (0.50-0.75),Low (<0.33)
United States,Arizona,8352.55923402,4.966673548017539,5.0,2.6694403585235618,0.7026054064476018,Extremely High (>80%),Extremely High (>75%),Medium - High (0.50-0.75),Low (<0.33)
United States,Arizona,4425.50481634,4.966673548017539,5.0,2.6694403585235618,0.7026054064476018,Extremely High (>80%),Extremely High (>75%),Medium - High (0.50-0.75),Low (<0.33)
United States,New Mexico,67.6049885348,4.966673548017539,5.0,2.6694403585235618,0.7026054064476018,Extremely High (>80%),Extremely High (>75%),Medium - High (0.50-0.75),Low (<0.33)
United States,New Mexico,570.921468384,4.966673548017539,5.0,2.6694403585235618,0.7026054064476018,Extremely High (>80%),Extremely High (>75%),Medium - High (0.50-0.75),Low (<0.33)
United States,Arizona,112.883403983,1.3354229819520844,0.9728414207349528,2.4087982393854706,0.6422280533985667,Low - Medium (10-20%),Low (<5%),Medium - High (0.50-0.75),Low (<0.33)
United States,Arizona,2215.688137,1.3354229819520844,0.9728414207349528,2.4087982393854706,0.6422280533985667,Low - Medium (10-20%),Low (<5%),Medium - High (0.50-0.75),Low (<0.33)
United States,Arizona,109.291003896,1.3354229819520844,0.9728414207349528,2.4087982393854706,0.6422280533985667,Low - Medium (10-20%),Low (<5%),Medium - High (0.50-0.75),Low (<0.33)
United States,New Mexico,1229.45131677,1.3354229819520844,0.9728414207349528,2.4087982393854706,0.6422280533985667,Low - Medium (10-20%),Low (<5%),Medium - High (0.50-0.75),Low (<0.33)
United States,New Mexico,3670.29158626,1.3354229819520844,0.9728414207349528,2.4087982393854706,0.6422280533985667,Low - Medium (10-20%),Low (<5%),Medium - High (0.50-0.75),Low (<0.33)
United States,Arizona,113.479532232,5.0,5.0,2.160007308615933,0.5478294254502611,Arid and Low Water Use,Arid and Low Water Use,Medium - High (0.50-0.75),Low (<0.33)
United States,Arizona,1278.91234576,5.0,5.0,2.160007308615933,0.5478294254502611,Arid and Low Water Use,Arid and Low Water Use,Medium - High (0.50-0.75),Low (<0.33)
United States,New Mexico,6752.84894271,5.0,5.0,2.160007308615933,0.5478294254502611,Arid and Low Water Use,Arid and Low Water Use,Medium - High (0.50-0.75),Low (<0.33)
United States,New Mexico,35.9993740641,5.0,5.0,2.160007308615933,0.5478294254502611,Arid and Low Water Use,Arid and Low Water Use,Medium - High (0.50-0.75),Low (<0.33)
United States,New Mexico,1449.66391466,5.0,5.0,2.160007308615933,0.5478294254502611,Arid and Low Water Use,Arid and Low Water Use,Medium - High (0.50-0.75),Low (<0.33)
United States,New Mexico,775.911028209,5.0,5.0,2.160007308615933,0.5478294254502611,Arid and Low Water Use,Arid and Low Water Use,Medium - High (0.50-0.75),Low (<0.33)
United States,Arizona,2375.69670957,5.0,5.0,2.621090749373905,0.7841558911841644,Extremely High (>80%),Extremely High (>75%),Medium - High (0.50-0.75),Low (<0.33)
United States,Arizona,1306.97590254,5.0,5.0,2.621090749373905,0.7841558911841644,Extremely High (>80%),Extremely High (>75%),Medium - High (0.50-0.75),Low (<0.33)
United States,Arizona,10088.2789785,2.447412916668656,1.5314172835960196,2.8527007092252545,0.4628814100077395,Medium - High (20-40%),Low - Medium (5-25%),Medium - High (0.50-0.75),Low (<0.33)
United States,California,7.01361796949,2.447412916668656,1.5314172835960196,2.8527007092252545,0.4628814100077395,Medium - High (20-40%),Low - Medium (5-25%),Medium - High (0.50-0.75),Low (<0.33)
United States,California,5170.26761801,2.447412916668656,1.5314172835960196,2.8527007092252545,0.4628814100077395,Medium - High (20-40%),Low - Medium (5-25%),Medium - High (0.50-0.75),Low (<0.33)
United States,Arizona,9358.48781032,0.0,0.0571328725113134,2.7900032880554675,0.596539097111027,Low (<10%),Low (<5%),Medium - High (0.50-0.75),Low (<0.33)
United States,Arizona,143.398536239,0.0,0.0571328725113134,2.7900032880554675,0.596539097111027,Low (<10%),Low (<5%),Medium - High (0.50-0.75),Low (<0.33)
United States,Arizona,3484.6545149,0.0,0.0571328725113134,2.7900032880554675,0.596539097111027,Low (<10%),Low (<5%),Medium - High (0.50-0.75),Low (<0.33)
United States,Arizona,992.493344063,0.0,0.0571328725113134,2.7900032880554675,0.596539097111027,Low (<10%),Low (<5%),Medium - High (0.50-0.75),Low (<0.33)
United States,Nevada,4144.76224952,0.6701146863701557,0.3758922120719152,2.083084381241717,1.0564668070905745,Low (<10%),Low (<5%),Medium - High (0.50-0.75),Low - Medium (0.33-0.66)
United States,Nevada,3066.91905389,0.6701146863701557,0.3758922120719152,2.083084381241717,1.0564668070905745,Low (<10%),Low (<5%),Medium - High (0.50-0.75),Low - Medium (0.33-0.66)
United States,Arizona,8091.47638331,0.6701146863701557,0.3758922120719152,2.083084381241717,1.0564668070905745,Low (<10%),Low (<5%),Medium - High (0.50-0.75),Low - Medium (0.33-0.66)
United States,Arizona,682.744066965,0.6701146863701557,0.3758922120719152,2.083084381241717,1.0564668070905745,Low (<10%),Low (<5%),Medium - High (0.50-0.75),Low - Medium (0.33-0.66)
United States,California,3823.86074685,0.6701146863701557,0.3758922120719152,2.083084381241717,1.0564668070905745,Low (<10%),Low (<5%),Medium - High (0.50-0.75),Low - Medium (0.33-0.66)
United States,California,566.060942772,0.6701146863701557,0.3758922120719152,2.083084381241717,1.0564668070905745,Low (<10%),Low (<5%),Medium - High (0.50-0.75),Low - Medium (0.33-0.66)
United States,Nevada,624.939782304,5.0,5.0,5.0,3.6558836262462746,Extremely High (>80%),Extremely High (>75%),Extremely High (>1.00),High (1.00-1.33)
United States,Nevada,533.33575168,0.0,0.0025204599507367,2.0881349831780285,1.061512598318197,Low (<10%),Low (<5%),Medium - High (0.50-0.75),Low - Medium (0.33-0.66)
United States,Nevada,190.634444836,0.0,0.0025204599507367,2.0881349831780285,1.061512598318197,Low (<10%),Low (<5%),Medium - High (0.50-0.75),Low - Medium (0.33-0.66)
United States,Nevada,394.535449918,0.0,0.0025204599507367,2.0881349831780285,1.061512598318197,Low (<10%),Low (<5%),Medium - High (0.50-0.75),Low - Medium (0.33-0.66)
United States,Nevada,1981.11565386,5.0,5.0,4.774480476940142,2.1506625441444576,Extremely High (>80%),Extremely High (>75%),Extremely High (>1.00),Medium - High (0.66-1.00)
United States,Nevada,1355.33703723,5.0,5.0,4.774480476940142,2.1506625441444576,Extremely High (>80%),Extremely High (>75%),Extremely High (>1.00),Medium - High (0.66-1.00)
United States,Arizona,88.4318082888,5.0,5.0,4.774480476940142,2.1506625441444576,Extremely High (>80%),Extremely High (>75%),Extremely High (>1.00),Medium - High (0.66-1.00)
United States,Arizona,5096.24412677,5.0,5.0,4.774480476940142,2.1506625441444576,Extremely High (>80%),Extremely High (>75%),Extremely High (>1.00),Medium - High (0.66-1.00)
United States,Utah,3106.68517779,5.0,5.0,4.774480476940142,2.1506625441444576,Extremely High (>80%),Extremely High (>75%),Extremely High (>1.00),Medium - High (0.66-1.00)
United States,Utah,4.5918146546,5.0,5.0,4.774480476940142,2.1506625441444576,Extremely High (>80%),Extremely High (>75%),Extremely High (>1.00),Medium - High (0.66-1.00)
United States,Utah,4291.18782295,5.0,5.0,4.774480476940142,2.1506625441444576,Extremely High (>80%),Extremely High (>75%),Extremely High (>1.00),Medium - High (0.66-1.00)
United States,Nevada,865.024438126,0.0,0.0120533273654602,2.087303945795331,1.0604018774792197,Low (<10%),Low (<5%),Medium - High (0.50-0.75),Low - Medium (0.33-0.66)
United States,Nevada,5172.50981218,5.0,5.0,1.874382900014768,0.4514235742557895,Arid and Low Water Use,Arid and Low Water Use,Low - Medium (0.25-0.50),Low (<0.33)
United States,Nevada,1322.78395287,5.0,5.0,1.874382900014768,0.4514235742557895,Arid and Low Water Use,Arid and Low Water Use,Low - Medium (0.25-0.50),Low (<0.33)
United States,Utah,5.59229572827,5.0,5.0,1.874382900014768,0.4514235742557895,Arid and Low Water Use,Arid and Low Water Use,Low - Medium (0.25-0.50),Low (<0.33)
United States,Nevada,21.9815291309,,,,,No Data,No Data,No Data,No Data
United States,Nevada,727.050850964,5.0,5.0,5.0,2.172064622935232,Extremely High (>80%),Extremely High (>75%),Extremely High (>1.00),Medium - High (0.66-1.00)
United States,Nevada,1.6137088254,5.0,5.0,5.0,2.172064622935232,Extremely High (>80%),Extremely High (>75%),Extremely High (>1.00),Medium - High (0.66-1.00)
United States,Nevada,6781.93702184,5.0,5.0,4.420430853173006,1.4153717083893906,Arid and Low Water Use,Arid and Low Water Use,Extremely High (>1.00),Low - Medium (0.33-0.66)
United States,Nevada,39.1694290423,5.0,5.0,4.420430853173006,1.4153717083893906,Arid and Low Water Use,Arid and Low Water Use,Extremely High (>1.00),Low - Medium (0.33-0.66)
United States,Nevada,925.408722241,5.0,5.0,4.383572049220708,1.6842843956637938,Arid and Low Water Use,Arid and Low Water Use,Extremely High (>1.00),Low - Medium (0.33-0.66)
United States,Nevada,2376.21268846,5.0,5.0,3.6131554328972673,1.3844154850890915,Arid and Low Water Use,Arid and Low Water Use,High (0.75-1.00),Low - Medium (0.33-0.66)
United States,Nevada,581.741917233,0.0,0.0030545953222759,2.00873898737543,1.1286455033833886,Low (<10%),Low (<5%),Medium - High (0.50-0.75),Low - Medium (0.33-0.66)
United States,Nevada,83.9594498449,0.0,0.0030545953222759,2.00873898737543,1.1286455033833886,Low (<10%),Low (<5%),Medium - High (0.50-0.75),Low - Medium (0.33-0.66)
United States,Arizona,10658.9473973,0.0,0.0030545953222759,2.00873898737543,1.1286455033833886,Low (<10%),Low (<5%),Medium - High (0.50-0.75),Low - Medium (0.33-0.66)
United States,Arizona,466.629389353,0.0,0.0030545953222759,2.00873898737543,1.1286455033833886,Low (<10%),Low (<5%),Medium - High (0.50-0.75),Low - Medium (0.33-0.66)
United States,Arizona,7732.82975763,5.0,5.0,2.146249250292267,0.6844225939576516,Arid and Low Water Use,Arid and Low Water Use,Medium - High (0.50-0.75),Low (<0.33)
United States,Arizona,276.144354759,0.0,4.757663993764169e-08,1.939807566869135,1.2018566746206971,Low (<10%),Low (<5%),Low - Medium (0.25-0.50),Low - Medium (0.33-0.66)
United States,Arizona,987.170776422,5.0,5.0,5.0,1.52756117256247,Arid and Low Water Use,Arid and Low Water Use,Extremely High (>1.00),Low - Medium (0.33-0.66)
United States,Arizona,3443.76750996,5.0,5.0,5.0,1.52756117256247,Arid and Low Water Use,Arid and Low Water Use,Extremely High (>1.00),Low - Medium (0.33-0.66)
United States,Utah,1682.91028985,5.0,5.0,5.0,1.52756117256247,Arid and Low Water Use,Arid and Low Water Use,Extremely High (>1.00),Low - Medium (0.33-0.66)
United States,Arizona,2215.95935861,0.0,0.001037291265799,1.9225449076712924,1.204333800064763,Low (<10%),Low (<5%),Low - Medium (0.25-0.50),Low - Medium (0.33-0.66)
United States,Arizona,723.158482718,0.0,0.0274236962535295,3.583879014721776,1.6255947597421856,Low (<10%),Low (<5%),High (0.75-1.00),Low - Medium (0.33-0.66)
United States,Arizona,745.183370486,0.0,0.0274236962535295,3.583879014721776,1.6255947597421856,Low (<10%),Low (<5%),High (0.75-1.00),Low - Medium (0.33-0.66)
United States,Arizona,7072.01072809,5.0,5.0,5.0,0.4290740136014238,Arid and Low Water Use,Arid and Low Water Use,Extremely High (>1.00),Low (<0.33)
United States,Arizona,11764.0204774,5.0,5.0,3.173123725987528,1.4864413850868845,Arid and Low Water Use,Arid and Low Water Use,High (0.75-1.00),Low - Medium (0.33-0.66)
United States,Arizona,723.229931787,5.0,5.0,3.173123725987528,1.4864413850868845,Arid and Low Water Use,Arid and Low Water Use,High (0.75-1.00),Low - Medium (0.33-0.66)
United States,Arizona,5496.47818402,5.0,5.0,3.9365746410811457,1.481940545101642,Arid and Low Water Use,Arid and Low Water Use,High (0.75-1.00),Low - Medium (0.33-0.66)
United States,Arizona,13536.9010942,5.0,5.0,3.445041588730016,1.2402116230617688,Arid and Low Water Use,Arid and Low Water Use,High (0.75-1.00),Low - Medium (0.33-0.66)
United States,Arizona,524.830769591,5.0,5.0,3.445041588730016,1.2402116230617688,Arid and Low Water Use,Arid and Low Water Use,High (0.75-1.00),Low - Medium (0.33-0.66)
United States,Arizona,4341.194794,5.0,5.0,2.329900587358489,0.4210849989688831,Extremely High (>80%),Extremely High (>75%),Medium - High (0.50-0.75),Low (<0.33)
United States,New Mexico,3498.16027432,5.0,5.0,2.329900587358489,0.4210849989688831,Extremely High (>80%),Extremely High (>75%),Medium - High (0.50-0.75),Low (<0.33)
United States,Arizona,5126.98912464,4.51391421199177,4.773956285823502,2.902355716169391,0.5010795362016177,Extremely High (>80%),Extremely High (>75%),Medium - High (0.50-0.75),Low (<0.33)
United States,Arizona,4307.54350759,5.0,5.0,2.3084220746201902,0.4449457192042368,Arid and Low Water Use,Arid and Low Water Use,Medium - High (0.50-0.75),Low (<0.33)
United States,Arizona,0.05472737352,5.0,5.0,2.3084220746201902,0.4449457192042368,Arid and Low Water Use,Arid and Low Water Use,Medium - High (0.50-0.75),Low (<0.33)
United States,New Mexico,5145.06245287,5.0,5.0,2.3084220746201902,0.4449457192042368,Arid and Low Water Use,Arid and Low Water Use,Medium - High (0.50-0.75),Low (<0.33)
United States,Arizona,1724.37987005,5.0,5.0,2.068526077152152,0.5902803742452788,Arid and Low Water Use,Arid and Low Water Use,Medium - High (0.50-0.75),Low (<0.33)
United States,New Mexico,5130.75427363,5.0,5.0,2.068526077152152,0.5902803742452788,Arid and Low Water Use,Arid and Low Water Use,Medium - High (0.50-0.75),Low (<0.33)
United States,Arizona,5730.51778373,0.0,0.0274671185617425,1.8084521442360568,1.4402593502162344,Low (<10%),Low (<5%),Low - Medium (0.25-0.50),Low - Medium (0.33-0.66)
United States,Arizona,2069.83124857,0.0,0.0274671185617425,1.8084521442360568,1.4402593502162344,Low (<10%),Low (<5%),Low - Medium (0.25-0.50),Low - Medium (0.33-0.66)
United States,Utah,6585.4819645,0.0,0.0274671185617425,1.8084521442360568,1.4402593502162344,Low (<10%),Low (<5%),Low - Medium (0.25-0.50),Low - Medium (0.33-0.66)
United States,Arizona,1837.0769742,0.0,0.0784095611964406,2.438638832909358,0.9517285493058876,Low (<10%),Low (<5%),Medium - High (0.50-0.75),Low (<0.33)
United States,Utah,4526.16108813,0.0,0.0784095611964406,2.438638832909358,0.9517285493058876,Low (<10%),Low (<5%),Medium - High (0.50-0.75),Low (<0.33)
United States,Arizona,10043.7115862,5.0,5.0,2.408309423762982,0.2139592686361294,Arid and Low Water Use,Arid and Low Water Use,Medium - High (0.50-0.75),Low (<0.33)
United States,New Mexico,359.948476613,5.0,5.0,2.408309423762982,0.2139592686361294,Arid and Low Water Use,Arid and Low Water Use,Medium - High (0.50-0.75),Low (<0.33)
United States,Utah,278.882697744,5.0,5.0,2.408309423762982,0.2139592686361294,Arid and Low Water Use,Arid and Low Water Use,Medium - High (0.50-0.75),Low (<0.33)
United States,Arizona,1350.82854243,2.9494013457492416,1.4284522883623203,2.22512415840261,0.9765690131268148,Medium - High (20-40%),Low - Medium (5-25%),Medium - High (0.50-0.75),Low (<0.33)
United States,New Mexico,1783.30729225,2.9494013457492416,1.4284522883623203,2.22512415840261,0.9765690131268148,Medium - High (20-40%),Low - Medium (5-25%),Medium - High (0.50-0.75),Low (<0.33)
United States,Utah,6390.83152263,2.9494013457492416,1.4284522883623203,2.22512415840261,0.9765690131268148,Medium - High (20-40%),Low - Medium (5-25%),Medium - High (0.50-0.75),Low (<0.33)
United States,Colorado,5025.04718682,2.9494013457492416,1.4284522883623203,2.22512415840261,0.9765690131268148,Medium - High (20-40%),Low - Medium (5-25%),Medium - High (0.50-0.75),Low (<0.33)
United States,Arizona,25.3216055321,0.7798206153225284,0.5874822347048163,2.036719871303973,1.1716692305948735,Low (<10%),Low (<5%),Medium - High (0.50-0.75),Low - Medium (0.33-0.66)
United States,New Mexico,11889.2309927,0.7798206153225284,0.5874822347048163,2.036719871303973,1.1716692305948735,Low (<10%),Low (<5%),Medium - High (0.50-0.75),Low - Medium (0.33-0.66)
United States,New Mexico,1551.17891035,2.159936309871785,1.2500016150804385,2.039909213300449,1.1695020961991918,Medium - High (20-40%),Low - Medium (5-25%),Medium - High (0.50-0.75),Low - Medium (0.33-0.66)
United States,Colorado,1088.87749086,2.159936309871785,1.2500016150804385,2.039909213300449,1.1695020961991918,Medium - High (20-40%),Low - Medium (5-25%),Medium - High (0.50-0.75),Low - Medium (0.33-0.66)
United States,New Mexico,587.806376354,2.7469756726446253,1.400410836405564,1.6186272361534444,1.3173255917835536,Medium - High (20-40%),Low - Medium (5-25%),Low - Medium (0.25-0.50),Low - Medium (0.33-0.66)
United States,Colorado,772.145622533,2.7469756726446253,1.400410836405564,1.6186272361534444,1.3173255917835536,Medium - High (20-40%),Low - Medium (5-25%),Low - Medium (0.25-0.50),Low - Medium (0.33-0.66)
United States,Colorado,747.841005052,2.7469756726446253,1.400410836405564,1.6186272361534444,1.3173255917835536,Medium - High (20-40%),Low - Medium (5-25%),Low - Medium (0.25-0.50),Low - Medium (0.33-0.66)
United States,Colorado,1459.43044596,2.7469756726446253,1.400410836405564,1.6186272361534444,1.3173255917835536,Medium - High (20-40%),Low - Medium (5-25%),Low - Medium (0.25-0.50),Low - Medium (0.33-0.66)
United States,New Mexico,1519.10066382,1.7903064430830993,1.1328095589975855,1.927240923501525,1.3051831629091644,Low - Medium (10-20%),Low - Medium (5-25%),Low - Medium (0.25-0.50),Low - Medium (0.33-0.66)
United States,New Mexico,2118.91703765,0.0,0.1368352980750218,2.2811213682635088,1.5055973060746477,Low (<10%),Low (<5%),Medium - High (0.50-0.75),Low - Medium (0.33-0.66)
United States,New Mexico,2334.30001823,0.0,0.1368352980750218,2.2811213682635088,1.5055973060746477,Low (<10%),Low (<5%),Medium - High (0.50-0.75),Low - Medium (0.33-0.66)
United States,New Mexico,361.955298595,1.4687765615611983,1.0681060175781647,1.9038669840998232,2.0976492756381395,Low - Medium (10-20%),Low - Medium (5-25%),Low - Medium (0.25-0.50),Medium - High (0.66-1.00)
United States,New Mexico,62.4226813894,1.4687765615611983,1.0681060175781647,1.9038669840998232,2.0976492756381395,Low - Medium (10-20%),Low - Medium (5-25%),Low - Medium (0.25-0.50),Medium - High (0.66-1.00)
United States,New Mexico,2757.65565144,1.4687765615611983,1.0681060175781647,1.9038669840998232,2.0976492756381395,Low - Medium (10-20%),Low - Medium (5-25%),Low - Medium (0.25-0.50),Medium - High (0.66-1.00)
United States,Colorado,9.78206408863,1.4687765615611983,1.0681060175781647,1.9038669840998232,2.0976492756381395,Low - Medium (10-20%),Low - Medium (5-25%),Low - Medium (0.25-0.50),Medium - High (0.66-1.00)
United States,Colorado,2936.30586339,1.4687765615611983,1.0681060175781647,1.9038669840998232,2.0976492756381395,Low - Medium (10-20%),Low - Medium (5-25%),Low - Medium (0.25-0.50),Medium - High (0.66-1.00)
United States,Colorado,3051.67402219,1.4687765615611983,1.0681060175781647,1.9038669840998232,2.0976492756381395,Low - Medium (10-20%),Low - Medium (5-25%),Low - Medium (0.25-0.50),Medium - High (0.66-1.00)
United States,Utah,24046.514868,0.0,0.0949523782984541,1.7735887648832052,1.4584956740223447,Low (<10%),Low (<5%),Low - Medium (0.25-0.50),Low - Medium (0.33-0.66)
United States,Utah,5884.03800002,0.0,0.0625983946484287,1.860187306919592,1.6469837044670117,Low (<10%),Low (<5%),Low - Medium (0.25-0.50),Low - Medium (0.33-0.66)
United States,Colorado,4.65910243635,0.0,0.0625983946484287,1.860187306919592,1.6469837044670117,Low (<10%),Low (<5%),Low - Medium (0.25-0.50),Low - Medium (0.33-0.66)
United States,Utah,1425.14556882,0.743460860282122,0.7619244469731534,1.901642303465724,1.6913040101611942,Low (<10%),Low (<5%),Low - Medium (0.25-0.50),Low - Medium (0.33-0.66)
United States,Colorado,9594.6971302,0.743460860282122,0.7619244469731534,1.901642303465724,1.6913040101611942,Low (<10%),Low (<5%),Low - Medium (0.25-0.50),Low - Medium (0.33-0.66)
United States,Colorado,1024.08702912,0.743460860282122,0.7619244469731534,1.901642303465724,1.6913040101611942,Low (<10%),Low (<5%),Low - Medium (0.25-0.50),Low - Medium (0.33-0.66)
United States,Utah,3106.85078274,0.0,0.2149480985621397,1.8360048690688249,1.6558600686235403,Low (<10%),Low (<5%),Low - Medium (0.25-0.50),Low - Medium (0.33-0.66)
United States,Colorado,3280.78564339,0.0,0.2149480985621397,1.8360048690688249,1.6558600686235403,Low (<10%),Low (<5%),Low - Medium (0.25-0.50),Low - Medium (0.33-0.66)
United States,Colorado,4895.5283527,2.358532048173964,1.4521281319357071,1.6412696763541987,2.0869181190899777,Medium - High (20-40%),Low - Medium (5-25%),Low - Medium (0.25-0.50),Medium - High (0.66-1.00)
United States,Colorado,8495.33322333,2.358532048173964,1.4521281319357071,1.6412696763541987,2.0869181190899777,Medium - High (20-40%),Low - Medium (5-25%),Low - Medium (0.25-0.50),Medium - High (0.66-1.00)
United States,Colorado,7430.44845496,2.358532048173964,1.4521281319357071,1.6412696763541987,2.0869181190899777,Medium - High (20-40%),Low - Medium (5-25%),Low - Medium (0.25-0.50),Medium - High (0.66-1.00)
United States,Colorado,3637.81229905,0.0,0.3469678568788992,1.850720809352619,1.7505466578307234,Low (<10%),Low (<5%),Low - Medium (0.25-0.50),Low - Medium (0.33-0.66)
United States,Colorado,1309.05019275,0.0,0.3469678568788992,1.850720809352619,1.7505466578307234,Low (<10%),Low (<5%),Low - Medium (0.25-0.50),Low - Medium (0.33-0.66)
United States,Colorado,2411.6997194,0.0,0.3469678568788992,1.850720809352619,1.7505466578307234,Low (<10%),Low (<5%),Low - Medium (0.25-0.50),Low - Medium (0.33-0.66)
United States,Colorado,3707.34376695,1.2113752716848565,0.63903067221926,1.702006123533692,2.531894255907273,Low - Medium (10-20%),Low (<5%),Low - Medium (0.25-0.50),Medium - High (0.66-1.00)
United States,Colorado,55.4749840429,1.2113752716848565,0.63903067221926,1.702006123533692,2.531894255907273,Low - Medium (10-20%),Low (<5%),Low - Medium (0.25-0.50),Medium - High (0.66-1.00)
United States,Colorado,432.588240536,0.0,0.0189516840208485,1.5769195838400003,2.103937347100875,Low (<10%),Low (<5%),Low - Medium (0.25-0.50),Medium - High (0.66-1.00)
United States,Colorado,2539.72154319,0.5396936299626358,0.3907328818670466,1.552759258162183,1.7972875236724066,Low (<10%),Low (<5%),Low - Medium (0.25-0.50),Low - Medium (0.33-0.66)
United States,Colorado,8118.97007177,1.6226040940013269,0.8319681076665639,1.5304123100544131,1.908075450515847,Low - Medium (10-20%),Low (<5%),Low - Medium (0.25-0.50),Low - Medium (0.33-0.66)
United States,Colorado,734.242062975,1.6226040940013269,0.8319681076665639,1.5304123100544131,1.908075450515847,Low - Medium (10-20%),Low (<5%),Low - Medium (0.25-0.50),Low - Medium (0.33-0.66)
United States,Utah,23539.7413877,0.0,0.2493480063475995,1.7393631112853756,1.5466106127662833,Low (<10%),Low (<5%),Low - Medium (0.25-0.50),Low - Medium (0.33-0.66)
United States,Utah,3222.60347128,1.664255711227533,1.0924167766901527,1.724979820379696,1.7248238420777144,Low - Medium (10-20%),Low - Medium (5-25%),Low - Medium (0.25-0.50),Low - Medium (0.33-0.66)
United States,Colorado,7086.15209881,1.664255711227533,1.0924167766901527,1.724979820379696,1.7248238420777144,Low - Medium (10-20%),Low - Medium (5-25%),Low - Medium (0.25-0.50),Low - Medium (0.33-0.66)
United States,Colorado,511.505003864,1.664255711227533,1.0924167766901527,1.724979820379696,1.7248238420777144,Low - Medium (10-20%),Low - Medium (5-25%),Low - Medium (0.25-0.50),Low - Medium (0.33-0.66)
United States,Colorado,2136.05808098,1.664255711227533,1.0924167766901527,1.724979820379696,1.7248238420777144,Low - Medium (10-20%),Low - Medium (5-25%),Low - Medium (0.25-0.50),Low - Medium (0.33-0.66)
United States,Utah,1.4065717131,,,,,No Data,No Data,No Data,No Data
United States,Utah,7349.59904404,3.884680253547963,2.812883615200883,2.135900994616083,2.692039820041121,High (40-80%),Medium - High (25-50%),Medium - High (0.50-0.75),Medium - High (0.66-1.00)
United States,Utah,2585.30018585,3.884680253547963,2.812883615200883,2.135900994616083,2.692039820041121,High (40-80%),Medium - High (25-50%),Medium - High (0.50-0.75),Medium - High (0.66-1.00)
United States,Utah,2924.79909383,0.25695596418056,0.7524700858685507,1.8236867730203628,1.2429544804889952,Low (<10%),Low (<5%),Low - Medium (0.25-0.50),Low - Medium (0.33-0.66)
United States,Utah,1076.52314257,0.25695596418056,0.7524700858685507,1.8236867730203628,1.2429544804889952,Low (<10%),Low (<5%),Low - Medium (0.25-0.50),Low - Medium (0.33-0.66)
United States,Colorado,251.149574369,0.25695596418056,0.7524700858685507,1.8236867730203628,1.2429544804889952,Low (<10%),Low (<5%),Low - Medium (0.25-0.50),Low - Medium (0.33-0.66)
United States,Wyoming,5814.30396376,1.3953321755478865,1.028629101869573,1.6399319740359166,1.5174444330777757,Low - Medium (10-20%),Low - Medium (5-25%),Low - Medium (0.25-0.50),Low - Medium (0.33-0.66)
United States,Wyoming,141.264022751,1.3953321755478865,1.028629101869573,1.6399319740359166,1.5174444330777757,Low - Medium (10-20%),Low - Medium (5-25%),Low - Medium (0.25-0.50),Low - Medium (0.33-0.66)
United States,Wyoming,167.641630524,1.3953321755478865,1.028629101869573,1.6399319740359166,1.5174444330777757,Low - Medium (10-20%),Low - Medium (5-25%),Low - Medium (0.25-0.50),Low - Medium (0.33-0.66)
United States,Colorado,6585.40212921,1.3953321755478865,1.028629101869573,1.6399319740359166,1.5174444330777757,Low - Medium (10-20%),Low - Medium (5-25%),Low - Medium (0.25-0.50),Low - Medium (0.33-0.66)
United States,Colorado,2449.15342679,1.3953321755478865,1.028629101869573,1.6399319740359166,1.5174444330777757,Low - Medium (10-20%),Low - Medium (5-25%),Low - Medium (0.25-0.50),Low - Medium (0.33-0.66)
United States,Colorado,6193.25316171,1.3953321755478865,1.028629101869573,1.6399319740359166,1.5174444330777757,Low - Medium (10-20%),Low - Medium (5-25%),Low - Medium (0.25-0.50),Low - Medium (0.33-0.66)
United States,Utah,1650.41439129,0.0,0.3516191774265557,1.7835277447546338,1.2350391806530967,Low (<10%),Low (<5%),Low - Medium (0.25-0.50),Low - Medium (0.33-0.66)
United States,Utah,1225.82826896,0.0,0.3516191774265557,1.7835277447546338,1.2350391806530967,Low (<10%),Low (<5%),Low - Medium (0.25-0.50),Low - Medium (0.33-0.66)
United States,Wyoming,3361.6287273,0.0,0.3516191774265557,1.7835277447546338,1.2350391806530967,Low (<10%),Low (<5%),Low - Medium (0.25-0.50),Low - Medium (0.33-0.66)
United States,Colorado,2071.96870457,0.0,0.3516191774265557,1.7835277447546338,1.2350391806530967,Low (<10%),Low (<5%),Low - Medium (0.25-0.50),Low - Medium (0.33-0.66)
United States,Utah,249.127419663,1.5939262172853763,1.069887014122738,2.1246126651986126,1.0249577647266834,Low - Medium (10-20%),Low - Medium (5-25%),Medium - High (0.50-0.75),Low - Medium (0.33-0.66)
United States,Utah,404.716607734,1.5939262172853763,1.069887014122738,2.1246126651986126,1.0249577647266834,Low - Medium (10-20%),Low - Medium (5-25%),Medium - High (0.50-0.75),Low - Medium (0.33-0.66)
United States,Wyoming,8886.32269249,1.5939262172853763,1.069887014122738,2.1246126651986126,1.0249577647266834,Low - Medium (10-20%),Low - Medium (5-25%),Medium - High (0.50-0.75),Low - Medium (0.33-0.66)
United States,Wyoming,21.2913983942,1.5939262172853763,1.069887014122738,2.1246126651986126,1.0249577647266834,Low - Medium (10-20%),Low - Medium (5-25%),Medium - High (0.50-0.75),Low - Medium (0.33-0.66)
United States,Wyoming,23044.3962977,2.6322453830672843,1.7559534297616464,2.0510599479730063,1.1783613585026715,Medium - High (20-40%),Low - Medium (5-25%),Medium - High (0.50-0.75),Low - Medium (0.33-0.66)
United States,Wyoming,2911.34283029,2.6322453830672843,1.7559534297616464,2.0510599479730063,1.1783613585026715,Medium - High (20-40%),Low - Medium (5-25%),Medium - High (0.50-0.75),Low - Medium (0.33-0.66)
United States,California,10.0101550769,5.0,5.0,4.041289366218637,1.4631822359828954,Arid and Low Water Use,Arid and Low Water Use,Extremely High (>1.00),Low - Medium (0.33-0.66)
United States,California,15064.1304298,5.0,5.0,4.041289366218637,1.4631822359828954,Arid and Low Water Use,Arid and Low Water Use,Extremely High (>1.00),Low - Medium (0.33-0.66)
United States,California,6450.03373655,5.0,5.0,4.041289366218637,1.4631822359828954,Arid and Low Water Use,Arid and Low Water Use,Extremely High (>1.00),Low - Medium (0.33-0.66)
United States,California,109.747296889,5.0,5.0,5.0,2.5307924529317063,Extremely High (>80%),Extremely High (>75%),Extremely High (>1.00),Medium - High (0.66-1.00)
United States,California,1116.75629546,5.0,5.0,5.0,2.5307924529317063,Extremely High (>80%),Extremely High (>75%),Extremely High (>1.00),Medium - High (0.66-1.00)
United States,Nevada,6407.59780763,5.0,5.0,3.357795024099487,1.177086039204978,Arid and Low Water Use,Arid and Low Water Use,High (0.75-1.00),Low - Medium (0.33-0.66)
United States,California,14542.7632987,5.0,5.0,3.357795024099487,1.177086039204978,Arid and Low Water Use,Arid and Low Water Use,High (0.75-1.00),Low - Medium (0.33-0.66)
United States,California,270.996101148,5.0,5.0,3.357795024099487,1.177086039204978,Arid and Low Water Use,Arid and Low Water Use,High (0.75-1.00),Low - Medium (0.33-0.66)
United States,California,278.726983689,5.0,5.0,3.703052010720414,0.972444815209605,Extremely High (>80%),Extremely High (>75%),High (0.75-1.00),Low (<0.33)
United States,California,714.915573308,5.0,5.0,3.703052010720414,0.972444815209605,Extremely High (>80%),Extremely High (>75%),High (0.75-1.00),Low (<0.33)
United States,California,10208.2632299,5.0,5.0,3.703052010720414,0.972444815209605,Extremely High (>80%),Extremely High (>75%),High (0.75-1.00),Low (<0.33)
United States,Nevada,9905.51442556,5.0,5.0,3.3246747009409496,0.9505832430064374,Arid and Low Water Use,Arid and Low Water Use,High (0.75-1.00),Low (<0.33)
United States,Nevada,4311.80193048,5.0,5.0,2.796903104634948,1.0067812728382668,Extremely High (>80%),Extremely High (>75%),Medium - High (0.50-0.75),Low - Medium (0.33-0.66)
United States,Nevada,880.655845216,5.0,5.0,2.796903104634948,1.0067812728382668,Extremely High (>80%),Extremely High (>75%),Medium - High (0.50-0.75),Low - Medium (0.33-0.66)
United States,California,1623.8098014,5.0,5.0,2.796903104634948,1.0067812728382668,Extremely High (>80%),Extremely High (>75%),Medium - High (0.50-0.75),Low - Medium (0.33-0.66)
United States,California,630.417580709,5.0,5.0,2.796903104634948,1.0067812728382668,Extremely High (>80%),Extremely High (>75%),Medium - High (0.50-0.75),Low - Medium (0.33-0.66)
United States,California,211.138293668,5.0,5.0,3.546928608599314,1.110963662442505,Extremely High (>80%),Extremely High (>75%),High (0.75-1.00),Low - Medium (0.33-0.66)
United States,California,1332.64838461,5.0,5.0,3.546928608599314,1.110963662442505,Extremely High (>80%),Extremely High (>75%),High (0.75-1.00),Low - Medium (0.33-0.66)
United States,California,7592.91197474,5.0,5.0,3.546928608599314,1.110963662442505,Extremely High (>80%),Extremely High (>75%),High (0.75-1.00),Low - Medium (0.33-0.66)
United States,California,4612.34131156,5.0,5.0,4.592734137787902,1.7735426832180898,Arid and Low Water Use,Arid and Low Water Use,Extremely High (>1.00),Low - Medium (0.33-0.66)
United States,California,2134.5890913,5.0,5.0,4.592734137787902,1.7735426832180898,Arid and Low Water Use,Arid and Low Water Use,Extremely High (>1.00),Low - Medium (0.33-0.66)
United States,California,9352.60075839,5.0,5.0,2.728445697464528,1.196769708454903,Arid and Low Water Use,Arid and Low Water Use,Medium - High (0.50-0.75),Low - Medium (0.33-0.66)
United States,California,5.1801734001,5.0,5.0,2.728445697464528,1.196769708454903,Arid and Low Water Use,Arid and Low Water Use,Medium - High (0.50-0.75),Low - Medium (0.33-0.66)
United States,California,343.390229543,5.0,5.0,2.728445697464528,1.196769708454903,Arid and Low Water Use,Arid and Low Water Use,Medium - High (0.50-0.75),Low - Medium (0.33-0.66)
United States,Nevada,20.2755452001,0.0,0.3472400103717031,2.582538631824067,1.137836689413675,Low (<10%),Low (<5%),Medium - High (0.50-0.75),Low - Medium (0.33-0.66)
United States,California,3660.91843105,0.0,0.3472400103717031,2.582538631824067,1.137836689413675,Low (<10%),Low (<5%),Medium - High (0.50-0.75),Low - Medium (0.33-0.66)
United States,California,635.204204815,0.0,0.3472400103717031,2.582538631824067,1.137836689413675,Low (<10%),Low (<5%),Medium - High (0.50-0.75),Low - Medium (0.33-0.66)
United States,Nevada,60.7529074969,2.18250831471799,1.451476186237487,1.9970070390075287,0.9018698122668724,Medium - High (20-40%),Low - Medium (5-25%),Low - Medium (0.25-0.50),Low (<0.33)
United States,Nevada,139.39368395,2.18250831471799,1.451476186237487,1.9970070390075287,0.9018698122668724,Medium - High (20-40%),Low - Medium (5-25%),Low - Medium (0.25-0.50),Low (<0.33)
United States,California,1977.83541368,2.18250831471799,1.451476186237487,1.9970070390075287,0.9018698122668724,Medium - High (20-40%),Low - Medium (5-25%),Low - Medium (0.25-0.50),Low (<0.33)
United States,California,6592.59060771,2.18250831471799,1.451476186237487,1.9970070390075287,0.9018698122668724,Medium - High (20-40%),Low - Medium (5-25%),Low - Medium (0.25-0.50),Low (<0.33)
United States,California,346.725570414,2.18250831471799,1.451476186237487,1.9970070390075287,0.9018698122668724,Medium - High (20-40%),Low - Medium (5-25%),Low - Medium (0.25-0.50),Low (<0.33)
United States,Nevada,12230.6240887,5.0,5.0,2.526191717925597,0.6277607523537784,Arid and Low Water Use,Arid and Low Water Use,Medium - High (0.50-0.75),Low (<0.33)
United States,Nevada,4313.98254213,5.0,5.0,2.660986335854294,0.77628974834811,Arid and Low Water Use,Arid and Low Water Use,Medium - High (0.50-0.75),Low (<0.33)
United States,Nevada,7465.79088632,5.0,5.0,2.7745155747963106,0.7867900474149105,Arid and Low Water Use,Arid and Low Water Use,Medium - High (0.50-0.75),Low (<0.33)
United States,Nevada,8379.09290038,5.0,5.0,2.353080796133696,0.6633592761421894,Arid and Low Water Use,Arid and Low Water Use,Medium - High (0.50-0.75),Low (<0.33)
United States,Nevada,8826.09206702,5.0,5.0,2.00808511353765,0.659771719987952,Arid and Low Water Use,Arid and Low Water Use,Medium - High (0.50-0.75),Low (<0.33)
United States,Nevada,13.3193865726,5.0,5.0,2.00808511353765,0.659771719987952,Arid and Low Water Use,Arid and Low Water Use,Medium - High (0.50-0.75),Low (<0.33)
United States,California,517.113008568,5.0,5.0,2.00808511353765,0.659771719987952,Arid and Low Water Use,Arid and Low Water Use,Medium - High (0.50-0.75),Low (<0.33)
United States,California,205.153497204,5.0,5.0,2.00808511353765,0.659771719987952,Arid and Low Water Use,Arid and Low Water Use,Medium - High (0.50-0.75),Low (<0.33)
United States,Nevada,2532.94002154,5.0,5.0,2.662679691811594,0.904774135610928,Arid and Low Water Use,Arid and Low Water Use,Medium - High (0.50-0.75),Low (<0.33)
United States,Nevada,298.804770332,5.0,5.0,2.662679691811594,0.904774135610928,Arid and Low Water Use,Arid and Low Water Use,Medium - High (0.50-0.75),Low (<0.33)
United States,California,57.2207702985,5.0,5.0,2.662679691811594,0.904774135610928,Arid and Low Water Use,Arid and Low Water Use,Medium - High (0.50-0.75),Low (<0.33)
United States,Nevada,4391.61169521,5.0,5.0,1.966453684256427,0.6346641493174014,Arid and Low Water Use,Arid and Low Water Use,Low - Medium (0.25-0.50),Low (<0.33)
United States,Nevada,290.247205671,0.0,0.0367000073907496,2.1195041351455903,0.8558563729470091,Low (<10%),Low (<5%),Medium - High (0.50-0.75),Low (<0.33)
United States,California,1358.351089,0.0,0.0367000073907496,2.1195041351455903,0.8558563729470091,Low (<10%),Low (<5%),Medium - High (0.50-0.75),Low (<0.33)
United States,California,396.932942618,0.0,0.0367000073907496,2.1195041351455903,0.8558563729470091,Low (<10%),Low (<5%),Medium - High (0.50-0.75),Low (<0.33)
United States,Nevada,2888.61027154,4.163886516682082,3.2353028807255635,2.9308016681928364,1.1020594458641666,Extremely High (>80%),High (50-75%),Medium - High (0.50-0.75),Low - Medium (0.33-0.66)
United States,Nevada,4495.94400799,4.163886516682082,3.2353028807255635,2.9308016681928364,1.1020594458641666,Extremely High (>80%),High (50-75%),Medium - High (0.50-0.75),Low - Medium (0.33-0.66)
United States,California,1453.74975908,4.163886516682082,3.2353028807255635,2.9308016681928364,1.1020594458641666,Extremely High (>80%),High (50-75%),Medium - High (0.50-0.75),Low - Medium (0.33-0.66)
United States,California,918.291567968,4.163886516682082,3.2353028807255635,2.9308016681928364,1.1020594458641666,Extremely High (>80%),High (50-75%),Medium - High (0.50-0.75),Low - Medium (0.33-0.66)
United States,Nevada,43544.560066,5.0,5.0,3.1115511015143764,1.746038448871699,Extremely High (>80%),Extremely High (>75%),High (0.75-1.00),Low - Medium (0.33-0.66)
United States,Nevada,5707.55135279,5.0,5.0,3.1115511015143764,1.746038448871699,Extremely High (>80%),Extremely High (>75%),High (0.75-1.00),Low - Medium (0.33-0.66)
United States,Nevada,3113.92069345,5.0,5.0,3.1115511015143764,1.746038448871699,Extremely High (>80%),Extremely High (>75%),High (0.75-1.00),Low - Medium (0.33-0.66)
United States,Nevada,29.0882898266,5.0,5.0,3.1115511015143764,1.746038448871699,Extremely High (>80%),Extremely High (>75%),High (0.75-1.00),Low - Medium (0.33-0.66)
United States,Nevada,181.80529746,5.0,5.0,3.1115511015143764,1.746038448871699,Extremely High (>80%),Extremely High (>75%),High (0.75-1.00),Low - Medium (0.33-0.66)
United States,California,55.8560293179,5.0,5.0,3.1115511015143764,1.746038448871699,Extremely High (>80%),Extremely High (>75%),High (0.75-1.00),Low - Medium (0.33-0.66)
United States,California,8.09923922807,5.0,5.0,3.1115511015143764,1.746038448871699,Extremely High (>80%),Extremely High (>75%),High (0.75-1.00),Low - Medium (0.33-0.66)
United States,California,1111.95575069,5.0,5.0,3.1115511015143764,1.746038448871699,Extremely High (>80%),Extremely High (>75%),High (0.75-1.00),Low - Medium (0.33-0.66)
United States,Nevada,12505.3420986,5.0,5.0,2.30046871497667,0.8626172752782402,Arid and Low Water Use,Arid and Low Water Use,Medium - High (0.50-0.75),Low (<0.33)
United States,Nevada,4958.98073421,2.8317126721596293,1.7619926964811246,2.272317001581621,0.7826693304938874,Medium - High (20-40%),Low - Medium (5-25%),Medium - High (0.50-0.75),Low (<0.33)
United States,Nevada,8073.51845464,5.0,5.0,2.501090718611783,1.0652624908948838,Arid and Low Water Use,Arid and Low Water Use,Medium - High (0.50-0.75),Low - Medium (0.33-0.66)
United States,Nevada,3772.24365516,5.0,5.0,2.695525720364859,0.5562163471618979,Arid and Low Water Use,Arid and Low Water Use,Medium - High (0.50-0.75),Low (<0.33)
United States,Nevada,198.032447754,3.082519184213296,1.376816137187442,2.346419348539089,1.3899880589371716,High (40-80%),Low - Medium (5-25%),Medium - High (0.50-0.75),Low - Medium (0.33-0.66)
United States,Nevada,4420.5080018,3.082519184213296,1.376816137187442,2.346419348539089,1.3899880589371716,High (40-80%),Low - Medium (5-25%),Medium - High (0.50-0.75),Low - Medium (0.33-0.66)
United States,Nevada,441.291534524,3.082519184213296,1.376816137187442,2.346419348539089,1.3899880589371716,High (40-80%),Low - Medium (5-25%),Medium - High (0.50-0.75),Low - Medium (0.33-0.66)
United States,Nevada,20.3100264503,3.082519184213296,1.376816137187442,2.346419348539089,1.3899880589371716,High (40-80%),Low - Medium (5-25%),Medium - High (0.50-0.75),Low - Medium (0.33-0.66)
United States,California,79.6811502325,3.082519184213296,1.376816137187442,2.346419348539089,1.3899880589371716,High (40-80%),Low - Medium (5-25%),Medium - High (0.50-0.75),Low - Medium (0.33-0.66)
United States,California,1934.3965491,3.082519184213296,1.376816137187442,2.346419348539089,1.3899880589371716,High (40-80%),Low - Medium (5-25%),Medium - High (0.50-0.75),Low - Medium (0.33-0.66)
United States,California,84.7807108263,3.082519184213296,1.376816137187442,2.346419348539089,1.3899880589371716,High (40-80%),Low - Medium (5-25%),Medium - High (0.50-0.75),Low - Medium (0.33-0.66)
United States,Nevada,3502.84957612,5.0,5.0,2.7263501224017244,0.9513437485024114,Arid and Low Water Use,Arid and Low Water Use,Medium - High (0.50-0.75),Low (<0.33)
United States,Nevada,1721.36011754,5.0,5.0,2.7263501224017244,0.9513437485024114,Arid and Low Water Use,Arid and Low Water Use,Medium - High (0.50-0.75),Low (<0.33)
United States,Nevada,1170.0115945,4.282612290099635,3.4479193295127364,3.325964850762898,1.0722417553363002,Extremely High (>80%),High (50-75%),High (0.75-1.00),Low - Medium (0.33-0.66)
United States,Nevada,413.75677736,4.282612290099635,3.4479193295127364,3.325964850762898,1.0722417553363002,Extremely High (>80%),High (50-75%),High (0.75-1.00),Low - Medium (0.33-0.66)
United States,California,190.929136754,4.282612290099635,3.4479193295127364,3.325964850762898,1.0722417553363002,Extremely High (>80%),High (50-75%),High (0.75-1.00),Low - Medium (0.33-0.66)
United States,California,407.843199238,4.282612290099635,3.4479193295127364,3.325964850762898,1.0722417553363002,Extremely High (>80%),High (50-75%),High (0.75-1.00),Low - Medium (0.33-0.66)
United States,California,5200.74680388,4.282612290099635,3.4479193295127364,3.325964850762898,1.0722417553363002,Extremely High (>80%),High (50-75%),High (0.75-1.00),Low - Medium (0.33-0.66)
United States,Nevada,92.9442998757,5.0,5.0,3.925030600836041,1.3949348349649455,Extremely High (>80%),Extremely High (>75%),High (0.75-1.00),Low - Medium (0.33-0.66)
United States,California,325.490838766,5.0,5.0,3.925030600836041,1.3949348349649455,Extremely High (>80%),Extremely High (>75%),High (0.75-1.00),Low - Medium (0.33-0.66)
United States,California,1751.39874234,5.0,5.0,3.925030600836041,1.3949348349649455,Extremely High (>80%),Extremely High (>75%),High (0.75-1.00),Low - Medium (0.33-0.66)
United States,Nevada,880.118933842,5.0,5.0,2.7046103093685296,0.939967306129598,Arid and Low Water Use,Arid and Low Water Use,Medium - High (0.50-0.75),Low (<0.33)
United States,Nevada,2503.9799778,5.0,5.0,2.7046103093685296,0.939967306129598,Arid and Low Water Use,Arid and Low Water Use,Medium - High (0.50-0.75),Low (<0.33)
United States,California,374.204443799,5.0,5.0,2.7046103093685296,0.939967306129598,Arid and Low Water Use,Arid and Low Water Use,Medium - High (0.50-0.75),Low (<0.33)
United States,Nevada,10041.3635612,5.0,5.0,2.167595611307339,0.8998795653241995,Extremely High (>80%),Extremely High (>75%),Medium - High (0.50-0.75),Low (<0.33)
United States,Nevada,4121.67848765,5.0,5.0,2.167595611307339,0.8998795653241995,Extremely High (>80%),Extremely High (>75%),Medium - High (0.50-0.75),Low (<0.33)
United States,Nevada,2758.4612703,5.0,5.0,2.167595611307339,0.8998795653241995,Extremely High (>80%),Extremely High (>75%),Medium - High (0.50-0.75),Low (<0.33)
United States,Oregon,377.385303394,5.0,5.0,2.167595611307339,0.8998795653241995,Extremely High (>80%),Extremely High (>75%),Medium - High (0.50-0.75),Low (<0.33)
United States,Oregon,1048.23847931,5.0,5.0,2.167595611307339,0.8998795653241995,Extremely High (>80%),Extremely High (>75%),Medium - High (0.50-0.75),Low (<0.33)
United States,Nevada,1701.4195238,1.864178824849195,1.264888562570237,2.0504858648033264,0.8610470052944692,Low - Medium (10-20%),Low - Medium (5-25%),Medium - High (0.50-0.75),Low (<0.33)
United States,Nevada,47.0987650906,5.0,5.0,2.1958902706485395,0.8843408332488425,Arid and Low Water Use,Arid and Low Water Use,Medium - High (0.50-0.75),Low (<0.33)
United States,Nevada,140.734435287,5.0,5.0,2.1958902706485395,0.8843408332488425,Arid and Low Water Use,Arid and Low Water Use,Medium - High (0.50-0.75),Low (<0.33)
United States,Nevada,2683.91794958,5.0,5.0,2.1958902706485395,0.8843408332488425,Arid and Low Water Use,Arid and Low Water Use,Medium - High (0.50-0.75),Low (<0.33)
United States,Nevada,22.3426633096,5.0,5.0,2.1958902706485395,0.8843408332488425,Arid and Low Water Use,Arid and Low Water Use,Medium - High (0.50-0.75),Low (<0.33)
United States,Oregon,3098.13893593,5.0,5.0,2.1958902706485395,0.8843408332488425,Arid and Low Water Use,Arid and Low Water Use,Medium - High (0.50-0.75),Low (<0.33)
United States,Oregon,1078.84260324,5.0,5.0,2.1958902706485395,0.8843408332488425,Arid and Low Water Use,Arid and Low Water Use,Medium - High (0.50-0.75),Low (<0.33)
United States,Oregon,741.648462515,5.0,5.0,2.1958902706485395,0.8843408332488425,Arid and Low Water Use,Arid and Low Water Use,Medium - High (0.50-0.75),Low (<0.33)
United States,Oregon,1099.27283695,5.0,5.0,2.292583224780828,0.9100194044730504,Arid and Low Water Use,Arid and Low Water Use,Medium - High (0.50-0.75),Low (<0.33)
United States,Nevada,1866.23900015,5.0,5.0,1.2968214709314212,0.2872169223500085,Extremely High (>80%),Extremely High (>75%),Low - Medium (0.25-0.50),Low (<0.33)
United States,Nevada,63.2168779693,5.0,5.0,1.2968214709314212,0.2872169223500085,Extremely High (>80%),Extremely High (>75%),Low - Medium (0.25-0.50),Low (<0.33)
United States,California,485.220041927,5.0,5.0,1.2968214709314212,0.2872169223500085,Extremely High (>80%),Extremely High (>75%),Low - Medium (0.25-0.50),Low (<0.33)
United States,California,1429.10908801,5.0,5.0,1.2968214709314212,0.2872169223500085,Extremely High (>80%),Extremely High (>75%),Low - Medium (0.25-0.50),Low (<0.33)
United States,Nevada,1872.28849473,5.0,4.27251657119441,1.6009296001866349,0.5758780442543918,Extremely High (>80%),Extremely High (>75%),Low - Medium (0.25-0.50),Low (<0.33)
United States,Nevada,10.175166916,5.0,5.0,3.5545122571469467,1.6428334994876177,Arid and Low Water Use,Arid and Low Water Use,High (0.75-1.00),Low - Medium (0.33-0.66)
United States,Nevada,347.76139143,5.0,5.0,3.5545122571469467,1.6428334994876177,Arid and Low Water Use,Arid and Low Water Use,High (0.75-1.00),Low - Medium (0.33-0.66)
United States,Oregon,2223.34006861,5.0,5.0,3.5545122571469467,1.6428334994876177,Arid and Low Water Use,Arid and Low Water Use,High (0.75-1.00),Low - Medium (0.33-0.66)
United States,Oregon,2067.60085439,5.0,5.0,3.5545122571469467,1.6428334994876177,Arid and Low Water Use,Arid and Low Water Use,High (0.75-1.00),Low - Medium (0.33-0.66)
United States,Oregon,116.442412254,5.0,5.0,3.5545122571469467,1.6428334994876177,Arid and Low Water Use,Arid and Low Water Use,High (0.75-1.00),Low - Medium (0.33-0.66)
United States,California,92.8397928584,5.0,5.0,3.5545122571469467,1.6428334994876177,Arid and Low Water Use,Arid and Low Water Use,High (0.75-1.00),Low - Medium (0.33-0.66)
United States,California,20.17124615,5.0,5.0,3.5545122571469467,1.6428334994876177,Arid and Low Water Use,Arid and Low Water Use,High (0.75-1.00),Low - Medium (0.33-0.66)
United States,Nevada,40.528371083,5.0,5.0,2.9450925581258227,1.001910150144912,Arid and Low Water Use,Arid and Low Water Use,Medium - High (0.50-0.75),Low - Medium (0.33-0.66)
United States,Nevada,985.259847891,5.0,5.0,2.9450925581258227,1.001910150144912,Arid and Low Water Use,Arid and Low Water Use,Medium - High (0.50-0.75),Low - Medium (0.33-0.66)
United States,Oregon,3821.63564067,5.0,5.0,2.9450925581258227,1.001910150144912,Arid and Low Water Use,Arid and Low Water Use,Medium - High (0.50-0.75),Low - Medium (0.33-0.66)
United States,Oregon,2578.94328034,5.0,5.0,2.9450925581258227,1.001910150144912,Arid and Low Water Use,Arid and Low Water Use,Medium - High (0.50-0.75),Low - Medium (0.33-0.66)
United States,Oregon,75.5614199951,5.0,5.0,2.9450925581258227,1.001910150144912,Arid and Low Water Use,Arid and Low Water Use,Medium - High (0.50-0.75),Low - Medium (0.33-0.66)
United States,Oregon,13659.744126,5.0,5.0,3.448480769924707,1.803910202526077,Extremely High (>80%),Extremely High (>75%),High (0.75-1.00),Low - Medium (0.33-0.66)
United States,Oregon,618.703901025,5.0,5.0,3.968688126878241,2.360337483669282,Arid and Low Water Use,Arid and Low Water Use,High (0.75-1.00),Medium - High (0.66-1.00)
United States,Oregon,9223.74338623,5.0,5.0,1.7772920830525938,0.4046033478466748,Arid and Low Water Use,Arid and Low Water Use,Low - Medium (0.25-0.50),Low (<0.33)
United States,Oregon,250.097688597,5.0,5.0,1.7772920830525938,0.4046033478466748,Arid and Low Water Use,Arid and Low Water Use,Low - Medium (0.25-0.50),Low (<0.33)
United States,Oregon,1063.02423657,1.6005469314169112,1.2597689527376037,2.072240757854164,0.4814392684843985,Low - Medium (10-20%),Low - Medium (5-25%),Medium - High (0.50-0.75),Low (<0.33)
United States,Oregon,2243.43359445,5.0,5.0,2.3858501458806565,1.174926800134928,Extremely High (>80%),Extremely High (>75%),Medium - High (0.50-0.75),Low - Medium (0.33-0.66)
United States,Oregon,81.1059965318,5.0,5.0,2.3858501458806565,1.174926800134928,Extremely High (>80%),Extremely High (>75%),Medium - High (0.50-0.75),Low - Medium (0.33-0.66)
United States,Nevada,10704.2451869,3.3093219934692173,1.8511786672082824,2.073516757862282,0.9021822692705186,High (40-80%),Low - Medium (5-25%),Medium - High (0.50-0.75),Low (<0.33)
United States,Nevada,13778.1537349,5.0,5.0,1.913026319441811,0.4493199621626336,Arid and Low Water Use,Arid and Low Water Use,Low - Medium (0.25-0.50),Low (<0.33)
United States,Nevada,0.54251908209,5.0,5.0,1.913026319441811,0.4493199621626336,Arid and Low Water Use,Arid and Low Water Use,Low - Medium (0.25-0.50),Low (<0.33)
United States,Nevada,5632.4352945,5.0,5.0,3.4438272609663736,1.9092331740149584,Arid and Low Water Use,Arid and Low Water Use,High (0.75-1.00),Low - Medium (0.33-0.66)
United States,Nevada,0.05287739806,5.0,5.0,3.4438272609663736,1.9092331740149584,Arid and Low Water Use,Arid and Low Water Use,High (0.75-1.00),Low - Medium (0.33-0.66)
United States,Utah,1.15310259313,0.0,0.0221464955197174,2.185680790281713,0.65413641887144,Low (<10%),Low (<5%),Medium - High (0.50-0.75),Low (<0.33)
United States,Utah,2540.51673016,0.0,0.0221464955197174,2.185680790281713,0.65413641887144,Low (<10%),Low (<5%),Medium - High (0.50-0.75),Low (<0.33)
United States,Utah,188.694728829,5.0,5.0,3.372685170289221,0.1397788067822428,Arid and Low Water Use,Arid and Low Water Use,High (0.75-1.00),Low (<0.33)
United States,Nevada,7608.83747106,0.1151789122049565,0.4541017897841568,2.349962147153044,1.1577252542437253,Low (<10%),Low (<5%),Medium - High (0.50-0.75),Low - Medium (0.33-0.66)
United States,Nevada,2316.56460738,0.1151789122049565,0.4541017897841568,2.349962147153044,1.1577252542437253,Low (<10%),Low (<5%),Medium - High (0.50-0.75),Low - Medium (0.33-0.66)
United States,Utah,3784.08012261,0.1151789122049565,0.4541017897841568,2.349962147153044,1.1577252542437253,Low (<10%),Low (<5%),Medium - High (0.50-0.75),Low - Medium (0.33-0.66)
United States,Utah,12750.4249681,0.1151789122049565,0.4541017897841568,2.349962147153044,1.1577252542437253,Low (<10%),Low (<5%),Medium - High (0.50-0.75),Low - Medium (0.33-0.66)
United States,Utah,12324.1576888,0.1151789122049565,0.4541017897841568,2.349962147153044,1.1577252542437253,Low (<10%),Low (<5%),Medium - High (0.50-0.75),Low - Medium (0.33-0.66)
United States,Utah,4466.25117964,1.335800415042965,0.9680434599818132,1.9630147878416704,0.4872869779948749,Low - Medium (10-20%),Low (<5%),Low - Medium (0.25-0.50),Low (<0.33)
United States,Idaho,23.653572353,2.67232674310805,1.465682561337296,2.477321392911965,1.2353062230452672,Medium - High (20-40%),Low - Medium (5-25%),Medium - High (0.50-0.75),Low - Medium (0.33-0.66)
United States,Idaho,1235.1978154,2.67232674310805,1.465682561337296,2.477321392911965,1.2353062230452672,Medium - High (20-40%),Low - Medium (5-25%),Medium - High (0.50-0.75),Low - Medium (0.33-0.66)
United States,Idaho,360.680638396,2.67232674310805,1.465682561337296,2.477321392911965,1.2353062230452672,Medium - High (20-40%),Low - Medium (5-25%),Medium - High (0.50-0.75),Low - Medium (0.33-0.66)
United States,Utah,3062.24038248,2.67232674310805,1.465682561337296,2.477321392911965,1.2353062230452672,Medium - High (20-40%),Low - Medium (5-25%),Medium - High (0.50-0.75),Low - Medium (0.33-0.66)
United States,Utah,217.173034023,0.0,3.862737095014697e-06,2.5981518477909056,1.3353974576251897,Low (<10%),Low (<5%),Medium - High (0.50-0.75),Low - Medium (0.33-0.66)
United States,Utah,2607.70101796,3.2322580514530403,1.701134162550305,2.247812077492454,1.134388005829037,High (40-80%),Low - Medium (5-25%),Medium - High (0.50-0.75),Low - Medium (0.33-0.66)
United States,Utah,3272.02443943,3.2322580514530403,1.701134162550305,2.247812077492454,1.134388005829037,High (40-80%),Low - Medium (5-25%),Medium - High (0.50-0.75),Low - Medium (0.33-0.66)
United States,Utah,9130.93348792,3.2322580514530403,1.701134162550305,2.247812077492454,1.134388005829037,High (40-80%),Low - Medium (5-25%),Medium - High (0.50-0.75),Low - Medium (0.33-0.66)
United States,Utah,96.9185240798,0.0,0.0,2.598376960770536,1.3354780079531678,Low (<10%),Low (<5%),Medium - High (0.50-0.75),Low - Medium (0.33-0.66)
United States,Utah,315.695805098,1.4517979624673991,1.0296378148541758,2.4919457972917995,1.2223610214166245,Low - Medium (10-20%),Low - Medium (5-25%),Medium - High (0.50-0.75),Low - Medium (0.33-0.66)
United States,Utah,4753.15455775,1.4517979624673991,1.0296378148541758,2.4919457972917995,1.2223610214166245,Low - Medium (10-20%),Low - Medium (5-25%),Medium - High (0.50-0.75),Low - Medium (0.33-0.66)
United States,Utah,593.681629689,1.4517979624673991,1.0296378148541758,2.4919457972917995,1.2223610214166245,Low - Medium (10-20%),Low - Medium (5-25%),Medium - High (0.50-0.75),Low - Medium (0.33-0.66)
United States,Wyoming,22.0765855236,1.4517979624673991,1.0296378148541758,2.4919457972917995,1.2223610214166245,Low - Medium (10-20%),Low - Medium (5-25%),Medium - High (0.50-0.75),Low - Medium (0.33-0.66)
United States,Idaho,3768.50751061,3.4758399054194133,2.2953366987734403,2.474729630386234,1.367452906736529,High (40-80%),Medium - High (25-50%),Medium - High (0.50-0.75),Low - Medium (0.33-0.66)
United States,Idaho,749.454793454,3.4758399054194133,2.2953366987734403,2.474729630386234,1.367452906736529,High (40-80%),Medium - High (25-50%),Medium - High (0.50-0.75),Low - Medium (0.33-0.66)
United States,Idaho,2732.39977281,3.4758399054194133,2.2953366987734403,2.474729630386234,1.367452906736529,High (40-80%),Medium - High (25-50%),Medium - High (0.50-0.75),Low - Medium (0.33-0.66)
United States,Idaho,2.95429605802,3.4758399054194133,2.2953366987734403,2.474729630386234,1.367452906736529,High (40-80%),Medium - High (25-50%),Medium - High (0.50-0.75),Low - Medium (0.33-0.66)
United States,Utah,740.680413693,3.4758399054194133,2.2953366987734403,2.474729630386234,1.367452906736529,High (40-80%),Medium - High (25-50%),Medium - High (0.50-0.75),Low - Medium (0.33-0.66)
United States,Utah,4245.80222287,3.4758399054194133,2.2953366987734403,2.474729630386234,1.367452906736529,High (40-80%),Medium - High (25-50%),Medium - High (0.50-0.75),Low - Medium (0.33-0.66)
United States,Utah,1290.8817961,3.4758399054194133,2.2953366987734403,2.474729630386234,1.367452906736529,High (40-80%),Medium - High (25-50%),Medium - High (0.50-0.75),Low - Medium (0.33-0.66)
United States,Utah,3865.76522388,3.4758399054194133,2.2953366987734403,2.474729630386234,1.367452906736529,High (40-80%),Medium - High (25-50%),Medium - High (0.50-0.75),Low - Medium (0.33-0.66)
United States,Wyoming,2607.74993575,3.4758399054194133,2.2953366987734403,2.474729630386234,1.367452906736529,High (40-80%),Medium - High (25-50%),Medium - High (0.50-0.75),Low - Medium (0.33-0.66)
United States,Wyoming,1300.84625839,3.4758399054194133,2.2953366987734403,2.474729630386234,1.367452906736529,High (40-80%),Medium - High (25-50%),Medium - High (0.50-0.75),Low - Medium (0.33-0.66)
United States,Utah,1900.96718228,5.0,5.0,3.089840944838265,0.6588788522358096,Arid and Low Water Use,Arid and Low Water Use,High (0.75-1.00),Low (<0.33)
United States,Utah,674.678224916,5.0,5.0,2.806320051444177,0.7528243928274814,Arid and Low Water Use,Arid and Low Water Use,Medium - High (0.50-0.75),Low (<0.33)
United States,Utah,812.698089743,5.0,5.0,2.806320051444177,0.7528243928274814,Arid and Low Water Use,Arid and Low Water Use,Medium - High (0.50-0.75),Low (<0.33)
United States,Utah,2237.73312994,0.0,0.05358356955743,1.6945294183290958,0.5133167932003048,Low (<10%),Low (<5%),Low - Medium (0.25-0.50),Low (<0.33)
United States,Utah,1877.1466478,3.3363987088477765,2.1411261182905976,2.343276824015456,1.261215135951921,High (40-80%),Medium - High (25-50%),Medium - High (0.50-0.75),Low - Medium (0.33-0.66)
United States,Utah,38.7898073574,3.3363987088477765,2.1411261182905976,2.343276824015456,1.261215135951921,High (40-80%),Medium - High (25-50%),Medium - High (0.50-0.75),Low - Medium (0.33-0.66)
United States,Utah,5756.59828269,3.3363987088477765,2.1411261182905976,2.343276824015456,1.261215135951921,High (40-80%),Medium - High (25-50%),Medium - High (0.50-0.75),Low - Medium (0.33-0.66)
United States,Utah,14.3267850028,3.3363987088477765,2.1411261182905976,2.343276824015456,1.261215135951921,High (40-80%),Medium - High (25-50%),Medium - High (0.50-0.75),Low - Medium (0.33-0.66)
United States,Utah,699.210946468,3.3363987088477765,2.1411261182905976,2.343276824015456,1.261215135951921,High (40-80%),Medium - High (25-50%),Medium - High (0.50-0.75),Low - Medium (0.33-0.66)
United States,Utah,15.2415222032,,,,,No Data,No Data,No Data,No Data
United States,Utah,645.705253916,5.0,5.0,2.4836081620522403,1.321691373382806,Extremely High (>80%),Extremely High (>75%),Medium - High (0.50-0.75),Low - Medium (0.33-0.66)
United States,Utah,1737.64665295,5.0,5.0,2.4836081620522403,1.321691373382806,Extremely High (>80%),Extremely High (>75%),Medium - High (0.50-0.75),Low - Medium (0.33-0.66)
United States,Utah,1396.15229742,5.0,5.0,2.4836081620522403,1.321691373382806,Extremely High (>80%),Extremely High (>75%),Medium - High (0.50-0.75),Low - Medium (0.33-0.66)
United States,Utah,272.904218847,0.0,0.0004765903079844,2.5705223648747864,1.27357666229894,Low (<10%),Low (<5%),Medium - High (0.50-0.75),Low - Medium (0.33-0.66)
United States,Utah,17.9569737592,0.0,0.0004765903079844,2.5705223648747864,1.27357666229894,Low (<10%),Low (<5%),Medium - High (0.50-0.75),Low - Medium (0.33-0.66)
United States,Utah,580.669745375,3.14875236258848,2.056357795115964,1.8680208395397744,0.8199083823252868,High (40-80%),Medium - High (25-50%),Low - Medium (0.25-0.50),Low (<0.33)
United States,Utah,3338.44177292,3.14875236258848,2.056357795115964,1.8680208395397744,0.8199083823252868,High (40-80%),Medium - High (25-50%),Low - Medium (0.25-0.50),Low (<0.33)
United States,Utah,7874.61211617,5.0,5.0,2.1910731521510773,1.2147551155047371,Extremely High (>80%),Extremely High (>75%),Medium - High (0.50-0.75),Low - Medium (0.33-0.66)
United States,Utah,2128.14287908,5.0,5.0,2.1910731521510773,1.2147551155047371,Extremely High (>80%),Extremely High (>75%),Medium - High (0.50-0.75),Low - Medium (0.33-0.66)
United States,Utah,3149.80635662,5.0,5.0,4.7647807900166175,1.9664293747153925,Arid and Low Water Use,Arid and Low Water Use,Extremely High (>1.00),Low - Medium (0.33-0.66)
United States,Utah,3015.11844478,4.253616035526446,2.4064534676178235,3.964698084808598,2.307032040144736,Extremely High (>80%),Medium - High (25-50%),High (0.75-1.00),Medium - High (0.66-1.00)
United States,Nevada,272.490875574,5.0,5.0,2.1221247066463147,0.5410858079824838,Extremely High (>80%),Extremely High (>75%),Medium - High (0.50-0.75),Low (<0.33)
United States,Utah,3049.92841379,5.0,5.0,2.1221247066463147,0.5410858079824838,Extremely High (>80%),Extremely High (>75%),Medium - High (0.50-0.75),Low (<0.33)
United States,Utah,989.480536378,5.0,5.0,2.1221247066463147,0.5410858079824838,Extremely High (>80%),Extremely High (>75%),Medium - High (0.50-0.75),Low (<0.33)
United States,Utah,1086.81488025,5.0,5.0,2.1221247066463147,0.5410858079824838,Extremely High (>80%),Extremely High (>75%),Medium - High (0.50-0.75),Low (<0.33)
United States,California,232.913165742,5.0,5.0,5.0,1.658360584386119,Extremely High (>80%),Extremely High (>75%),Extremely High (>1.00),Low - Medium (0.33-0.66)
United States,California,196.636645614,5.0,5.0,5.0,1.658360584386119,Extremely High (>80%),Extremely High (>75%),Extremely High (>1.00),Low - Medium (0.33-0.66)
United States,California,178.189000347,5.0,5.0,5.0,1.658360584386119,Extremely High (>80%),Extremely High (>75%),Extremely High (>1.00),Low - Medium (0.33-0.66)
United States,California,108.203679696,5.0,5.0,5.0,1.658360584386119,Extremely High (>80%),Extremely High (>75%),Extremely High (>1.00),Low - Medium (0.33-0.66)
United States,California,213.086446571,5.0,5.0,5.0,1.658360584386119,Extremely High (>80%),Extremely High (>75%),Extremely High (>1.00),Low - Medium (0.33-0.66)
United States,California,1.18945288842,3.521868483354387,1.364579738915166,1.015229989309893,0.427861112902667,High (40-80%),Low - Medium (5-25%),Low - Medium (0.25-0.50),Low (<0.33)
United States,California,0.19320366538,3.521868483354387,1.364579738915166,1.015229989309893,0.427861112902667,High (40-80%),Low - Medium (5-25%),Low - Medium (0.25-0.50),Low (<0.33)
United States,California,1235.16184786,5.0,4.281012986369449,1.4841366265379796,0.5679200106406476,Extremely High (>80%),Extremely High (>75%),Low - Medium (0.25-0.50),Low (<0.33)
United States,California,8993.33901085,5.0,5.0,4.740104468540872,1.8612476509929945,Extremely High (>80%),Extremely High (>75%),Extremely High (>1.00),Low - Medium (0.33-0.66)
United States,California,25.6322462795,5.0,5.0,4.740104468540872,1.8612476509929945,Extremely High (>80%),Extremely High (>75%),Extremely High (>1.00),Low - Medium (0.33-0.66)
United States,California,132.903736519,5.0,5.0,4.740104468540872,1.8612476509929945,Extremely High (>80%),Extremely High (>75%),Extremely High (>1.00),Low - Medium (0.33-0.66)
United States,California,6489.29719746,5.0,5.0,2.89532883517436,1.5058036275733673,Extremely High (>80%),Extremely High (>75%),Medium - High (0.50-0.75),Low - Medium (0.33-0.66)
United States,California,26.3396682598,5.0,5.0,2.89532883517436,1.5058036275733673,Extremely High (>80%),Extremely High (>75%),Medium - High (0.50-0.75),Low - Medium (0.33-0.66)
United States,California,0.20968544915,5.0,5.0,2.89532883517436,1.5058036275733673,Extremely High (>80%),Extremely High (>75%),Medium - High (0.50-0.75),Low - Medium (0.33-0.66)
United States,California,15035.9759482,5.0,4.773056341786777,2.8572647303988656,1.4223059794719617,Extremely High (>80%),Extremely High (>75%),Medium - High (0.50-0.75),Low - Medium (0.33-0.66)
United States,California,415.528437283,5.0,4.773056341786777,2.8572647303988656,1.4223059794719617,Extremely High (>80%),Extremely High (>75%),Medium - High (0.50-0.75),Low - Medium (0.33-0.66)
United States,California,4016.59848852,4.030775651047541,3.007802772104435,2.414793389504007,0.7375262509545328,Extremely High (>80%),High (50-75%),Medium - High (0.50-0.75),Low (<0.33)
United States,California,707.603989632,4.030775651047541,3.007802772104435,2.414793389504007,0.7375262509545328,Extremely High (>80%),High (50-75%),Medium - High (0.50-0.75),Low (<0.33)
United States,California,12.8139624725,4.030775651047541,3.007802772104435,2.414793389504007,0.7375262509545328,Extremely High (>80%),High (50-75%),Medium - High (0.50-0.75),Low (<0.33)
United States,California,3128.4480042,3.309715807954714,2.021509950457638,1.833694075787886,0.8619654832292084,High (40-80%),Medium - High (25-50%),Low - Medium (0.25-0.50),Low (<0.33)
United States,California,491.873157915,3.309715807954714,2.021509950457638,1.833694075787886,0.8619654832292084,High (40-80%),Medium - High (25-50%),Low - Medium (0.25-0.50),Low (<0.33)
United States,California,4241.92574926,5.0,5.0,1.5950424941816168,0.6870710995856706,Extremely High (>80%),Extremely High (>75%),Low - Medium (0.25-0.50),Low (<0.33)
United States,California,6798.70645836,5.0,5.0,1.5950424941816168,0.6870710995856706,Extremely High (>80%),Extremely High (>75%),Low - Medium (0.25-0.50),Low (<0.33)
United States,California,68.4246583428,5.0,5.0,1.5950424941816168,0.6870710995856706,Extremely High (>80%),Extremely High (>75%),Low - Medium (0.25-0.50),Low (<0.33)
United States,California,10.6964030065,5.0,5.0,1.5950424941816168,0.6870710995856706,Extremely High (>80%),Extremely High (>75%),Low - Medium (0.25-0.50),Low (<0.33)
United States,California,95.8540797443,1.756712453544042,0.9641834690239044,2.6281789705139635,2.140260301803131,Low - Medium (10-20%),Low (<5%),Medium - High (0.50-0.75),Medium - High (0.66-1.00)
United States,California,10534.3599347,1.756712453544042,0.9641834690239044,2.6281789705139635,2.140260301803131,Low - Medium (10-20%),Low (<5%),Medium - High (0.50-0.75),Medium - High (0.66-1.00)
United States,California,230.409066374,1.756712453544042,0.9641834690239044,2.6281789705139635,2.140260301803131,Low - Medium (10-20%),Low (<5%),Medium - High (0.50-0.75),Medium - High (0.66-1.00)
United States,California,408.57103744,1.756712453544042,0.9641834690239044,2.6281789705139635,2.140260301803131,Low - Medium (10-20%),Low (<5%),Medium - High (0.50-0.75),Medium - High (0.66-1.00)
United States,California,361.204714488,5.0,5.0,2.013628112593744,1.0328786780403627,Extremely High (>80%),Extremely High (>75%),Medium - High (0.50-0.75),Low - Medium (0.33-0.66)
United States,California,15.4072129974,5.0,5.0,2.013628112593744,1.0328786780403627,Extremely High (>80%),Extremely High (>75%),Medium - High (0.50-0.75),Low - Medium (0.33-0.66)
United States,California,674.402283175,5.0,5.0,2.013628112593744,1.0328786780403627,Extremely High (>80%),Extremely High (>75%),Medium - High (0.50-0.75),Low - Medium (0.33-0.66)
United States,California,11905.0185575,5.0,5.0,2.013628112593744,1.0328786780403627,Extremely High (>80%),Extremely High (>75%),Medium - High (0.50-0.75),Low - Medium (0.33-0.66)
United States,California,11586.4735185,5.0,5.0,2.013628112593744,1.0328786780403627,Extremely High (>80%),Extremely High (>75%),Medium - High (0.50-0.75),Low - Medium (0.33-0.66)
United States,California,11.3374093646,5.0,5.0,2.013628112593744,1.0328786780403627,Extremely High (>80%),Extremely High (>75%),Medium - High (0.50-0.75),Low - Medium (0.33-0.66)
United States,California,2975.03861618,5.0,5.0,2.5283958642381688,0.9327221179814008,Extremely High (>80%),Extremely High (>75%),Medium - High (0.50-0.75),Low (<0.33)
United States,California,2782.86962756,5.0,5.0,2.5283958642381688,0.9327221179814008,Extremely High (>80%),Extremely High (>75%),Medium - High (0.50-0.75),Low (<0.33)
United States,California,149.829804326,5.0,5.0,2.5283958642381688,0.9327221179814008,Extremely High (>80%),Extremely High (>75%),Medium - High (0.50-0.75),Low (<0.33)
United States,California,72.9516708486,5.0,5.0,2.0907885710103296,0.2515980990220244,Extremely High (>80%),Extremely High (>75%),Medium - High (0.50-0.75),Low (<0.33)
United States,California,8.00296883844,5.0,5.0,2.0907885710103296,0.2515980990220244,Extremely High (>80%),Extremely High (>75%),Medium - High (0.50-0.75),Low (<0.33)
United States,California,991.657959527,5.0,5.0,2.0907885710103296,0.2515980990220244,Extremely High (>80%),Extremely High (>75%),Medium - High (0.50-0.75),Low (<0.33)
United States,California,50.6876104764,0.0,0.0109093892295939,2.659984549232724,2.184798611304961,Low (<10%),Low (<5%),Medium - High (0.50-0.75),Medium - High (0.66-1.00)
United States,California,36.2520812725,0.0,0.0109093892295939,2.659984549232724,2.184798611304961,Low (<10%),Low (<5%),Medium - High (0.50-0.75),Medium - High (0.66-1.00)
United States,California,4.23541579647,0.0,0.0109093892295939,2.659984549232724,2.184798611304961,Low (<10%),Low (<5%),Medium - High (0.50-0.75),Medium - High (0.66-1.00)
United States,California,1438.90402185,4.6019053166019575,3.5704268571580413,3.1765808800538444,2.303901314696179,Extremely High (>80%),High (50-75%),High (0.75-1.00),Medium - High (0.66-1.00)
United States,California,48.6780235984,4.6019053166019575,3.5704268571580413,3.1765808800538444,2.303901314696179,Extremely High (>80%),High (50-75%),High (0.75-1.00),Medium - High (0.66-1.00)
United States,California,67.5564530539,4.6019053166019575,3.5704268571580413,3.1765808800538444,2.303901314696179,Extremely High (>80%),High (50-75%),High (0.75-1.00),Medium - High (0.66-1.00)
United States,California,50.4293890944,4.6019053166019575,3.5704268571580413,3.1765808800538444,2.303901314696179,Extremely High (>80%),High (50-75%),High (0.75-1.00),Medium - High (0.66-1.00)
United States,California,1190.63090731,1.1387318279482306,1.0628145216128932,2.579464993798786,2.0933004424681245,Low - Medium (10-20%),Low - Medium (5-25%),Medium - High (0.50-0.75),Medium - High (0.66-1.00)
United States,California,2492.57443331,1.1387318279482306,1.0628145216128932,2.579464993798786,2.0933004424681245,Low - Medium (10-20%),Low - Medium (5-25%),Medium - High (0.50-0.75),Medium - High (0.66-1.00)
United States,California,2165.64567588,1.1387318279482306,1.0628145216128932,2.579464993798786,2.0933004424681245,Low - Medium (10-20%),Low - Medium (5-25%),Medium - High (0.50-0.75),Medium - High (0.66-1.00)
United States,California,6.17245937998,1.1387318279482306,1.0628145216128932,2.579464993798786,2.0933004424681245,Low - Medium (10-20%),Low - Medium (5-25%),Medium - High (0.50-0.75),Medium - High (0.66-1.00)
United States,California,2915.19454109,3.933125898663696,2.697763552865432,2.899828051677696,1.8150420025994185,High (40-80%),Medium - High (25-50%),Medium - High (0.50-0.75),Low - Medium (0.33-0.66)
United States,California,754.455559325,3.933125898663696,2.697763552865432,2.899828051677696,1.8150420025994185,High (40-80%),Medium - High (25-50%),Medium - High (0.50-0.75),Low - Medium (0.33-0.66)
United States,California,3902.87036851,3.933125898663696,2.697763552865432,2.899828051677696,1.8150420025994185,High (40-80%),Medium - High (25-50%),Medium - High (0.50-0.75),Low - Medium (0.33-0.66)
United States,California,30.4943417168,3.933125898663696,2.697763552865432,2.899828051677696,1.8150420025994185,High (40-80%),Medium - High (25-50%),Medium - High (0.50-0.75),Low - Medium (0.33-0.66)
United States,California,462.176241994,2.258471256835679,1.43820254615922,2.4562769435432568,1.369107186763296,Medium - High (20-40%),Low - Medium (5-25%),Medium - High (0.50-0.75),Low - Medium (0.33-0.66)
United States,California,4579.10227658,2.258471256835679,1.43820254615922,2.4562769435432568,1.369107186763296,Medium - High (20-40%),Low - Medium (5-25%),Medium - High (0.50-0.75),Low - Medium (0.33-0.66)
United States,California,1159.1523444,3.771152494689285,2.602383440314536,2.902371546764881,1.8582148109614047,High (40-80%),Medium - High (25-50%),Medium - High (0.50-0.75),Low - Medium (0.33-0.66)
United States,California,197.714770823,3.771152494689285,2.602383440314536,2.902371546764881,1.8582148109614047,High (40-80%),Medium - High (25-50%),Medium - High (0.50-0.75),Low - Medium (0.33-0.66)
United States,California,546.1690469,3.771152494689285,2.602383440314536,2.902371546764881,1.8582148109614047,High (40-80%),Medium - High (25-50%),Medium - High (0.50-0.75),Low - Medium (0.33-0.66)
United States,California,436.465641144,2.5332732865969776,1.6546164724892218,2.1251357334218026,1.0435744383860657,Medium - High (20-40%),Low - Medium (5-25%),Medium - High (0.50-0.75),Low - Medium (0.33-0.66)
United States,California,3141.74430691,2.5332732865969776,1.6546164724892218,2.1251357334218026,1.0435744383860657,Medium - High (20-40%),Low - Medium (5-25%),Medium - High (0.50-0.75),Low - Medium (0.33-0.66)
United States,California,33.9052640039,2.5332732865969776,1.6546164724892218,2.1251357334218026,1.0435744383860657,Medium - High (20-40%),Low - Medium (5-25%),Medium - High (0.50-0.75),Low - Medium (0.33-0.66)
United States,California,3927.7990477,5.0,5.0,2.927397993578512,1.791532952161785,Extremely High (>80%),Extremely High (>75%),Medium - High (0.50-0.75),Low - Medium (0.33-0.66)
United States,California,3992.93295824,5.0,5.0,2.927397993578512,1.791532952161785,Extremely High (>80%),Extremely High (>75%),Medium - High (0.50-0.75),Low - Medium (0.33-0.66)
United States,California,2713.63031605,5.0,5.0,2.927397993578512,1.791532952161785,Extremely High (>80%),Extremely High (>75%),Medium - High (0.50-0.75),Low - Medium (0.33-0.66)
United States,California,54.6185220517,0.9178227473925942,1.0104839806711354,5.0,1.6725340874307308,Low (<10%),Low - Medium (5-25%),Extremely High (>1.00),Low - Medium (0.33-0.66)
United States,California,606.108043686,0.9178227473925942,1.0104839806711354,5.0,1.6725340874307308,Low (<10%),Low - Medium (5-25%),Extremely High (>1.00),Low - Medium (0.33-0.66)
United States,California,4615.97701989,0.9178227473925942,1.0104839806711354,5.0,1.6725340874307308,Low (<10%),Low - Medium (5-25%),Extremely High (>1.00),Low - Medium (0.33-0.66)
United States,California,0.4838171187,0.9178227473925942,1.0104839806711354,5.0,1.6725340874307308,Low (<10%),Low - Medium (5-25%),Extremely High (>1.00),Low - Medium (0.33-0.66)
United States,California,216.880932069,5.0,5.0,2.686983765062161,1.241738302286003,Extremely High (>80%),Extremely High (>75%),Medium - High (0.50-0.75),Low - Medium (0.33-0.66)
United States,California,2797.75984484,5.0,5.0,2.686983765062161,1.241738302286003,Extremely High (>80%),Extremely High (>75%),Medium - High (0.50-0.75),Low - Medium (0.33-0.66)
United States,California,5635.8028887,5.0,5.0,2.686983765062161,1.241738302286003,Extremely High (>80%),Extremely High (>75%),Medium - High (0.50-0.75),Low - Medium (0.33-0.66)
United States,California,3301.50556533,5.0,5.0,2.686983765062161,1.241738302286003,Extremely High (>80%),Extremely High (>75%),Medium - High (0.50-0.75),Low - Medium (0.33-0.66)
United States,California,1642.09803015,1.5033056782012193,1.1493840727510725,2.6339472711198257,2.1378583993008533,Low - Medium (10-20%),Low - Medium (5-25%),Medium - High (0.50-0.75),Medium - High (0.66-1.00)
United States,California,1035.93133829,1.5033056782012193,1.1493840727510725,2.6339472711198257,2.1378583993008533,Low - Medium (10-20%),Low - Medium (5-25%),Medium - High (0.50-0.75),Medium - High (0.66-1.00)
United States,California,1135.79645479,1.5033056782012193,1.1493840727510725,2.6339472711198257,2.1378583993008533,Low - Medium (10-20%),Low - Medium (5-25%),Medium - High (0.50-0.75),Medium - High (0.66-1.00)
United States,California,5.16960636247,1.5033056782012193,1.1493840727510725,2.6339472711198257,2.1378583993008533,Low - Medium (10-20%),Low - Medium (5-25%),Medium - High (0.50-0.75),Medium - High (0.66-1.00)
United States,California,571.494121424,2.5438221903359906,1.2834905872822793,2.513700400754692,1.5927826796431983,Medium - High (20-40%),Low - Medium (5-25%),Medium - High (0.50-0.75),Low - Medium (0.33-0.66)
United States,California,4615.35623511,2.5438221903359906,1.2834905872822793,2.513700400754692,1.5927826796431983,Medium - High (20-40%),Low - Medium (5-25%),Medium - High (0.50-0.75),Low - Medium (0.33-0.66)
United States,California,807.203928918,2.5438221903359906,1.2834905872822793,2.513700400754692,1.5927826796431983,Medium - High (20-40%),Low - Medium (5-25%),Medium - High (0.50-0.75),Low - Medium (0.33-0.66)
United States,California,1073.30569993,2.067400722386978,1.3438105876144402,2.500334958646861,2.0778986024963424,Medium - High (20-40%),Low - Medium (5-25%),Medium - High (0.50-0.75),Medium - High (0.66-1.00)
United States,California,101.396578122,2.067400722386978,1.3438105876144402,2.500334958646861,2.0778986024963424,Medium - High (20-40%),Low - Medium (5-25%),Medium - High (0.50-0.75),Medium - High (0.66-1.00)
United States,California,374.584048771,2.067400722386978,1.3438105876144402,2.500334958646861,2.0778986024963424,Medium - High (20-40%),Low - Medium (5-25%),Medium - High (0.50-0.75),Medium - High (0.66-1.00)
United States,California,813.417966299,2.067400722386978,1.3438105876144402,2.500334958646861,2.0778986024963424,Medium - High (20-40%),Low - Medium (5-25%),Medium - High (0.50-0.75),Medium - High (0.66-1.00)
United States,California,2148.18932141,2.067400722386978,1.3438105876144402,2.500334958646861,2.0778986024963424,Medium - High (20-40%),Low - Medium (5-25%),Medium - High (0.50-0.75),Medium - High (0.66-1.00)
United States,California,375.429943952,1.6571583695131635,1.1867411220508035,2.466539825070124,1.951986767441909,Low - Medium (10-20%),Low - Medium (5-25%),Medium - High (0.50-0.75),Low - Medium (0.33-0.66)
United States,California,0.41029845923,1.6571583695131635,1.1867411220508035,2.466539825070124,1.951986767441909,Low - Medium (10-20%),Low - Medium (5-25%),Medium - High (0.50-0.75),Low - Medium (0.33-0.66)
United States,California,3341.21123851,1.6571583695131635,1.1867411220508035,2.466539825070124,1.951986767441909,Low - Medium (10-20%),Low - Medium (5-25%),Medium - High (0.50-0.75),Low - Medium (0.33-0.66)
United States,California,1199.83553007,1.6571583695131635,1.1867411220508035,2.466539825070124,1.951986767441909,Low - Medium (10-20%),Low - Medium (5-25%),Medium - High (0.50-0.75),Low - Medium (0.33-0.66)
United States,California,10851.5317664,1.6571583695131635,1.1867411220508035,2.466539825070124,1.951986767441909,Low - Medium (10-20%),Low - Medium (5-25%),Medium - High (0.50-0.75),Low - Medium (0.33-0.66)
United States,California,443.619093171,1.6571583695131635,1.1867411220508035,2.466539825070124,1.951986767441909,Low - Medium (10-20%),Low - Medium (5-25%),Medium - High (0.50-0.75),Low - Medium (0.33-0.66)
United States,California,124.83169003,0.0,0.3166870950330214,2.516608786382947,2.067961438323586,Low (<10%),Low (<5%),Medium - High (0.50-0.75),Medium - High (0.66-1.00)
United States,California,3765.93903838,3.985903513833266,2.694015703738655,2.490490058988476,1.9440651251481564,High (40-80%),Medium - High (25-50%),Medium - High (0.50-0.75),Low - Medium (0.33-0.66)
United States,California,194.282002579,3.985903513833266,2.694015703738655,2.490490058988476,1.9440651251481564,High (40-80%),Medium - High (25-50%),Medium - High (0.50-0.75),Low - Medium (0.33-0.66)
United States,California,15.067482992,3.5851228862180187,2.3112194816019733,2.417689183154093,1.8554823557961493,High (40-80%),Medium - High (25-50%),Medium - High (0.50-0.75),Low - Medium (0.33-0.66)
United States,California,1815.26968653,3.5851228862180187,2.3112194816019733,2.417689183154093,1.8554823557961493,High (40-80%),Medium - High (25-50%),Medium - High (0.50-0.75),Low - Medium (0.33-0.66)
United States,California,965.658048688,3.5851228862180187,2.3112194816019733,2.417689183154093,1.8554823557961493,High (40-80%),Medium - High (25-50%),Medium - High (0.50-0.75),Low - Medium (0.33-0.66)
United States,California,1490.17057305,2.561726462793789,1.5862838516188025,2.625901986303278,1.4508537901859893,Medium - High (20-40%),Low - Medium (5-25%),Medium - High (0.50-0.75),Low - Medium (0.33-0.66)
United States,California,582.534383213,2.561726462793789,1.5862838516188025,2.625901986303278,1.4508537901859893,Medium - High (20-40%),Low - Medium (5-25%),Medium - High (0.50-0.75),Low - Medium (0.33-0.66)
United States,California,3706.35723247,1.871590313542012,1.272972309364767,2.504739976675253,1.8275240697768,Low - Medium (10-20%),Low - Medium (5-25%),Medium - High (0.50-0.75),Low - Medium (0.33-0.66)
United States,California,2746.77855076,1.871590313542012,1.272972309364767,2.504739976675253,1.8275240697768,Low - Medium (10-20%),Low - Medium (5-25%),Medium - High (0.50-0.75),Low - Medium (0.33-0.66)
United States,California,403.404753498,1.871590313542012,1.272972309364767,2.504739976675253,1.8275240697768,Low - Medium (10-20%),Low - Medium (5-25%),Medium - High (0.50-0.75),Low - Medium (0.33-0.66)
United States,California,314.874978138,1.871590313542012,1.272972309364767,2.504739976675253,1.8275240697768,Low - Medium (10-20%),Low - Medium (5-25%),Medium - High (0.50-0.75),Low - Medium (0.33-0.66)
United States,California,2.66867089647,0.0,0.3031056606641309,2.4579965965518964,1.6671277402979512,Low (<10%),Low (<5%),Medium - High (0.50-0.75),Low - Medium (0.33-0.66)
United States,California,1078.48853607,0.0,0.3031056606641309,2.4579965965518964,1.6671277402979512,Low (<10%),Low (<5%),Medium - High (0.50-0.75),Low - Medium (0.33-0.66)
United States,California,1382.14367817,0.0,0.3031056606641309,2.4579965965518964,1.6671277402979512,Low (<10%),Low (<5%),Medium - High (0.50-0.75),Low - Medium (0.33-0.66)
United States,California,1061.13868314,1.6334575726366474,1.1555254031131494,2.0414524280170165,1.6004591476924028,Low - Medium (10-20%),Low - Medium (5-25%),Medium - High (0.50-0.75),Low - Medium (0.33-0.66)
United States,California,492.434543811,1.6334575726366474,1.1555254031131494,2.0414524280170165,1.6004591476924028,Low - Medium (10-20%),Low - Medium (5-25%),Medium - High (0.50-0.75),Low - Medium (0.33-0.66)
United States,California,2873.65517684,1.6334575726366474,1.1555254031131494,2.0414524280170165,1.6004591476924028,Low - Medium (10-20%),Low - Medium (5-25%),Medium - High (0.50-0.75),Low - Medium (0.33-0.66)
United States,California,124.133671904,0.0,0.002492415737288,2.3963508421763087,1.6082381914362496,Low (<10%),Low (<5%),Medium - High (0.50-0.75),Low - Medium (0.33-0.66)
United States,California,1631.79867511,0.0,0.002492415737288,2.3963508421763087,1.6082381914362496,Low (<10%),Low (<5%),Medium - High (0.50-0.75),Low - Medium (0.33-0.66)
United States,California,2373.76964886,0.0,0.2656718099277892,2.539341411878368,1.7603105951517262,Low (<10%),Low (<5%),Medium - High (0.50-0.75),Low - Medium (0.33-0.66)
United States,California,0.68689663221,0.0,0.2656718099277892,2.539341411878368,1.7603105951517262,Low (<10%),Low (<5%),Medium - High (0.50-0.75),Low - Medium (0.33-0.66)
United States,California,1473.56533131,0.0,0.2656718099277892,2.539341411878368,1.7603105951517262,Low (<10%),Low (<5%),Medium - High (0.50-0.75),Low - Medium (0.33-0.66)
United States,California,1823.62885684,1.996756005130164,1.3600857130252209,2.964376781137572,1.7259786687232448,Low - Medium (10-20%),Low - Medium (5-25%),Medium - High (0.50-0.75),Low - Medium (0.33-0.66)
United States,California,39.8602998126,1.996756005130164,1.3600857130252209,2.964376781137572,1.7259786687232448,Low - Medium (10-20%),Low - Medium (5-25%),Medium - High (0.50-0.75),Low - Medium (0.33-0.66)
United States,Oregon,1419.08925131,5.0,5.0,3.353517345261863,2.387943714788315,Extremely High (>80%),Extremely High (>75%),High (0.75-1.00),Medium - High (0.66-1.00)
United States,Oregon,471.054376425,5.0,5.0,3.353517345261863,2.387943714788315,Extremely High (>80%),Extremely High (>75%),High (0.75-1.00),Medium - High (0.66-1.00)
United States,California,573.635293144,5.0,5.0,3.353517345261863,2.387943714788315,Extremely High (>80%),Extremely High (>75%),High (0.75-1.00),Medium - High (0.66-1.00)
United States,California,2156.53740213,5.0,5.0,3.353517345261863,2.387943714788315,Extremely High (>80%),Extremely High (>75%),High (0.75-1.00),Medium - High (0.66-1.00)
United States,California,8.23770414752,5.0,5.0,3.353517345261863,2.387943714788315,Extremely High (>80%),Extremely High (>75%),High (0.75-1.00),Medium - High (0.66-1.00)
United States,California,5189.07467051,5.0,5.0,3.353517345261863,2.387943714788315,Extremely High (>80%),Extremely High (>75%),High (0.75-1.00),Medium - High (0.66-1.00)
United States,California,638.233050218,5.0,5.0,3.353517345261863,2.387943714788315,Extremely High (>80%),Extremely High (>75%),High (0.75-1.00),Medium - High (0.66-1.00)
United States,California,56.8831191924,2.856778614867236,1.6636427226596098,2.37607733652483,1.6979711705834153,Medium - High (20-40%),Low - Medium (5-25%),Medium - High (0.50-0.75),Low - Medium (0.33-0.66)
United States,California,4140.07303636,2.856778614867236,1.6636427226596098,2.37607733652483,1.6979711705834153,Medium - High (20-40%),Low - Medium (5-25%),Medium - High (0.50-0.75),Low - Medium (0.33-0.66)
United States,California,961.023297039,2.856778614867236,1.6636427226596098,2.37607733652483,1.6979711705834153,Medium - High (20-40%),Low - Medium (5-25%),Medium - High (0.50-0.75),Low - Medium (0.33-0.66)
United States,California,5.00064678288,2.856778614867236,1.6636427226596098,2.37607733652483,1.6979711705834153,Medium - High (20-40%),Low - Medium (5-25%),Medium - High (0.50-0.75),Low - Medium (0.33-0.66)
United States,California,7579.09923436,2.856778614867236,1.6636427226596098,2.37607733652483,1.6979711705834153,Medium - High (20-40%),Low - Medium (5-25%),Medium - High (0.50-0.75),Low - Medium (0.33-0.66)
United States,California,1077.61985772,2.856778614867236,1.6636427226596098,2.37607733652483,1.6979711705834153,Medium - High (20-40%),Low - Medium (5-25%),Medium - High (0.50-0.75),Low - Medium (0.33-0.66)
United States,California,8.13682514132,0.0,0.2353515026607626,2.2455384600679738,1.8721753565333696,Low (<10%),Low (<5%),Medium - High (0.50-0.75),Low - Medium (0.33-0.66)
United States,California,9377.82948472,0.0,0.2353515026607626,2.2455384600679738,1.8721753565333696,Low (<10%),Low (<5%),Medium - High (0.50-0.75),Low - Medium (0.33-0.66)
United States,California,1.10184733978,0.0,0.2353515026607626,2.2455384600679738,1.8721753565333696,Low (<10%),Low (<5%),Medium - High (0.50-0.75),Low - Medium (0.33-0.66)
United States,California,2822.36795868,0.0,0.1562597975085564,2.147254609703682,1.781305926046814,Low (<10%),Low (<5%),Medium - High (0.50-0.75),Low - Medium (0.33-0.66)
United States,California,156.423921281,0.0,0.1562597975085564,2.147254609703682,1.781305926046814,Low (<10%),Low (<5%),Medium - High (0.50-0.75),Low - Medium (0.33-0.66)
United States,Oregon,1628.04172494,5.0,5.0,2.93453957542074,1.770716973043546,Extremely High (>80%),Extremely High (>75%),Medium - High (0.50-0.75),Low - Medium (0.33-0.66)
United States,Oregon,185.56066928,5.0,5.0,2.93453957542074,1.770716973043546,Extremely High (>80%),Extremely High (>75%),Medium - High (0.50-0.75),Low - Medium (0.33-0.66)
United States,Oregon,1281.78621462,5.0,5.0,2.93453957542074,1.770716973043546,Extremely High (>80%),Extremely High (>75%),Medium - High (0.50-0.75),Low - Medium (0.33-0.66)
United States,California,2272.92932854,5.0,5.0,2.93453957542074,1.770716973043546,Extremely High (>80%),Extremely High (>75%),Medium - High (0.50-0.75),Low - Medium (0.33-0.66)
United States,California,2914.15290957,5.0,5.0,2.93453957542074,1.770716973043546,Extremely High (>80%),Extremely High (>75%),Medium - High (0.50-0.75),Low - Medium (0.33-0.66)
United States,California,1123.5831254,5.0,5.0,2.93453957542074,1.770716973043546,Extremely High (>80%),Extremely High (>75%),Medium - High (0.50-0.75),Low - Medium (0.33-0.66)
United States,California,0.01805991782,5.0,5.0,2.93453957542074,1.770716973043546,Extremely High (>80%),Extremely High (>75%),Medium - High (0.50-0.75),Low - Medium (0.33-0.66)
United States,California,116.903053072,5.0,5.0,2.93453957542074,1.770716973043546,Extremely High (>80%),Extremely High (>75%),Medium - High (0.50-0.75),Low - Medium (0.33-0.66)
United States,California,1183.92727601,0.0,0.0009484438064649,1.7282475570099638,1.1602572260380597,Low (<10%),Low (<5%),Low - Medium (0.25-0.50),Low - Medium (0.33-0.66)
United States,California,1.90944099921,0.0,0.0009484438064649,1.7282475570099638,1.1602572260380597,Low (<10%),Low (<5%),Low - Medium (0.25-0.50),Low - Medium (0.33-0.66)
United States,California,7672.99018397,0.0,0.0410575402670296,1.7511960325381293,0.97188582572848,Low (<10%),Low (<5%),Low - Medium (0.25-0.50),Low (<0.33)
United States,Oregon,13.9892149073,0.0,0.0032235240075668,1.8121587155385008,1.3665797592173514,Low (<10%),Low (<5%),Low - Medium (0.25-0.50),Low - Medium (0.33-0.66)
United States,California,4973.97906695,0.0,0.0032235240075668,1.8121587155385008,1.3665797592173514,Low (<10%),Low (<5%),Low - Medium (0.25-0.50),Low - Medium (0.33-0.66)
United States,California,2101.42836645,2.757826462258668,1.8401365672356849,1.5201014232252483,0.6570012612106462,Medium - High (20-40%),Low - Medium (5-25%),Low - Medium (0.25-0.50),Low (<0.33)
United States,Oregon,81.3213380684,0.0,0.0032522430636076,1.980521141270921,1.4096796149813708,Low (<10%),Low (<5%),Low - Medium (0.25-0.50),Low - Medium (0.33-0.66)
United States,California,877.346444773,0.0,0.0032522430636076,1.980521141270921,1.4096796149813708,Low (<10%),Low (<5%),Low - Medium (0.25-0.50),Low - Medium (0.33-0.66)
United States,California,154.866505388,3.4221661924459976,2.402757685960629,1.9880728819958269,0.9304845305735344,High (40-80%),Medium - High (25-50%),Low - Medium (0.25-0.50),Low (<0.33)
United States,California,1887.76771333,3.4221661924459976,2.402757685960629,1.9880728819958269,0.9304845305735344,High (40-80%),Medium - High (25-50%),Low - Medium (0.25-0.50),Low (<0.33)
United States,Oregon,3152.26854192,1.0361131871104137,1.0614589804449013,1.833057495853691,1.5681194855331295,Low - Medium (10-20%),Low - Medium (5-25%),Low - Medium (0.25-0.50),Low - Medium (0.33-0.66)
United States,Oregon,432.223261444,1.0361131871104137,1.0614589804449013,1.833057495853691,1.5681194855331295,Low - Medium (10-20%),Low - Medium (5-25%),Low - Medium (0.25-0.50),Low - Medium (0.33-0.66)
United States,Oregon,122.548335593,1.0361131871104137,1.0614589804449013,1.833057495853691,1.5681194855331295,Low - Medium (10-20%),Low - Medium (5-25%),Low - Medium (0.25-0.50),Low - Medium (0.33-0.66)
United States,California,515.106777763,1.0361131871104137,1.0614589804449013,1.833057495853691,1.5681194855331295,Low - Medium (10-20%),Low - Medium (5-25%),Low - Medium (0.25-0.50),Low - Medium (0.33-0.66)
United States,California,494.168029126,1.0361131871104137,1.0614589804449013,1.833057495853691,1.5681194855331295,Low - Medium (10-20%),Low - Medium (5-25%),Low - Medium (0.25-0.50),Low - Medium (0.33-0.66)
United States,Oregon,419.226516507,0.0,0.193896707306149,1.2395725592753524,0.6213210835102161,Low (<10%),Low (<5%),Low - Medium (0.25-0.50),Low (<0.33)
United States,Oregon,1624.44104293,0.0,0.193896707306149,1.2395725592753524,0.6213210835102161,Low (<10%),Low (<5%),Low - Medium (0.25-0.50),Low (<0.33)
United States,Oregon,1587.98170698,0.0,0.193896707306149,1.2395725592753524,0.6213210835102161,Low (<10%),Low (<5%),Low - Medium (0.25-0.50),Low (<0.33)
United States,Oregon,3356.34087034,1.10168319731604,1.121822395594276,1.7052899168065545,0.7817426571221028,Low - Medium (10-20%),Low - Medium (5-25%),Low - Medium (0.25-0.50),Low (<0.33)
United States,Oregon,809.453785183,1.10168319731604,1.121822395594276,1.7052899168065545,0.7817426571221028,Low - Medium (10-20%),Low - Medium (5-25%),Low - Medium (0.25-0.50),Low (<0.33)
United States,Oregon,229.100400401,0.0,0.0430666217496969,1.644809991633024,1.167644941031848,Low (<10%),Low (<5%),Low - Medium (0.25-0.50),Low - Medium (0.33-0.66)
United States,California,1828.72306983,0.0,0.0430666217496969,1.644809991633024,1.167644941031848,Low (<10%),Low (<5%),Low - Medium (0.25-0.50),Low - Medium (0.33-0.66)
United States,California,80.9556655495,0.0,0.0430666217496969,1.644809991633024,1.167644941031848,Low (<10%),Low (<5%),Low - Medium (0.25-0.50),Low - Medium (0.33-0.66)
United States,Oregon,1517.7094364,0.0,0.0373300952670083,1.3517858116689143,1.0642175359187032,Low (<10%),Low (<5%),Low - Medium (0.25-0.50),Low - Medium (0.33-0.66)
United States,Oregon,80.9869047423,0.0,0.0373300952670083,1.3517858116689143,1.0642175359187032,Low (<10%),Low (<5%),Low - Medium (0.25-0.50),Low - Medium (0.33-0.66)
United States,California,36.9657517204,0.0,0.0373300952670083,1.3517858116689143,1.0642175359187032,Low (<10%),Low (<5%),Low - Medium (0.25-0.50),Low - Medium (0.33-0.66)
United States,California,9.86186944729,0.0,0.0373300952670083,1.3517858116689143,1.0642175359187032,Low (<10%),Low (<5%),Low - Medium (0.25-0.50),Low - Medium (0.33-0.66)
United States,Oregon,3658.35834085,0.3444246396059801,0.6139437080505916,1.5516844301171469,1.5045600908318617,Low (<10%),Low (<5%),Low - Medium (0.25-0.50),Low - Medium (0.33-0.66)
United States,Oregon,9329.11074414,0.3444246396059801,0.6139437080505916,1.5516844301171469,1.5045600908318617,Low (<10%),Low (<5%),Low - Medium (0.25-0.50),Low - Medium (0.33-0.66)
United States,Oregon,1.8546474061,0.3444246396059801,0.6139437080505916,1.5516844301171469,1.5045600908318617,Low (<10%),Low (<5%),Low - Medium (0.25-0.50),Low - Medium (0.33-0.66)
United States,California,381.843376753,0.3444246396059801,0.6139437080505916,1.5516844301171469,1.5045600908318617,Low (<10%),Low (<5%),Low - Medium (0.25-0.50),Low - Medium (0.33-0.66)
United States,Oregon,1122.30970499,0.0,0.2080534891298547,1.6115245498376392,1.6573257367475964,Low (<10%),Low (<5%),Low - Medium (0.25-0.50),Low - Medium (0.33-0.66)
United States,Oregon,96.0374786397,0.0,0.2080534891298547,1.6115245498376392,1.6573257367475964,Low (<10%),Low (<5%),Low - Medium (0.25-0.50),Low - Medium (0.33-0.66)
United States,Oregon,2700.48163571,0.5397973307943071,1.016917242945278,1.9234303751008388,2.127432950378216,Low (<10%),Low - Medium (5-25%),Low - Medium (0.25-0.50),Medium - High (0.66-1.00)
United States,Oregon,5.70699240984,0.5397973307943071,1.016917242945278,1.9234303751008388,2.127432950378216,Low (<10%),Low - Medium (5-25%),Low - Medium (0.25-0.50),Medium - High (0.66-1.00)
United States,Oregon,1802.46240517,0.0,0.2722219729219189,1.6365036072025527,1.7515217390574058,Low (<10%),Low (<5%),Low - Medium (0.25-0.50),Low - Medium (0.33-0.66)
United States,Oregon,90.5340531183,0.0,0.2722219729219189,1.6365036072025527,1.7515217390574058,Low (<10%),Low (<5%),Low - Medium (0.25-0.50),Low - Medium (0.33-0.66)
United States,Oregon,2650.59055915,0.107625177140945,0.5406137905537834,1.8009178069051943,1.917435408561104,Low (<10%),Low (<5%),Low - Medium (0.25-0.50),Low - Medium (0.33-0.66)
United States,Oregon,9432.19592213,0.107625177140945,0.5406137905537834,1.8009178069051943,1.917435408561104,Low (<10%),Low (<5%),Low - Medium (0.25-0.50),Low - Medium (0.33-0.66)
United States,Oregon,27.251305613,0.107625177140945,0.5406137905537834,1.8009178069051943,1.917435408561104,Low (<10%),Low (<5%),Low - Medium (0.25-0.50),Low - Medium (0.33-0.66)
United States,Oregon,174.483508956,0.0,0.1000853236773856,1.2397904143097072,1.8464935286307635,Low (<10%),Low (<5%),Low - Medium (0.25-0.50),Low - Medium (0.33-0.66)
United States,Oregon,8045.34875267,0.0,0.1000853236773856,1.2397904143097072,1.8464935286307635,Low (<10%),Low (<5%),Low - Medium (0.25-0.50),Low - Medium (0.33-0.66)
United States,Oregon,293.105761375,0.0,0.1000853236773856,1.2397904143097072,1.8464935286307635,Low (<10%),Low (<5%),Low - Medium (0.25-0.50),Low - Medium (0.33-0.66)
United States,Oregon,28.4398369356,0.0,0.0319596173570628,0.9752665340930752,1.5723736690679049,Low (<10%),Low (<5%),Low (<0.25),Low - Medium (0.33-0.66)
United States,Oregon,2173.36599746,0.0,0.0319596173570628,0.9752665340930752,1.5723736690679049,Low (<10%),Low (<5%),Low (<0.25),Low - Medium (0.33-0.66)
United States,Oregon,12.0851113092,0.0,0.0319596173570628,0.9752665340930752,1.5723736690679049,Low (<10%),Low (<5%),Low (<0.25),Low - Medium (0.33-0.66)
United States,Oregon,1093.16843723,0.0,0.0012465666121055,0.957430229109458,0.9499160470191894,Low (<10%),Low (<5%),Low (<0.25),Low (<0.33)
United States,Oregon,143.736069241,0.0,0.0012465666121055,0.957430229109458,0.9499160470191894,Low (<10%),Low (<5%),Low (<0.25),Low (<0.33)
United States,Oregon,412.030605569,0.0,0.0281578005991239,0.9561510418085508,0.9392790615076368,Low (<10%),Low (<5%),Low (<0.25),Low (<0.33)
United States,Oregon,964.129661606,0.0,0.0281578005991239,0.9561510418085508,0.9392790615076368,Low (<10%),Low (<5%),Low (<0.25),Low (<0.33)
United States,Oregon,34.8950015778,0.0,0.0281578005991239,0.9561510418085508,0.9392790615076368,Low (<10%),Low (<5%),Low (<0.25),Low (<0.33)
United States,Washington,799.740490754,0.0,0.0281578005991239,0.9561510418085508,0.9392790615076368,Low (<10%),Low (<5%),Low (<0.25),Low (<0.33)
United States,Washington,270.758709223,0.0,0.0281578005991239,0.9561510418085508,0.9392790615076368,Low (<10%),Low (<5%),Low (<0.25),Low (<0.33)
United States,Washington,9716.12341516,0.0,0.0281578005991239,0.9561510418085508,0.9392790615076368,Low (<10%),Low (<5%),Low (<0.25),Low (<0.33)
United States,Washington,66.7255478302,0.0,0.0281578005991239,0.9561510418085508,0.9392790615076368,Low (<10%),Low (<5%),Low (<0.25),Low (<0.33)
United States,Oregon,13292.0021501,0.0,0.2123996869785493,0.9579000230613154,0.8752600993422188,Low (<10%),Low (<5%),Low (<0.25),Low (<0.33)
United States,Oregon,10477.8350288,0.0,0.2123996869785493,0.9579000230613154,0.8752600993422188,Low (<10%),Low (<5%),Low (<0.25),Low (<0.33)
United States,Oregon,5244.15321536,0.0,0.2123996869785493,0.9579000230613154,0.8752600993422188,Low (<10%),Low (<5%),Low (<0.25),Low (<0.33)
United States,Oregon,3092.50558357,0.0,0.0491202076259688,0.9579974613928288,0.8738774734843219,Low (<10%),Low (<5%),Low (<0.25),Low (<0.33)
United States,Oregon,1290.00290639,0.0,0.0491202076259688,0.9579974613928288,0.8738774734843219,Low (<10%),Low (<5%),Low (<0.25),Low (<0.33)
United States,Oregon,155.254418705,0.0,0.0491202076259688,0.9579974613928288,0.8738774734843219,Low (<10%),Low (<5%),Low (<0.25),Low (<0.33)
United States,Washington,182.912512746,0.0,0.0491202076259688,0.9579974613928288,0.8738774734843219,Low (<10%),Low (<5%),Low (<0.25),Low (<0.33)
United States,Washington,3326.79042936,0.0,0.0491202076259688,0.9579974613928288,0.8738774734843219,Low (<10%),Low (<5%),Low (<0.25),Low (<0.33)
United States,Washington,3045.7755586,0.0,0.0491202076259688,0.9579974613928288,0.8738774734843219,Low (<10%),Low (<5%),Low (<0.25),Low (<0.33)
United States,Washington,67.1598804063,0.0,0.0491202076259688,0.9579974613928288,0.8738774734843219,Low (<10%),Low (<5%),Low (<0.25),Low (<0.33)
United States,Washington,160.026916337,0.0,0.0491202076259688,0.9579974613928288,0.8738774734843219,Low (<10%),Low (<5%),Low (<0.25),Low (<0.33)
United States,Oregon,13284.6950977,1.980074898241816,1.1776067905989231,1.5918959676763262,1.831365561735712,Low - Medium (10-20%),Low - Medium (5-25%),Low - Medium (0.25-0.50),Low - Medium (0.33-0.66)
United States,Oregon,8246.83990569,1.980074898241816,1.1776067905989231,1.5918959676763262,1.831365561735712,Low - Medium (10-20%),Low - Medium (5-25%),Low - Medium (0.25-0.50),Low - Medium (0.33-0.66)
United States,Oregon,6258.96597327,1.980074898241816,1.1776067905989231,1.5918959676763262,1.831365561735712,Low - Medium (10-20%),Low - Medium (5-25%),Low - Medium (0.25-0.50),Low - Medium (0.33-0.66)
United States,Oregon,57.0487836582,0.0,0.0028627386096775,0.9273121741068088,0.6882855780210075,Low (<10%),Low (<5%),Low (<0.25),Low (<0.33)
United States,Oregon,63.8592239115,0.0,0.0028627386096775,0.9273121741068088,0.6882855780210075,Low (<10%),Low (<5%),Low (<0.25),Low (<0.33)
United States,Oregon,220.587554456,0.0,0.0028627386096775,0.9273121741068088,0.6882855780210075,Low (<10%),Low (<5%),Low (<0.25),Low (<0.33)
United States,Washington,23.1577231413,0.0,0.0028627386096775,0.9273121741068088,0.6882855780210075,Low (<10%),Low (<5%),Low (<0.25),Low (<0.33)
United States,Washington,67.4095296137,0.0,0.0028627386096775,0.9273121741068088,0.6882855780210075,Low (<10%),Low (<5%),Low (<0.25),Low (<0.33)
United States,Oregon,401.997534028,0.0,0.0274855824887571,0.9144378574987316,0.6624512646385649,Low (<10%),Low (<5%),Low (<0.25),Low (<0.33)
United States,Oregon,19934.8318978,0.0,0.0274855824887571,0.9144378574987316,0.6624512646385649,Low (<10%),Low (<5%),Low (<0.25),Low (<0.33)
United States,Oregon,230.500900672,0.0,0.0274855824887571,0.9144378574987316,0.6624512646385649,Low (<10%),Low (<5%),Low (<0.25),Low (<0.33)
United States,Oregon,413.369451395,0.0,0.0133281559812048,0.9127881515773408,0.6633570531967794,Low (<10%),Low (<5%),Low (<0.25),Low (<0.33)
United States,Washington,1193.42311194,0.0,0.0133281559812048,0.9127881515773408,0.6633570531967794,Low (<10%),Low (<5%),Low (<0.25),Low (<0.33)
United States,Oregon,411.432019758,5.0,5.0,2.138109856449341,1.4173279675623394,Extremely High (>80%),Extremely High (>75%),Medium - High (0.50-0.75),Low - Medium (0.33-0.66)
United States,Oregon,1831.63021409,5.0,5.0,2.138109856449341,1.4173279675623394,Extremely High (>80%),Extremely High (>75%),Medium - High (0.50-0.75),Low - Medium (0.33-0.66)
United States,Oregon,1154.52246441,0.0,0.1467725815634145,0.90484444878525,0.6565209871855978,Low (<10%),Low (<5%),Low (<0.25),Low (<0.33)
United States,Oregon,233.924857624,0.0,0.1467725815634145,0.90484444878525,0.6565209871855978,Low (<10%),Low (<5%),Low (<0.25),Low (<0.33)
United States,Washington,2491.62875922,0.0,0.1467725815634145,0.90484444878525,0.6565209871855978,Low (<10%),Low (<5%),Low (<0.25),Low (<0.33)
United States,Oregon,2255.5299837,5.0,5.0,1.9969276897373656,2.7327911685700057,Extremely High (>80%),Extremely High (>75%),Low - Medium (0.25-0.50),Medium - High (0.66-1.00)
United States,Oregon,4276.81938403,5.0,5.0,1.9969276897373656,2.7327911685700057,Extremely High (>80%),Extremely High (>75%),Low - Medium (0.25-0.50),Medium - High (0.66-1.00)
United States,Oregon,348.363521335,0.0,0.0040171238211588,1.5624869509681958,0.7417998881249572,Low (<10%),Low (<5%),Low - Medium (0.25-0.50),Low (<0.33)
United States,Washington,275.070586835,0.0,0.0040171238211588,1.5624869509681958,0.7417998881249572,Low (<10%),Low (<5%),Low - Medium (0.25-0.50),Low (<0.33)
United States,Oregon,430.276561521,5.0,5.0,1.6531646101228534,3.396464927270745,Extremely High (>80%),Extremely High (>75%),Low - Medium (0.25-0.50),High (1.00-1.33)
United States,Oregon,839.890964879,5.0,5.0,1.6531646101228534,3.396464927270745,Extremely High (>80%),Extremely High (>75%),Low - Medium (0.25-0.50),High (1.00-1.33)
United States,Washington,1938.68528454,5.0,5.0,1.6531646101228534,3.396464927270745,Extremely High (>80%),Extremely High (>75%),Low - Medium (0.25-0.50),High (1.00-1.33)
United States,Washington,1350.59785025,5.0,5.0,1.6531646101228534,3.396464927270745,Extremely High (>80%),Extremely High (>75%),Low - Medium (0.25-0.50),High (1.00-1.33)
United States,Washington,489.694404848,0.0,0.0146200566474557,0.9015267032757392,0.6525114169402637,Low (<10%),Low (<5%),Low (<0.25),Low (<0.33)
United States,Washington,2428.06778794,0.0,0.1849674770512211,0.8035774143026821,0.565068991229877,Low (<10%),Low (<5%),Low (<0.25),Low (<0.33)
United States,Washington,2.61401854072,0.0,0.1849674770512211,0.8035774143026821,0.565068991229877,Low (<10%),Low (<5%),Low (<0.25),Low (<0.33)
United States,Washington,6543.34841196,0.0,0.3815494215165792,0.7937924601354341,0.552741761792168,Low (<10%),Low (<5%),Low (<0.25),Low (<0.33)
United States,Washington,5471.54370796,0.0,0.3815494215165792,0.7937924601354341,0.552741761792168,Low (<10%),Low (<5%),Low (<0.25),Low (<0.33)
United States,Washington,854.769735859,0.0,0.3815494215165792,0.7937924601354341,0.552741761792168,Low (<10%),Low (<5%),Low (<0.25),Low (<0.33)
United States,Washington,733.337233862,0.0,0.3815494215165792,0.7937924601354341,0.552741761792168,Low (<10%),Low (<5%),Low (<0.25),Low (<0.33)
United States,Washington,2363.11630146,0.0,0.3815494215165792,0.7937924601354341,0.552741761792168,Low (<10%),Low (<5%),Low (<0.25),Low (<0.33)
United States,Washington,2859.64919985,0.0,0.1182410863779669,0.7989116693198643,0.5715653210849283,Low (<10%),Low (<5%),Low (<0.25),Low (<0.33)
United States,Washington,86.3675849149,0.0,0.1182410863779669,0.7989116693198643,0.5715653210849283,Low (<10%),Low (<5%),Low (<0.25),Low (<0.33)
United States,Washington,7100.32865787,5.0,5.0,3.485919629745066,2.915418203443948,Extremely High (>80%),Extremely High (>75%),High (0.75-1.00),Medium - High (0.66-1.00)
United States,Washington,4872.83127391,5.0,5.0,3.485919629745066,2.915418203443948,Extremely High (>80%),Extremely High (>75%),High (0.75-1.00),Medium - High (0.66-1.00)
United States,Washington,3795.4300743,0.0,0.0762414755248667,0.7868327324659447,0.6129676237357263,Low (<10%),Low (<5%),Low (<0.25),Low (<0.33)
United States,Washington,476.689630492,0.0,0.0762414755248667,0.7868327324659447,0.6129676237357263,Low (<10%),Low (<5%),Low (<0.25),Low (<0.33)
United States,Washington,91.6749776063,0.0,0.4134395632305819,0.7756647979933803,0.6906297798467123,Low (<10%),Low (<5%),Low (<0.25),Low (<0.33)
United States,Washington,1868.66883542,0.0,0.4134395632305819,0.7756647979933803,0.6906297798467123,Low (<10%),Low (<5%),Low (<0.25),Low (<0.33)
United States,Washington,1520.89431957,0.0,0.4134395632305819,0.7756647979933803,0.6906297798467123,Low (<10%),Low (<5%),Low (<0.25),Low (<0.33)
United States,Washington,1633.14400842,0.0,0.0314781635819586,0.7925658966009099,0.6402666979460145,Low (<10%),Low (<5%),Low (<0.25),Low (<0.33)
United States,Washington,1032.37777164,0.0,0.0314781635819586,0.7925658966009099,0.6402666979460145,Low (<10%),Low (<5%),Low (<0.25),Low (<0.33)
United States,Washington,1802.41040139,0.0,0.0314781635819586,0.7925658966009099,0.6402666979460145,Low (<10%),Low (<5%),Low (<0.25),Low (<0.33)
United States,Washington,275.945911695,0.0,0.379919062335086,1.649277456814515,2.4648281545869257,Low (<10%),Low (<5%),Low - Medium (0.25-0.50),Medium - High (0.66-1.00)
United States,Washington,307.902364102,0.0,0.379919062335086,1.649277456814515,2.4648281545869257,Low (<10%),Low (<5%),Low - Medium (0.25-0.50),Medium - High (0.66-1.00)
United States,Washington,3700.61548708,0.0,0.379919062335086,1.649277456814515,2.4648281545869257,Low (<10%),Low (<5%),Low - Medium (0.25-0.50),Medium - High (0.66-1.00)
United States,Washington,406.639194247,0.0,0.379919062335086,1.649277456814515,2.4648281545869257,Low (<10%),Low (<5%),Low - Medium (0.25-0.50),Medium - High (0.66-1.00)
United States,Washington,336.948091509,0.0,0.0053901206700417,0.788266415814436,0.600507459385545,Low (<10%),Low (<5%),Low (<0.25),Low (<0.33)
United States,Washington,6.7085882782,0.0,0.0053901206700417,0.788266415814436,0.600507459385545,Low (<10%),Low (<5%),Low (<0.25),Low (<0.33)
United States,Washington,0.17843379058,0.0,0.0053901206700417,0.788266415814436,0.600507459385545,Low (<10%),Low (<5%),Low (<0.25),Low (<0.33)
United States,Washington,18.3163728138,0.0,0.0053901206700417,0.788266415814436,0.600507459385545,Low (<10%),Low (<5%),Low (<0.25),Low (<0.33)
United States,Washington,700.853649148,0.0,0.1050640978635284,0.7835919920997473,0.6069559588110316,Low (<10%),Low (<5%),Low (<0.25),Low (<0.33)
United States,Washington,697.96043225,0.0,0.1050640978635284,0.7835919920997473,0.6069559588110316,Low (<10%),Low (<5%),Low (<0.25),Low (<0.33)
United States,Washington,4501.05537113,0.0,0.1050640978635284,0.7835919920997473,0.6069559588110316,Low (<10%),Low (<5%),Low (<0.25),Low (<0.33)
United States,Washington,3243.44363064,0.0,0.0333974863166849,0.7763908012194268,0.5806060640991267,Low (<10%),Low (<5%),Low (<0.25),Low (<0.33)
United States,Washington,1343.55431635,0.0,0.0333974863166849,0.7763908012194268,0.5806060640991267,Low (<10%),Low (<5%),Low (<0.25),Low (<0.33)
United States,Washington,2819.51717365,0.0,0.0333974863166849,0.7763908012194268,0.5806060640991267,Low (<10%),Low (<5%),Low (<0.25),Low (<0.33)
United States,Idaho,256.933581511,2.1162503024981394,1.104559534172204,1.218336023051744,1.3017962346326917,Medium - High (20-40%),Low - Medium (5-25%),Low - Medium (0.25-0.50),Low - Medium (0.33-0.66)
United States,Idaho,11163.6745935,2.1162503024981394,1.104559534172204,1.218336023051744,1.3017962346326917,Medium - High (20-40%),Low - Medium (5-25%),Low - Medium (0.25-0.50),Low - Medium (0.33-0.66)
United States,Montana,15.4288146372,2.1162503024981394,1.104559534172204,1.218336023051744,1.3017962346326917,Medium - High (20-40%),Low - Medium (5-25%),Low - Medium (0.25-0.50),Low - Medium (0.33-0.66)
United States,Washington,2040.1545268,2.1162503024981394,1.104559534172204,1.218336023051744,1.3017962346326917,Medium - High (20-40%),Low - Medium (5-25%),Low - Medium (0.25-0.50),Low - Medium (0.33-0.66)
United States,Washington,1065.02526546,2.1162503024981394,1.104559534172204,1.218336023051744,1.3017962346326917,Medium - High (20-40%),Low - Medium (5-25%),Low - Medium (0.25-0.50),Low - Medium (0.33-0.66)
United States,Washington,1742.05516295,2.1162503024981394,1.104559534172204,1.218336023051744,1.3017962346326917,Medium - High (20-40%),Low - Medium (5-25%),Low - Medium (0.25-0.50),Low - Medium (0.33-0.66)
United States,Washington,1109.07444794,2.1162503024981394,1.104559534172204,1.218336023051744,1.3017962346326917,Medium - High (20-40%),Low - Medium (5-25%),Low - Medium (0.25-0.50),Low - Medium (0.33-0.66)
United States,Washington,33.769207131,0.0,0.0122610590953389,0.7768609943758592,0.582310562962935,Low (<10%),Low (<5%),Low (<0.25),Low (<0.33)
United States,Washington,9596.83425338,0.0,0.0122610590953389,0.7768609943758592,0.582310562962935,Low (<10%),Low (<5%),Low (<0.25),Low (<0.33)
United States,Idaho,113.402455239,0.0,0.0146270181889709,1.1637450238381652,0.9199172283328648,Low (<10%),Low (<5%),Low - Medium (0.25-0.50),Low (<0.33)
United States,Idaho,10.2147897104,0.0,0.0146270181889709,1.1637450238381652,0.9199172283328648,Low (<10%),Low (<5%),Low - Medium (0.25-0.50),Low (<0.33)
United States,Washington,320.748731038,0.0,0.0146270181889709,1.1637450238381652,0.9199172283328648,Low (<10%),Low (<5%),Low - Medium (0.25-0.50),Low (<0.33)
United States,Washington,2462.23633671,0.0,0.0146270181889709,1.1637450238381652,0.9199172283328648,Low (<10%),Low (<5%),Low - Medium (0.25-0.50),Low (<0.33)
United States,Idaho,1932.89318775,0.0,0.0049018830986848,1.1880250132685537,0.937572339618132,Low (<10%),Low (<5%),Low - Medium (0.25-0.50),Low (<0.33)
United States,Idaho,64.6077229974,0.0,0.0049018830986848,1.1880250132685537,0.937572339618132,Low (<10%),Low (<5%),Low - Medium (0.25-0.50),Low (<0.33)
United States,Washington,152.118396395,0.0,0.0049018830986848,1.1880250132685537,0.937572339618132,Low (<10%),Low (<5%),Low - Medium (0.25-0.50),Low (<0.33)
United States,Washington,339.580634758,0.0,0.0049018830986848,1.1880250132685537,0.937572339618132,Low (<10%),Low (<5%),Low - Medium (0.25-0.50),Low (<0.33)
United States,Idaho,3262.52361777,0.0,0.0734262079592638,1.1648000541992474,0.9696304915660492,Low (<10%),Low (<5%),Low - Medium (0.25-0.50),Low (<0.33)
United States,Montana,5546.47943164,0.0,0.0734262079592638,1.1648000541992474,0.9696304915660492,Low (<10%),Low (<5%),Low - Medium (0.25-0.50),Low (<0.33)
United States,Montana,31.9197880783,0.9832114219147754,1.034669054771575,1.2023926536712013,1.029424383718749,Low (<10%),Low - Medium (5-25%),Low - Medium (0.25-0.50),Low - Medium (0.33-0.66)
United States,Montana,15421.447466,0.9832114219147754,1.034669054771575,1.2023926536712013,1.029424383718749,Low (<10%),Low - Medium (5-25%),Low - Medium (0.25-0.50),Low - Medium (0.33-0.66)
United States,Montana,6423.27466656,0.9832114219147754,1.034669054771575,1.2023926536712013,1.029424383718749,Low (<10%),Low - Medium (5-25%),Low - Medium (0.25-0.50),Low - Medium (0.33-0.66)
United States,Idaho,6.35280563609,0.0,0.3156979200869597,1.4106180241085524,1.1949643014024551,Low (<10%),Low (<5%),Low - Medium (0.25-0.50),Low - Medium (0.33-0.66)
United States,Idaho,10.0414749511,0.0,0.3156979200869597,1.4106180241085524,1.1949643014024551,Low (<10%),Low (<5%),Low - Medium (0.25-0.50),Low - Medium (0.33-0.66)
United States,Montana,1974.34072079,0.0,0.3156979200869597,1.4106180241085524,1.1949643014024551,Low (<10%),Low (<5%),Low - Medium (0.25-0.50),Low - Medium (0.33-0.66)
United States,Montana,2754.83511744,0.0,0.3156979200869597,1.4106180241085524,1.1949643014024551,Low (<10%),Low (<5%),Low - Medium (0.25-0.50),Low - Medium (0.33-0.66)
United States,Idaho,16.5004805613,3.839282339720186,2.5401063088845177,1.4753366513234758,1.1338758717350057,High (40-80%),Medium - High (25-50%),Low - Medium (0.25-0.50),Low - Medium (0.33-0.66)
United States,Montana,7395.51075036,3.839282339720186,2.5401063088845177,1.4753366513234758,1.1338758717350057,High (40-80%),Medium - High (25-50%),Low - Medium (0.25-0.50),Low - Medium (0.33-0.66)
United States,Montana,379.286755407,0.8887072218878065,0.4001253961151446,1.70785476975284,1.238915520293835,Low (<10%),Low (<5%),Low - Medium (0.25-0.50),Low - Medium (0.33-0.66)
United States,Montana,5992.40917662,1.3247035317922595,1.1844649998707406,1.5580643010442203,1.1442569435873988,Low - Medium (10-20%),Low - Medium (5-25%),Low - Medium (0.25-0.50),Low - Medium (0.33-0.66)
United States,Montana,9563.71487688,4.634867711192021,3.7134355303559454,1.7183786318548075,1.0333478052606315,Extremely High (>80%),High (50-75%),Low - Medium (0.25-0.50),Low - Medium (0.33-0.66)
United States,Idaho,28.9014365698,0.0,0.0227039621411038,1.1107725783427855,1.0276399822412603,Low (<10%),Low (<5%),Low - Medium (0.25-0.50),Low - Medium (0.33-0.66)
United States,Idaho,2753.08568849,0.0,0.0227039621411038,1.1107725783427855,1.0276399822412603,Low (<10%),Low (<5%),Low - Medium (0.25-0.50),Low - Medium (0.33-0.66)
United States,Montana,6988.98365019,0.0,0.0227039621411038,1.1107725783427855,1.0276399822412603,Low (<10%),Low (<5%),Low - Medium (0.25-0.50),Low - Medium (0.33-0.66)
United States,Montana,2533.55084918,0.0,0.0227039621411038,1.1107725783427855,1.0276399822412603,Low (<10%),Low (<5%),Low - Medium (0.25-0.50),Low - Medium (0.33-0.66)
United States,Montana,106.523687323,0.0814961613385505,0.2633762796838844,1.6932418056366922,1.985624980771032,Low (<10%),Low (<5%),Low - Medium (0.25-0.50),Low - Medium (0.33-0.66)
United States,Washington,1875.88253404,0.0,0.5437994063820838,1.6249592285841556,1.1298970721138009,Low (<10%),Low (<5%),Low - Medium (0.25-0.50),Low - Medium (0.33-0.66)
United States,Idaho,268.779463836,0.0,0.3052520990507822,1.6299943720114034,1.124278595066628,Low (<10%),Low (<5%),Low - Medium (0.25-0.50),Low - Medium (0.33-0.66)
United States,Idaho,721.541199485,0.0,0.3052520990507822,1.6299943720114034,1.124278595066628,Low (<10%),Low (<5%),Low - Medium (0.25-0.50),Low - Medium (0.33-0.66)
United States,Idaho,424.301028945,0.0,0.3052520990507822,1.6299943720114034,1.124278595066628,Low (<10%),Low (<5%),Low - Medium (0.25-0.50),Low - Medium (0.33-0.66)
United States,Washington,373.444607136,0.0,0.3052520990507822,1.6299943720114034,1.124278595066628,Low (<10%),Low (<5%),Low - Medium (0.25-0.50),Low - Medium (0.33-0.66)
United States,Washington,6608.12713742,0.0,0.3052520990507822,1.6299943720114034,1.124278595066628,Low (<10%),Low (<5%),Low - Medium (0.25-0.50),Low - Medium (0.33-0.66)
United States,Washington,133.354860714,0.0,0.3052520990507822,1.6299943720114034,1.124278595066628,Low (<10%),Low (<5%),Low - Medium (0.25-0.50),Low - Medium (0.33-0.66)
United States,Washington,31.9908567194,,,,,No Data,No Data,No Data,No Data
United States,Washington,111.993310215,0.0,0.0200398241019421,1.6333360998254307,1.1101342461124353,Low (<10%),Low (<5%),Low - Medium (0.25-0.50),Low - Medium (0.33-0.66)
United States,Washington,1210.37850871,0.0,0.0200398241019421,1.6333360998254307,1.1101342461124353,Low (<10%),Low (<5%),Low - Medium (0.25-0.50),Low - Medium (0.33-0.66)
United States,Washington,25.7347374272,0.0,0.0151779258189608,1.6281472823694074,1.103146035412177,Low (<10%),Low (<5%),Low - Medium (0.25-0.50),Low - Medium (0.33-0.66)
United States,Washington,2161.90817859,0.0,0.0151779258189608,1.6281472823694074,1.103146035412177,Low (<10%),Low (<5%),Low - Medium (0.25-0.50),Low - Medium (0.33-0.66)
United States,Washington,260.716074798,0.0,0.0151779258189608,1.6281472823694074,1.103146035412177,Low (<10%),Low (<5%),Low - Medium (0.25-0.50),Low - Medium (0.33-0.66)
United States,Idaho,7765.83027696,0.0,0.1126447557261319,0.8394938754226658,0.545322561951455,Low (<10%),Low (<5%),Low (<0.25),Low (<0.33)
United States,Idaho,12.7652922149,0.0,0.1126447557261319,0.8394938754226658,0.545322561951455,Low (<10%),Low (<5%),Low (<0.25),Low (<0.33)
United States,Idaho,5610.61375387,0.0,0.1126447557261319,0.8394938754226658,0.545322561951455,Low (<10%),Low (<5%),Low (<0.25),Low (<0.33)
United States,Idaho,10915.1353008,0.0,0.1126447557261319,0.8394938754226658,0.545322561951455,Low (<10%),Low (<5%),Low (<0.25),Low (<0.33)
United States,Montana,25.7505121588,0.0,0.1126447557261319,0.8394938754226658,0.545322561951455,Low (<10%),Low (<5%),Low (<0.25),Low (<0.33)
United States,Montana,1.3809638141,0.0,0.1126447557261319,0.8394938754226658,0.545322561951455,Low (<10%),Low (<5%),Low (<0.25),Low (<0.33)
United States,Washington,0.12926388808,0.0,0.1126447557261319,0.8394938754226658,0.545322561951455,Low (<10%),Low (<5%),Low (<0.25),Low (<0.33)
United States,Washington,16.7173731058,0.0,0.1126447557261319,0.8394938754226658,0.545322561951455,Low (<10%),Low (<5%),Low (<0.25),Low (<0.33)
United States,Idaho,317.715038877,0.0,0.0535845594817005,2.6848354728197914,1.7548401441323884,Low (<10%),Low (<5%),Medium - High (0.50-0.75),Low - Medium (0.33-0.66)
United States,Washington,162.225417021,0.0,0.0535845594817005,2.6848354728197914,1.7548401441323884,Low (<10%),Low (<5%),Medium - High (0.50-0.75),Low - Medium (0.33-0.66)
United States,Washington,942.60179942,0.0,0.0535845594817005,2.6848354728197914,1.7548401441323884,Low (<10%),Low (<5%),Medium - High (0.50-0.75),Low - Medium (0.33-0.66)
United States,Oregon,5879.42499673,4.630649448971913,3.671641128133934,1.5979862013088502,2.44154205077933,Extremely High (>80%),High (50-75%),Low - Medium (0.25-0.50),Medium - High (0.66-1.00)
United States,Oregon,3849.09894764,4.630649448971913,3.671641128133934,1.5979862013088502,2.44154205077933,Extremely High (>80%),High (50-75%),Low - Medium (0.25-0.50),Medium - High (0.66-1.00)
United States,Washington,415.503838754,4.630649448971913,3.671641128133934,1.5979862013088502,2.44154205077933,Extremely High (>80%),High (50-75%),Low - Medium (0.25-0.50),Medium - High (0.66-1.00)
United States,Washington,487.517101936,4.630649448971913,3.671641128133934,1.5979862013088502,2.44154205077933,Extremely High (>80%),High (50-75%),Low - Medium (0.25-0.50),Medium - High (0.66-1.00)
United States,Idaho,147.017625238,0.0,0.0001466006394649,2.693119380930199,1.7552066542057776,Low (<10%),Low (<5%),Medium - High (0.50-0.75),Low - Medium (0.33-0.66)
United States,Oregon,193.851596697,0.0,0.0001466006394649,2.693119380930199,1.7552066542057776,Low (<10%),Low (<5%),Medium - High (0.50-0.75),Low - Medium (0.33-0.66)
United States,Washington,28.0688970912,0.0,0.0001466006394649,2.693119380930199,1.7552066542057776,Low (<10%),Low (<5%),Medium - High (0.50-0.75),Low - Medium (0.33-0.66)
United States,Idaho,1910.24859524,0.0,0.6490013545727791,1.9744776530669723,0.8987302662923546,Low (<10%),Low (<5%),Low - Medium (0.25-0.50),Low (<0.33)
United States,Idaho,1330.47921967,0.0,0.6490013545727791,1.9744776530669723,0.8987302662923546,Low (<10%),Low (<5%),Low - Medium (0.25-0.50),Low (<0.33)
United States,Idaho,2751.78548967,0.0,0.6490013545727791,1.9744776530669723,0.8987302662923546,Low (<10%),Low (<5%),Low - Medium (0.25-0.50),Low (<0.33)
United States,Oregon,0.06548376893,0.0,0.6490013545727791,1.9744776530669723,0.8987302662923546,Low (<10%),Low (<5%),Low - Medium (0.25-0.50),Low (<0.33)
United States,Idaho,3381.51955906,0.0,0.0173007464592491,2.531271971201781,0.5287907065426299,Low (<10%),Low (<5%),Medium - High (0.50-0.75),Low (<0.33)
United States,Idaho,0.12222898009,0.0,0.0173007464592491,2.531271971201781,0.5287907065426299,Low (<10%),Low (<5%),Medium - High (0.50-0.75),Low (<0.33)
United States,Idaho,2434.58826978,0.0,0.000279190788867,1.8446634695596884,0.7942839370740711,Low (<10%),Low (<5%),Low - Medium (0.25-0.50),Low (<0.33)
United States,Idaho,596.995670909,0.0,0.000279190788867,1.8446634695596884,0.7942839370740711,Low (<10%),Low (<5%),Low - Medium (0.25-0.50),Low (<0.33)
United States,Montana,0.94632989103,0.0,0.000279190788867,1.8446634695596884,0.7942839370740711,Low (<10%),Low (<5%),Low - Medium (0.25-0.50),Low (<0.33)
United States,Idaho,7440.82918302,5.0,5.0,3.3752832475798944,0.9006816985740715,Arid and Low Water Use,Arid and Low Water Use,High (0.75-1.00),Low (<0.33)
United States,Idaho,3428.98513402,4.093340276701111,2.4820773760508983,2.903590372715707,1.2529888440436,Extremely High (>80%),Medium - High (25-50%),Medium - High (0.50-0.75),Low - Medium (0.33-0.66)
United States,Montana,15.3325306564,4.093340276701111,2.4820773760508983,2.903590372715707,1.2529888440436,Extremely High (>80%),Medium - High (25-50%),Medium - High (0.50-0.75),Low - Medium (0.33-0.66)
United States,Idaho,3258.28504045,5.0,5.0,2.5748436186595294,1.2389573870626849,Extremely High (>80%),Extremely High (>75%),Medium - High (0.50-0.75),Low - Medium (0.33-0.66)
United States,Montana,16.7715105766,5.0,5.0,2.5748436186595294,1.2389573870626849,Extremely High (>80%),Extremely High (>75%),Medium - High (0.50-0.75),Low - Medium (0.33-0.66)
United States,Idaho,1280.50815404,3.778246477556312,2.1419493325506966,3.122371541725589,1.305260396932136,High (40-80%),Medium - High (25-50%),High (0.75-1.00),Low - Medium (0.33-0.66)
United States,Idaho,2137.41065026,5.0,5.0,2.6792314950676026,1.1130949680409474,Extremely High (>80%),Extremely High (>75%),Medium - High (0.50-0.75),Low - Medium (0.33-0.66)
United States,Idaho,6281.76196437,5.0,5.0,2.929266353195152,1.2104441227944227,Arid and Low Water Use,Arid and Low Water Use,Medium - High (0.50-0.75),Low - Medium (0.33-0.66)
United States,Idaho,7137.46087126,5.0,5.0,2.5180198365886293,1.1388167535856142,Extremely High (>80%),Extremely High (>75%),Medium - High (0.50-0.75),Low - Medium (0.33-0.66)
United States,Idaho,9676.31253192,5.0,5.0,2.5180198365886293,1.1388167535856142,Extremely High (>80%),Extremely High (>75%),Medium - High (0.50-0.75),Low - Medium (0.33-0.66)
United States,Montana,8.22833188775,5.0,5.0,2.5180198365886293,1.1388167535856142,Extremely High (>80%),Extremely High (>75%),Medium - High (0.50-0.75),Low - Medium (0.33-0.66)
United States,Montana,6.95564256475,5.0,5.0,2.5180198365886293,1.1388167535856142,Extremely High (>80%),Extremely High (>75%),Medium - High (0.50-0.75),Low - Medium (0.33-0.66)
United States,Idaho,9478.19600423,3.338453858792393,2.247567114054107,2.879255215945465,1.8799188653102687,High (40-80%),Medium - High (25-50%),Medium - High (0.50-0.75),Low - Medium (0.33-0.66)
United States,Idaho,1572.15927192,3.338453858792393,2.247567114054107,2.879255215945465,1.8799188653102687,High (40-80%),Medium - High (25-50%),Medium - High (0.50-0.75),Low - Medium (0.33-0.66)
United States,Idaho,4138.47587243,3.338453858792393,2.247567114054107,2.879255215945465,1.8799188653102687,High (40-80%),Medium - High (25-50%),Medium - High (0.50-0.75),Low - Medium (0.33-0.66)
United States,Idaho,434.81049521,3.338453858792393,2.247567114054107,2.879255215945465,1.8799188653102687,High (40-80%),Medium - High (25-50%),Medium - High (0.50-0.75),Low - Medium (0.33-0.66)
United States,Oregon,339.416076969,3.338453858792393,2.247567114054107,2.879255215945465,1.8799188653102687,High (40-80%),Medium - High (25-50%),Medium - High (0.50-0.75),Low - Medium (0.33-0.66)
United States,Oregon,7050.73854498,3.338453858792393,2.247567114054107,2.879255215945465,1.8799188653102687,High (40-80%),Medium - High (25-50%),Medium - High (0.50-0.75),Low - Medium (0.33-0.66)
United States,Oregon,4296.70668589,3.338453858792393,2.247567114054107,2.879255215945465,1.8799188653102687,High (40-80%),Medium - High (25-50%),Medium - High (0.50-0.75),Low - Medium (0.33-0.66)
United States,Oregon,200.578774773,3.338453858792393,2.247567114054107,2.879255215945465,1.8799188653102687,High (40-80%),Medium - High (25-50%),Medium - High (0.50-0.75),Low - Medium (0.33-0.66)
United States,Oregon,254.393714817,5.0,5.0,5.0,2.7786686921403283,Extremely High (>80%),Extremely High (>75%),Extremely High (>1.00),Medium - High (0.66-1.00)
United States,Oregon,11938.8790403,5.0,5.0,5.0,2.7786686921403283,Extremely High (>80%),Extremely High (>75%),Extremely High (>1.00),Medium - High (0.66-1.00)
United States,Idaho,178.432461827,1.750645363711942,1.250685243231366,3.20960793834942,1.9387494096513864,Low - Medium (10-20%),Low - Medium (5-25%),High (0.75-1.00),Low - Medium (0.33-0.66)
United States,Oregon,192.012371685,1.750645363711942,1.250685243231366,3.20960793834942,1.9387494096513864,Low - Medium (10-20%),Low - Medium (5-25%),High (0.75-1.00),Low - Medium (0.33-0.66)
United States,Idaho,10125.0219481,5.0,4.953303614227527,1.968003065246691,0.8645715713546512,Extremely High (>80%),Extremely High (>75%),Low - Medium (0.25-0.50),Low (<0.33)
United States,Idaho,226.678026663,5.0,4.953303614227527,1.968003065246691,0.8645715713546512,Extremely High (>80%),Extremely High (>75%),Low - Medium (0.25-0.50),Low (<0.33)
United States,Idaho,1.63408166545,,,,,No Data,No Data,No Data,No Data
United States,Oregon,2.26119803685,,,,,No Data,No Data,No Data,No Data
United States,Idaho,7280.18174674,2.822144302064596,1.4574679104060486,3.091176613827886,1.972511572490228,Medium - High (20-40%),Low - Medium (5-25%),High (0.75-1.00),Low - Medium (0.33-0.66)
United States,Idaho,27.0665747178,2.822144302064596,1.4574679104060486,3.091176613827886,1.972511572490228,Medium - High (20-40%),Low - Medium (5-25%),High (0.75-1.00),Low - Medium (0.33-0.66)
United States,Nevada,1830.1661941,2.822144302064596,1.4574679104060486,3.091176613827886,1.972511572490228,Medium - High (20-40%),Low - Medium (5-25%),High (0.75-1.00),Low - Medium (0.33-0.66)
United States,Nevada,5501.87938922,2.822144302064596,1.4574679104060486,3.091176613827886,1.972511572490228,Medium - High (20-40%),Low - Medium (5-25%),High (0.75-1.00),Low - Medium (0.33-0.66)
United States,Oregon,104.875578971,2.822144302064596,1.4574679104060486,3.091176613827886,1.972511572490228,Medium - High (20-40%),Low - Medium (5-25%),High (0.75-1.00),Low - Medium (0.33-0.66)
United States,Oregon,13565.4670873,2.822144302064596,1.4574679104060486,3.091176613827886,1.972511572490228,Medium - High (20-40%),Low - Medium (5-25%),High (0.75-1.00),Low - Medium (0.33-0.66)
United States,Oregon,156.992419193,2.822144302064596,1.4574679104060486,3.091176613827886,1.972511572490228,Medium - High (20-40%),Low - Medium (5-25%),High (0.75-1.00),Low - Medium (0.33-0.66)
United States,Idaho,1064.82457402,3.219781074276363,2.080224052084394,3.0675489087355974,1.900726093089728,High (40-80%),Medium - High (25-50%),High (0.75-1.00),Low - Medium (0.33-0.66)
United States,Idaho,4183.52182425,3.219781074276363,2.080224052084394,3.0675489087355974,1.900726093089728,High (40-80%),Medium - High (25-50%),High (0.75-1.00),Low - Medium (0.33-0.66)
United States,Oregon,102.767684074,3.219781074276363,2.080224052084394,3.0675489087355974,1.900726093089728,High (40-80%),Medium - High (25-50%),High (0.75-1.00),Low - Medium (0.33-0.66)
United States,Oregon,720.911052336,3.219781074276363,2.080224052084394,3.0675489087355974,1.900726093089728,High (40-80%),Medium - High (25-50%),High (0.75-1.00),Low - Medium (0.33-0.66)
United States,Idaho,6739.05672449,1.3826871441806758,1.109534536690742,3.1412094597071643,2.1434887076755818,Low - Medium (10-20%),Low - Medium (5-25%),High (0.75-1.00),Medium - High (0.66-1.00)
United States,Idaho,34.37476504,1.3826871441806758,1.109534536690742,3.1412094597071643,2.1434887076755818,Low - Medium (10-20%),Low - Medium (5-25%),High (0.75-1.00),Medium - High (0.66-1.00)
United States,Nevada,786.532647139,1.3826871441806758,1.109534536690742,3.1412094597071643,2.1434887076755818,Low - Medium (10-20%),Low - Medium (5-25%),High (0.75-1.00),Medium - High (0.66-1.00)
United States,Nevada,29.9671732584,1.3826871441806758,1.109534536690742,3.1412094597071643,2.1434887076755818,Low - Medium (10-20%),Low - Medium (5-25%),High (0.75-1.00),Medium - High (0.66-1.00)
United States,Nevada,1238.08513654,1.3826871441806758,1.109534536690742,3.1412094597071643,2.1434887076755818,Low - Medium (10-20%),Low - Medium (5-25%),High (0.75-1.00),Medium - High (0.66-1.00)
United States,Idaho,391.50935877,2.759990788579678,1.7033563441277837,3.1124562133704323,2.149232218219024,Medium - High (20-40%),Low - Medium (5-25%),High (0.75-1.00),Medium - High (0.66-1.00)
United States,Idaho,6268.19087513,2.759990788579678,1.7033563441277837,3.1124562133704323,2.149232218219024,Medium - High (20-40%),Low - Medium (5-25%),High (0.75-1.00),Medium - High (0.66-1.00)
United States,Idaho,4745.46585753,3.388018507602189,2.164766932293426,3.079576383244292,2.0683161224708377,High (40-80%),Medium - High (25-50%),High (0.75-1.00),Medium - High (0.66-1.00)
United States,Idaho,3636.08728447,3.388018507602189,2.164766932293426,3.079576383244292,2.0683161224708377,High (40-80%),Medium - High (25-50%),High (0.75-1.00),Medium - High (0.66-1.00)
United States,Idaho,489.67680352,3.3746365872226622,2.03222962508171,3.169998959466984,2.512001606205928,High (40-80%),Medium - High (25-50%),High (0.75-1.00),Medium - High (0.66-1.00)
United States,Idaho,2563.50146231,3.156693843972499,1.6239893384938724,3.1541871972052005,2.491501206716504,High (40-80%),Low - Medium (5-25%),High (0.75-1.00),Medium - High (0.66-1.00)
United States,Idaho,170.763918177,3.156693843972499,1.6239893384938724,3.1541871972052005,2.491501206716504,High (40-80%),Low - Medium (5-25%),High (0.75-1.00),Medium - High (0.66-1.00)
United States,Idaho,104.185665501,3.156693843972499,1.6239893384938724,3.1541871972052005,2.491501206716504,High (40-80%),Low - Medium (5-25%),High (0.75-1.00),Medium - High (0.66-1.00)
United States,Nevada,1386.00286149,3.156693843972499,1.6239893384938724,3.1541871972052005,2.491501206716504,High (40-80%),Low - Medium (5-25%),High (0.75-1.00),Medium - High (0.66-1.00)
United States,Nevada,1766.97651062,3.156693843972499,1.6239893384938724,3.1541871972052005,2.491501206716504,High (40-80%),Low - Medium (5-25%),High (0.75-1.00),Medium - High (0.66-1.00)
United States,Idaho,7.54755492238,5.0,5.0,2.191857531793445,2.1117421017127005,Extremely High (>80%),Extremely High (>75%),Medium - High (0.50-0.75),Medium - High (0.66-1.00)
United States,Idaho,9861.91872307,5.0,5.0,2.191857531793445,2.1117421017127005,Extremely High (>80%),Extremely High (>75%),Medium - High (0.50-0.75),Medium - High (0.66-1.00)
United States,Idaho,13381.0210689,5.0,5.0,2.191857531793445,2.1117421017127005,Extremely High (>80%),Extremely High (>75%),Medium - High (0.50-0.75),Medium - High (0.66-1.00)
United States,Idaho,2703.24106106,5.0,5.0,2.191857531793445,2.1117421017127005,Extremely High (>80%),Extremely High (>75%),Medium - High (0.50-0.75),Medium - High (0.66-1.00)
United States,Idaho,69.213309189,5.0,5.0,2.191857531793445,2.1117421017127005,Extremely High (>80%),Extremely High (>75%),Medium - High (0.50-0.75),Medium - High (0.66-1.00)
United States,Nevada,816.280887051,5.0,5.0,2.191857531793445,2.1117421017127005,Extremely High (>80%),Extremely High (>75%),Medium - High (0.50-0.75),Medium - High (0.66-1.00)
United States,Utah,323.5074062,5.0,5.0,2.191857531793445,2.1117421017127005,Extremely High (>80%),Extremely High (>75%),Medium - High (0.50-0.75),Medium - High (0.66-1.00)
United States,Utah,577.968071331,5.0,5.0,2.191857531793445,2.1117421017127005,Extremely High (>80%),Extremely High (>75%),Medium - High (0.50-0.75),Medium - High (0.66-1.00)
United States,Utah,101.08955347,5.0,5.0,2.191857531793445,2.1117421017127005,Extremely High (>80%),Extremely High (>75%),Medium - High (0.50-0.75),Medium - High (0.66-1.00)
United States,Idaho,2247.56843873,2.638200104212012,1.698743633337077,2.3451600782597137,2.3065222389249267,Medium - High (20-40%),Low - Medium (5-25%),Medium - High (0.50-0.75),Medium - High (0.66-1.00)
United States,Idaho,2823.34927436,2.638200104212012,1.698743633337077,2.3451600782597137,2.3065222389249267,Medium - High (20-40%),Low - Medium (5-25%),Medium - High (0.50-0.75),Medium - High (0.66-1.00)
United States,Idaho,14.2878872476,4.1053847258537,3.121650271160887,2.2353924160940646,2.23293713365087,Extremely High (>80%),High (50-75%),Medium - High (0.50-0.75),Medium - High (0.66-1.00)
United States,Idaho,2344.03602515,4.1053847258537,3.121650271160887,2.2353924160940646,2.23293713365087,Extremely High (>80%),High (50-75%),Medium - High (0.50-0.75),Medium - High (0.66-1.00)
United States,Idaho,982.602492265,4.1053847258537,3.121650271160887,2.2353924160940646,2.23293713365087,Extremely High (>80%),High (50-75%),Medium - High (0.50-0.75),Medium - High (0.66-1.00)
United States,Idaho,1404.40712146,3.2133871106121767,2.2682542960019973,2.216285304927561,2.154754463531448,High (40-80%),Medium - High (25-50%),Medium - High (0.50-0.75),Medium - High (0.66-1.00)
United States,Idaho,5413.5164168,3.2133871106121767,2.2682542960019973,2.216285304927561,2.154754463531448,High (40-80%),Medium - High (25-50%),Medium - High (0.50-0.75),Medium - High (0.66-1.00)
United States,Montana,0.48795749106,3.2133871106121767,2.2682542960019973,2.216285304927561,2.154754463531448,High (40-80%),Medium - High (25-50%),Medium - High (0.50-0.75),Medium - High (0.66-1.00)
United States,Montana,9.68478621903,3.2133871106121767,2.2682542960019973,2.216285304927561,2.154754463531448,High (40-80%),Medium - High (25-50%),Medium - High (0.50-0.75),Medium - High (0.66-1.00)
United States,Wyoming,1165.44180292,3.2133871106121767,2.2682542960019973,2.216285304927561,2.154754463531448,High (40-80%),Medium - High (25-50%),Medium - High (0.50-0.75),Medium - High (0.66-1.00)
United States,Wyoming,481.027071782,3.2133871106121767,2.2682542960019973,2.216285304927561,2.154754463531448,High (40-80%),Medium - High (25-50%),Medium - High (0.50-0.75),Medium - High (0.66-1.00)
United States,Idaho,3371.08531197,1.927425460451741,1.3321149748791288,1.97911685538495,2.371741535963272,Low - Medium (10-20%),Low - Medium (5-25%),Low - Medium (0.25-0.50),Medium - High (0.66-1.00)
United States,Idaho,229.549920072,1.927425460451741,1.3321149748791288,1.97911685538495,2.371741535963272,Low - Medium (10-20%),Low - Medium (5-25%),Low - Medium (0.25-0.50),Medium - High (0.66-1.00)
United States,Idaho,0.99098905964,1.927425460451741,1.3321149748791288,1.97911685538495,2.371741535963272,Low - Medium (10-20%),Low - Medium (5-25%),Low - Medium (0.25-0.50),Medium - High (0.66-1.00)
United States,Wyoming,1442.10404192,1.927425460451741,1.3321149748791288,1.97911685538495,2.371741535963272,Low - Medium (10-20%),Low - Medium (5-25%),Low - Medium (0.25-0.50),Medium - High (0.66-1.00)
United States,Wyoming,9957.11184926,1.927425460451741,1.3321149748791288,1.97911685538495,2.371741535963272,Low - Medium (10-20%),Low - Medium (5-25%),Low - Medium (0.25-0.50),Medium - High (0.66-1.00)
United States,Wyoming,221.471433519,1.927425460451741,1.3321149748791288,1.97911685538495,2.371741535963272,Low - Medium (10-20%),Low - Medium (5-25%),Low - Medium (0.25-0.50),Medium - High (0.66-1.00)
United States,Oregon,3.84897243863,0.0,0.0020724849874653,0.9543566659858802,0.9557495008406034,Low (<10%),Low (<5%),Low (<0.25),Low (<0.33)
United States,Washington,535.832570061,0.0,0.0020724849874653,0.9543566659858802,0.9557495008406034,Low (<10%),Low (<5%),Low (<0.25),Low (<0.33)
United States,Washington,2633.67551933,0.0,0.0020724849874653,0.9543566659858802,0.9557495008406034,Low (<10%),Low (<5%),Low (<0.25),Low (<0.33)
United States,Washington,293.614069863,0.0,0.0020724849874653,0.9543566659858802,0.9557495008406034,Low (<10%),Low (<5%),Low (<0.25),Low (<0.33)
United States,Washington,1765.0216595,0.0,0.2937948817370917,1.128520869187955,1.7654292943010377,Low (<10%),Low (<5%),Low - Medium (0.25-0.50),Low - Medium (0.33-0.66)
United States,Washington,258.782804699,0.0,0.2937948817370917,1.128520869187955,1.7654292943010377,Low (<10%),Low (<5%),Low - Medium (0.25-0.50),Low - Medium (0.33-0.66)
United States,Washington,3433.86142523,0.0,0.2937948817370917,1.128520869187955,1.7654292943010377,Low (<10%),Low (<5%),Low - Medium (0.25-0.50),Low - Medium (0.33-0.66)
United States,Washington,0.23863928471,0.0,0.2937948817370917,1.128520869187955,1.7654292943010377,Low (<10%),Low (<5%),Low - Medium (0.25-0.50),Low - Medium (0.33-0.66)
United States,Washington,6439.74635816,0.0,0.1980385126851706,0.9654061166746116,1.5321742237038771,Low (<10%),Low (<5%),Low (<0.25),Low - Medium (0.33-0.66)
United States,Washington,9338.84437866,0.0,0.1980385126851706,0.9654061166746116,1.5321742237038771,Low (<10%),Low (<5%),Low (<0.25),Low - Medium (0.33-0.66)
United States,Washington,70.0992180801,0.0,0.1980385126851706,0.9654061166746116,1.5321742237038771,Low (<10%),Low (<5%),Low (<0.25),Low - Medium (0.33-0.66)
United States,Washington,1555.67226046,0.0,0.1980385126851706,0.9654061166746116,1.5321742237038771,Low (<10%),Low (<5%),Low (<0.25),Low - Medium (0.33-0.66)
United States,Washington,897.47401403,0.0,0.1980385126851706,0.9654061166746116,1.5321742237038771,Low (<10%),Low (<5%),Low (<0.25),Low - Medium (0.33-0.66)
United States,Washington,589.570073604,0.0482214858785465,0.2387583276055971,0.9886912085526168,1.35625142240767,Low (<10%),Low (<5%),Low (<0.25),Low - Medium (0.33-0.66)
United States,Washington,2053.39940949,0.0482214858785465,0.2387583276055971,0.9886912085526168,1.35625142240767,Low (<10%),Low (<5%),Low (<0.25),Low - Medium (0.33-0.66)
United States,Washington,2083.65394541,1.7970543863324724,0.7207189201365733,0.926219119124298,1.2886868265435345,Low - Medium (10-20%),Low (<5%),Low (<0.25),Low - Medium (0.33-0.66)
United States,Washington,933.155126957,1.7970543863324724,0.7207189201365733,0.926219119124298,1.2886868265435345,Low - Medium (10-20%),Low (<5%),Low (<0.25),Low - Medium (0.33-0.66)
United States,Washington,46.3272812586,1.7970543863324724,0.7207189201365733,0.926219119124298,1.2886868265435345,Low - Medium (10-20%),Low (<5%),Low (<0.25),Low - Medium (0.33-0.66)
United States,Washington,1231.46170268,0.0,0.1590262650845716,0.7495637545083745,0.98532096798018,Low (<10%),Low (<5%),Low (<0.25),Low (<0.33)
United States,Washington,3310.29987364,0.0,0.1590262650845716,0.7495637545083745,0.98532096798018,Low (<10%),Low (<5%),Low (<0.25),Low (<0.33)
United States,Washington,861.324937874,0.0,0.0759686789227228,0.7783213989032898,1.0913888659186952,Low (<10%),Low (<5%),Low (<0.25),Low - Medium (0.33-0.66)
United States,Washington,1427.02427443,0.0,0.0759686789227228,0.7783213989032898,1.0913888659186952,Low (<10%),Low (<5%),Low (<0.25),Low - Medium (0.33-0.66)
United States,Washington,39.2276061283,0.0,0.0759686789227228,0.7783213989032898,1.0913888659186952,Low (<10%),Low (<5%),Low (<0.25),Low - Medium (0.33-0.66)
United States,Washington,397.537666952,0.0,0.0361834281316504,0.698471514519448,0.600146332579809,Low (<10%),Low (<5%),Low (<0.25),Low (<0.33)
United States,Washington,6760.26375926,0.0,0.0361834281316504,0.698471514519448,0.600146332579809,Low (<10%),Low (<5%),Low (<0.25),Low (<0.33)
United States,Washington,0.04378103425,0.0,0.0361834281316504,0.698471514519448,0.600146332579809,Low (<10%),Low (<5%),Low (<0.25),Low (<0.33)
United States,Washington,1699.6849132,0.0,0.1895986303816711,0.7178754873685389,0.6687223917603945,Low (<10%),Low (<5%),Low (<0.25),Low (<0.33)
United States,Washington,406.365219682,0.0,0.1895986303816711,0.7178754873685389,0.6687223917603945,Low (<10%),Low (<5%),Low (<0.25),Low (<0.33)
United States,Washington,1332.62551395,0.0,0.1895986303816711,0.7178754873685389,0.6687223917603945,Low (<10%),Low (<5%),Low (<0.25),Low (<0.33)
United States,Washington,219.11002655,0.0,0.1895986303816711,0.7178754873685389,0.6687223917603945,Low (<10%),Low (<5%),Low (<0.25),Low (<0.33)
United States,Washington,171.661420841,0.0,0.0413304624640316,0.8676533278744534,0.7301770326734298,Low (<10%),Low (<5%),Low (<0.25),Low (<0.33)
United States,Washington,455.86820369,0.0,0.0413304624640316,0.8676533278744534,0.7301770326734298,Low (<10%),Low (<5%),Low (<0.25),Low (<0.33)
United States,Washington,146.851614879,0.0,0.3176690807786405,0.93606125967172,1.5770121968287818,Low (<10%),Low (<5%),Low (<0.25),Low - Medium (0.33-0.66)
United States,Washington,137.328149462,0.0,0.3176690807786405,0.93606125967172,1.5770121968287818,Low (<10%),Low (<5%),Low (<0.25),Low - Medium (0.33-0.66)
United States,Washington,70.3367453074,0.0,0.3176690807786405,0.93606125967172,1.5770121968287818,Low (<10%),Low (<5%),Low (<0.25),Low - Medium (0.33-0.66)
United States,Washington,113.98249586,0.0,0.3176690807786405,0.93606125967172,1.5770121968287818,Low (<10%),Low (<5%),Low (<0.25),Low - Medium (0.33-0.66)
United States,Alaska,463.255783496,0.0,0.003257081033328,0.6816631718622622,0.5758904383854608,Low (<10%),Low (<5%),Low (<0.25),Low (<0.33)
United States,Alaska,895.014710956,0.0,0.003257081033328,0.6816631718622622,0.5758904383854608,Low (<10%),Low (<5%),Low (<0.25),Low (<0.33)
United States,Alaska,6358.49556563,0.0,0.003257081033328,0.6816631718622622,0.5758904383854608,Low (<10%),Low (<5%),Low (<0.25),Low (<0.33)
United States,Alaska,400.717086151,0.0,0.003257081033328,0.6816631718622622,0.5758904383854608,Low (<10%),Low (<5%),Low (<0.25),Low (<0.33)
United States,Alaska,0.72531841659,0.0,0.003257081033328,0.6816631718622622,0.5758904383854608,Low (<10%),Low (<5%),Low (<0.25),Low (<0.33)
United States,Alaska,2774.17370314,0.0,0.003257081033328,0.6816631718622622,0.5758904383854608,Low (<10%),Low (<5%),Low (<0.25),Low (<0.33)
United States,Alaska,56.0500501764,0.0,0.003257081033328,0.6816631718622622,0.5758904383854608,Low (<10%),Low (<5%),Low (<0.25),Low (<0.33)
United States,Alaska,170.781210851,0.0,0.003257081033328,0.6816631718622622,0.5758904383854608,Low (<10%),Low (<5%),Low (<0.25),Low (<0.33)
United States,Alaska,69.8400242682,0.0,0.003257081033328,0.6816631718622622,0.5758904383854608,Low (<10%),Low (<5%),Low (<0.25),Low (<0.33)
United States,Alaska,80.8460459979,0.0,0.003257081033328,0.6816631718622622,0.5758904383854608,Low (<10%),Low (<5%),Low (<0.25),Low (<0.33)
United States,Alaska,69.4287989882,0.0,0.003257081033328,0.6816631718622622,0.5758904383854608,Low (<10%),Low (<5%),Low (<0.25),Low (<0.33)
United States,Alaska,224.235056586,0.0,0.003257081033328,0.6816631718622622,0.5758904383854608,Low (<10%),Low (<5%),Low (<0.25),Low (<0.33)
United States,Alaska,115.067209891,0.0,0.003257081033328,0.6816631718622622,0.5758904383854608,Low (<10%),Low (<5%),Low (<0.25),Low (<0.33)
United States,Alaska,132.767241106,0.0,0.003257081033328,0.6816631718622622,0.5758904383854608,Low (<10%),Low (<5%),Low (<0.25),Low (<0.33)
United States,Alaska,321.862389802,0.0,0.003257081033328,0.6816631718622622,0.5758904383854608,Low (<10%),Low (<5%),Low (<0.25),Low (<0.33)
United States,Alaska,594.902905277,0.0,0.003257081033328,0.6816631718622622,0.5758904383854608,Low (<10%),Low (<5%),Low (<0.25),Low (<0.33)
United States,Alaska,157.810870648,0.0,0.003257081033328,0.6816631718622622,0.5758904383854608,Low (<10%),Low (<5%),Low (<0.25),Low (<0.33)
United States,Alaska,151.658754815,0.0,0.003257081033328,0.6816631718622622,0.5758904383854608,Low (<10%),Low (<5%),Low (<0.25),Low (<0.33)
United States,Alaska,114.792680823,0.0,0.003257081033328,0.6816631718622622,0.5758904383854608,Low (<10%),Low (<5%),Low (<0.25),Low (<0.33)
United States,Alaska,1784.37132993,0.0,0.003257081033328,0.6816631718622622,0.5758904383854608,Low (<10%),Low (<5%),Low (<0.25),Low (<0.33)
United States,Alaska,0.02271587889,0.0,0.0036187221913113,0.909630053818355,0.9526685567273844,Low (<10%),Low (<5%),Low (<0.25),Low (<0.33)
United States,Alaska,5504.37794733,0.0,0.0005495663773677,0.5568775184656282,0.3856241906604623,Low (<10%),Low (<5%),Low (<0.25),Low (<0.33)
United States,Alaska,292.227552282,0.0,0.0005495663773677,0.5568775184656282,0.3856241906604623,Low (<10%),Low (<5%),Low (<0.25),Low (<0.33)
United States,Alaska,1518.52845428,0.0,6.16244977600882e-09,0.8719772819207159,0.5395391528016056,Low (<10%),Low (<5%),Low (<0.25),Low (<0.33)
United States,Alaska,376.539713011,0.0,0.0,1.0959905190883354,0.7538954905605015,Low (<10%),Low (<5%),Low - Medium (0.25-0.50),Low (<0.33)
United States,Alaska,31.9539133136,0.0,0.0,1.0959905190883354,0.7538954905605015,Low (<10%),Low (<5%),Low - Medium (0.25-0.50),Low (<0.33)
United States,Alaska,787.652133819,0.0,0.0018874200081249,1.2335818833080716,0.8524489702816495,Low (<10%),Low (<5%),Low - Medium (0.25-0.50),Low (<0.33)
United States,Alaska,10.0775283811,0.0,0.0018874200081249,1.2335818833080716,0.8524489702816495,Low (<10%),Low (<5%),Low - Medium (0.25-0.50),Low (<0.33)
United States,Alaska,2096.22975488,0.0,6.395799942259714e-05,0.6953364239066486,0.434018786192843,Low (<10%),Low (<5%),Low (<0.25),Low (<0.33)
United States,Alaska,34.7100587354,0.0,6.395799942259714e-05,0.6953364239066486,0.434018786192843,Low (<10%),Low (<5%),Low (<0.25),Low (<0.33)
United States,Alaska,155.184350313,0.0,6.395799942259714e-05,0.6953364239066486,0.434018786192843,Low (<10%),Low (<5%),Low (<0.25),Low (<0.33)
United States,Alaska,920.532461854,0.0,1.958625327650502e-05,0.9705438865155545,0.6349997402006066,Low (<10%),Low (<5%),Low (<0.25),Low (<0.33)
United States,Alaska,4.00116605662,0.0,1.958625327650502e-05,0.9705438865155545,0.6349997402006066,Low (<10%),Low (<5%),Low (<0.25),Low (<0.33)
United States,Alaska,1200.58389302,0.0,0.0017552668744387,0.7574123017843765,0.3375162709997236,Low (<10%),Low (<5%),Low (<0.25),Low (<0.33)
United States,Alaska,489.027614819,0.0,0.0017552668744387,0.7574123017843765,0.3375162709997236,Low (<10%),Low (<5%),Low (<0.25),Low (<0.33)
United States,Alaska,101.388933385,0.0,0.0017552668744387,0.7574123017843765,0.3375162709997236,Low (<10%),Low (<5%),Low (<0.25),Low (<0.33)
United States,Alaska,1075.09165412,0.0,2.109131779779685e-05,1.5382978069929074,1.242282330159988,Low (<10%),Low (<5%),Low - Medium (0.25-0.50),Low - Medium (0.33-0.66)
United States,Alaska,138.737212372,0.0,0.0033747449104551,1.9072315678682723,1.351667536745705,Low (<10%),Low (<5%),Low - Medium (0.25-0.50),Low - Medium (0.33-0.66)
United States,Alaska,31.2346940993,0.0,0.0012937227124402,1.5936556791270873,1.3096853700346978,Low (<10%),Low (<5%),Low - Medium (0.25-0.50),Low - Medium (0.33-0.66)
United States,Alaska,4104.65497839,0.0,0.0009297808533277,0.793616586861226,0.8436371853081455,Low (<10%),Low (<5%),Low (<0.25),Low (<0.33)
United States,Alaska,5093.48476551,0.0,0.0009297808533277,0.793616586861226,0.8436371853081455,Low (<10%),Low (<5%),Low (<0.25),Low (<0.33)
United States,Alaska,203.427963604,0.0,0.0009297808533277,0.793616586861226,0.8436371853081455,Low (<10%),Low (<5%),Low (<0.25),Low (<0.33)
United States,Alaska,3966.98267635,0.0,0.0009297808533277,0.793616586861226,0.8436371853081455,Low (<10%),Low (<5%),Low (<0.25),Low (<0.33)
United States,Alaska,68.175494319,0.0,0.0009297808533277,0.793616586861226,0.8436371853081455,Low (<10%),Low (<5%),Low (<0.25),Low (<0.33)
United States,Alaska,451.155169906,0.0,0.0009297808533277,0.793616586861226,0.8436371853081455,Low (<10%),Low (<5%),Low (<0.25),Low (<0.33)
United States,Alaska,2697.70995554,0.0,0.0009297808533277,0.793616586861226,0.8436371853081455,Low (<10%),Low (<5%),Low (<0.25),Low (<0.33)
United States,Alaska,1846.84476277,0.0,0.0009297808533277,0.793616586861226,0.8436371853081455,Low (<10%),Low (<5%),Low (<0.25),Low (<0.33)
United States,Alaska,491.06619889,0.0,0.0009297808533277,0.793616586861226,0.8436371853081455,Low (<10%),Low (<5%),Low (<0.25),Low (<0.33)
United States,Alaska,68.001457521,0.0,0.0009297808533277,0.793616586861226,0.8436371853081455,Low (<10%),Low (<5%),Low (<0.25),Low (<0.33)
United States,Alaska,1883.3418519,0.0,0.0009297808533277,0.793616586861226,0.8436371853081455,Low (<10%),Low (<5%),Low (<0.25),Low (<0.33)
United States,Alaska,6972.25904517,0.0,6.783011958696939e-05,0.7514886679252276,0.5711920321670043,Low (<10%),Low (<5%),Low (<0.25),Low (<0.33)
United States,Alaska,365.486222898,0.0,6.783011958696939e-05,0.7514886679252276,0.5711920321670043,Low (<10%),Low (<5%),Low (<0.25),Low (<0.33)
United States,Alaska,533.70354965,0.0,1.1726207815328817e-07,0.8510531371502862,1.2087594228317746,Low (<10%),Low (<5%),Low (<0.25),Low - Medium (0.33-0.66)
United States,Alaska,1367.27997768,0.0,8.581139333141299e-06,0.6394134401481928,0.5115061363663238,Low (<10%),Low (<5%),Low (<0.25),Low (<0.33)
United States,Alaska,52.8314269863,0.0,8.581139333141299e-06,0.6394134401481928,0.5115061363663238,Low (<10%),Low (<5%),Low (<0.25),Low (<0.33)
United States,Alaska,744.684686993,0.0,8.615808466948877e-05,1.0475681551094138,1.475783108110441,Low (<10%),Low (<5%),Low - Medium (0.25-0.50),Low - Medium (0.33-0.66)
United States,Alaska,12.5720605274,0.0,8.615808466948877e-05,1.0475681551094138,1.475783108110441,Low (<10%),Low (<5%),Low - Medium (0.25-0.50),Low - Medium (0.33-0.66)
United States,Alaska,4390.77558159,0.0,0.0203841661345213,0.6226425546018103,0.4739828353736451,Low (<10%),Low (<5%),Low (<0.25),Low (<0.33)
United States,Alaska,196.581535553,0.0,0.0203841661345213,0.6226425546018103,0.4739828353736451,Low (<10%),Low (<5%),Low (<0.25),Low (<0.33)
United States,Alaska,86.0503630675,0.0,0.0203841661345213,0.6226425546018103,0.4739828353736451,Low (<10%),Low (<5%),Low (<0.25),Low (<0.33)
United States,Alaska,826.105823838,0.0,0.0004109672374254,0.9094219490658496,1.098995392729292,Low (<10%),Low (<5%),Low (<0.25),Low - Medium (0.33-0.66)
United States,Alaska,8.96701915603,0.0,0.0011344669274246,1.3221092194280633,1.5537621991505848,Low (<10%),Low (<5%),Low - Medium (0.25-0.50),Low - Medium (0.33-0.66)
United States,Alaska,1609.78241945,0.0,0.0011344669274246,1.3221092194280633,1.5537621991505848,Low (<10%),Low (<5%),Low - Medium (0.25-0.50),Low - Medium (0.33-0.66)
United States,Alaska,43.7544344596,0.0,0.0011344669274246,1.3221092194280633,1.5537621991505848,Low (<10%),Low (<5%),Low - Medium (0.25-0.50),Low - Medium (0.33-0.66)
United States,Alaska,59.9585765711,0.0,0.0009083142902069,1.389486528062319,1.6821033093706148,Low (<10%),Low (<5%),Low - Medium (0.25-0.50),Low - Medium (0.33-0.66)
United States,Alaska,2106.68022975,0.0,0.0009083142902069,1.389486528062319,1.6821033093706148,Low (<10%),Low (<5%),Low - Medium (0.25-0.50),Low - Medium (0.33-0.66)
United States,Alaska,0.33843388063,0.0,0.0009083142902069,1.389486528062319,1.6821033093706148,Low (<10%),Low (<5%),Low - Medium (0.25-0.50),Low - Medium (0.33-0.66)
United States,Alaska,10125.2253765,0.0,4.2368196490253306e-05,0.9594662043074818,0.8076772831863444,Low (<10%),Low (<5%),Low (<0.25),Low (<0.33)
United States,Alaska,640.823660471,0.0,4.2368196490253306e-05,0.9594662043074818,0.8076772831863444,Low (<10%),Low (<5%),Low (<0.25),Low (<0.33)
United States,Alaska,131.08784407,0.0,0.0085470724163659,0.6419724247776195,0.312735849028969,Low (<10%),Low (<5%),Low (<0.25),Low (<0.33)
United States,Alaska,329.31451162,0.0,0.0085470724163659,0.6419724247776195,0.312735849028969,Low (<10%),Low (<5%),Low (<0.25),Low (<0.33)
United States,Alaska,81.8028087076,0.0,0.0085470724163659,0.6419724247776195,0.312735849028969,Low (<10%),Low (<5%),Low (<0.25),Low (<0.33)
United States,Alaska,2560.42035846,0.0,0.0085470724163659,0.6419724247776195,0.312735849028969,Low (<10%),Low (<5%),Low (<0.25),Low (<0.33)
United States,Alaska,98.5335852992,0.0,0.0085470724163659,0.6419724247776195,0.312735849028969,Low (<10%),Low (<5%),Low (<0.25),Low (<0.33)
United States,Alaska,1690.96284431,0.0,0.0085470724163659,0.6419724247776195,0.312735849028969,Low (<10%),Low (<5%),Low (<0.25),Low (<0.33)
United States,Alaska,7.30063325677,0.0,0.0085470724163659,0.6419724247776195,0.312735849028969,Low (<10%),Low (<5%),Low (<0.25),Low (<0.33)
United States,Alaska,157.419987134,0.0,0.0085470724163659,0.6419724247776195,0.312735849028969,Low (<10%),Low (<5%),Low (<0.25),Low (<0.33)
United States,Alaska,168.096312045,0.0,0.0085470724163659,0.6419724247776195,0.312735849028969,Low (<10%),Low (<5%),Low (<0.25),Low (<0.33)
United States,Alaska,995.427697341,0.0,0.0085470724163659,0.6419724247776195,0.312735849028969,Low (<10%),Low (<5%),Low (<0.25),Low (<0.33)
United States,Alaska,196.109425901,0.0,0.0085470724163659,0.6419724247776195,0.312735849028969,Low (<10%),Low (<5%),Low (<0.25),Low (<0.33)
United States,Alaska,425.499148797,0.0,0.0085470724163659,0.6419724247776195,0.312735849028969,Low (<10%),Low (<5%),Low (<0.25),Low (<0.33)
United States,Alaska,136.983466837,0.0,0.0085470724163659,0.6419724247776195,0.312735849028969,Low (<10%),Low (<5%),Low (<0.25),Low (<0.33)
United States,Alaska,660.788463175,0.0,0.0085470724163659,0.6419724247776195,0.312735849028969,Low (<10%),Low (<5%),Low (<0.25),Low (<0.33)
United States,Alaska,323.010524293,0.0,0.0085470724163659,0.6419724247776195,0.312735849028969,Low (<10%),Low (<5%),Low (<0.25),Low (<0.33)
United States,Alaska,443.890171647,0.0,0.0085470724163659,0.6419724247776195,0.312735849028969,Low (<10%),Low (<5%),Low (<0.25),Low (<0.33)
United States,Alaska,58.368833011,0.0,0.0085470724163659,0.6419724247776195,0.312735849028969,Low (<10%),Low (<5%),Low (<0.25),Low (<0.33)
United States,Alaska,112.436994666,0.0,0.0085470724163659,0.6419724247776195,0.312735849028969,Low (<10%),Low (<5%),Low (<0.25),Low (<0.33)
United States,Alaska,4141.86530518,0.0,0.0085470724163659,0.6419724247776195,0.312735849028969,Low (<10%),Low (<5%),Low (<0.25),Low (<0.33)
United States,Alaska,210.017427405,0.0,0.0085470724163659,0.6419724247776195,0.312735849028969,Low (<10%),Low (<5%),Low (<0.25),Low (<0.33)
United States,Alaska,263.797520187,0.0,0.0085470724163659,0.6419724247776195,0.312735849028969,Low (<10%),Low (<5%),Low (<0.25),Low (<0.33)
United States,Alaska,107.933621256,0.0,0.0085470724163659,0.6419724247776195,0.312735849028969,Low (<10%),Low (<5%),Low (<0.25),Low (<0.33)
United States,Alaska,87.212116625,0.0,0.0085470724163659,0.6419724247776195,0.312735849028969,Low (<10%),Low (<5%),Low (<0.25),Low (<0.33)
United States,Alaska,1661.41326603,0.0,0.0085470724163659,0.6419724247776195,0.312735849028969,Low (<10%),Low (<5%),Low (<0.25),Low (<0.33)
United States,Alaska,855.02196089,0.0,6.074111201151775e-05,0.675151074351264,0.2056792517377428,Low (<10%),Low (<5%),Low (<0.25),Low (<0.33)
United States,Alaska,56.3508665078,0.0,6.074111201151775e-05,0.675151074351264,0.2056792517377428,Low (<10%),Low (<5%),Low (<0.25),Low (<0.33)
United States,Alaska,1987.14675471,0.0,0.0005728238912964,1.139415228532021,1.25059817643332,Low (<10%),Low (<5%),Low - Medium (0.25-0.50),Low - Medium (0.33-0.66)
United States,Alaska,23.0934609301,0.0,0.0005728238912964,1.139415228532021,1.25059817643332,Low (<10%),Low (<5%),Low - Medium (0.25-0.50),Low - Medium (0.33-0.66)
United States,Alaska,4012.91926121,0.0,0.0002379991510886,1.396682289535104,1.1140550392849284,Low (<10%),Low (<5%),Low - Medium (0.25-0.50),Low - Medium (0.33-0.66)
United States,Alaska,261.806730761,0.0,0.0002379991510886,1.396682289535104,1.1140550392849284,Low (<10%),Low (<5%),Low - Medium (0.25-0.50),Low - Medium (0.33-0.66)
United States,Alaska,823.931510979,0.0,0.0,0.8382992111259645,0.8405371721444239,Low (<10%),Low (<5%),Low (<0.25),Low (<0.33)
United States,Alaska,2.48435524835,0.0,0.0,0.8382992111259645,0.8405371721444239,Low (<10%),Low (<5%),Low (<0.25),Low (<0.33)
United States,Alaska,1295.32896232,0.0,5.579559754511731e-07,1.026820522120271,0.8394785699287849,Low (<10%),Low (<5%),Low - Medium (0.25-0.50),Low (<0.33)
United States,Alaska,41.7531411833,0.0,5.579559754511731e-07,1.026820522120271,0.8394785699287849,Low (<10%),Low (<5%),Low - Medium (0.25-0.50),Low (<0.33)
United States,Alaska,1394.59376965,0.0,7.192750876154769e-08,1.332461388770393,1.0812662822103485,Low (<10%),Low (<5%),Low - Medium (0.25-0.50),Low - Medium (0.33-0.66)
United States,Alaska,0.05219351436,0.0,7.192750876154769e-08,1.332461388770393,1.0812662822103485,Low (<10%),Low (<5%),Low - Medium (0.25-0.50),Low - Medium (0.33-0.66)
United States,Alaska,7233.24280413,0.0,5.63241190681437e-05,0.7631535556713411,1.0726959917196703,Low (<10%),Low (<5%),Low (<0.25),Low - Medium (0.33-0.66)
United States,Alaska,150.245775334,0.0,5.63241190681437e-05,0.7631535556713411,1.0726959917196703,Low (<10%),Low (<5%),Low (<0.25),Low - Medium (0.33-0.66)
United States,Alaska,2341.67011304,0.0,5.225484506868187e-07,0.3349767200666405,0.7349585061985303,Low (<10%),Low (<5%),Low (<0.25),Low (<0.33)
United States,Alaska,3178.66302554,0.0,4.220717491533176e-06,0.8665097850653405,1.440062505423751,Low (<10%),Low (<5%),Low (<0.25),Low - Medium (0.33-0.66)
United States,Alaska,59.997534364,0.0,4.220717491533176e-06,0.8665097850653405,1.440062505423751,Low (<10%),Low (<5%),Low (<0.25),Low - Medium (0.33-0.66)
United States,Alaska,127.960379217,0.0,4.220717491533176e-06,0.8665097850653405,1.440062505423751,Low (<10%),Low (<5%),Low (<0.25),Low - Medium (0.33-0.66)
United States,Alaska,2022.77530101,0.0,1.7459188169190207e-05,0.8890506045992191,1.4991447066063497,Low (<10%),Low (<5%),Low (<0.25),Low - Medium (0.33-0.66)
United States,Alaska,68.9230478562,0.0,1.7459188169190207e-05,0.8890506045992191,1.4991447066063497,Low (<10%),Low (<5%),Low (<0.25),Low - Medium (0.33-0.66)
United States,Alaska,2719.57821459,0.0,7.505205716664539e-08,0.9056539838971396,1.560151189163569,Low (<10%),Low (<5%),Low (<0.25),Low - Medium (0.33-0.66)
United States,Alaska,983.473643766,0.0,0.000275677074175,0.8803978825052156,1.507218193806204,Low (<10%),Low (<5%),Low (<0.25),Low - Medium (0.33-0.66)
United States,Alaska,3075.4583109,0.0,0.000275677074175,0.8803978825052156,1.507218193806204,Low (<10%),Low (<5%),Low (<0.25),Low - Medium (0.33-0.66)
United States,Alaska,32614.8315569,0.0,0.0077668935614296,1.3369995891907778,2.200781427158009,Low (<10%),Low (<5%),Low - Medium (0.25-0.50),Medium - High (0.66-1.00)
United States,Alaska,2653.46383665,0.0,1.957574198496534e-05,0.6246611892802284,1.0806220314357189,Low (<10%),Low (<5%),Low (<0.25),Low - Medium (0.33-0.66)
United States,Alaska,1909.85893564,0.0,1.957574198496534e-05,0.6246611892802284,1.0806220314357189,Low (<10%),Low (<5%),Low (<0.25),Low - Medium (0.33-0.66)
United States,Alaska,3710.40371869,0.0,0.0001084451990725,0.548814686587506,1.0435617504441523,Low (<10%),Low (<5%),Low (<0.25),Low - Medium (0.33-0.66)
United States,Alaska,516.656743185,0.0,0.0001084451990725,0.548814686587506,1.0435617504441523,Low (<10%),Low (<5%),Low (<0.25),Low - Medium (0.33-0.66)
United States,Alaska,1293.36533821,0.0,4.771365075811541e-06,0.5573427619570486,1.0403368196177734,Low (<10%),Low (<5%),Low (<0.25),Low - Medium (0.33-0.66)
United States,Alaska,1986.49521293,0.0,0.0001296339683285,0.5842480787130284,1.241031950724735,Low (<10%),Low (<5%),Low (<0.25),Low - Medium (0.33-0.66)
United States,Alaska,3665.79287993,0.0,0.0001296339683285,0.5842480787130284,1.241031950724735,Low (<10%),Low (<5%),Low (<0.25),Low - Medium (0.33-0.66)
United States,Alaska,4.23967196109,0.0,9.11317596182074e-07,0.5126078293383796,1.0547646607984509,Low (<10%),Low (<5%),Low (<0.25),Low - Medium (0.33-0.66)
United States,Alaska,5096.44555178,0.0,9.11317596182074e-07,0.5126078293383796,1.0547646607984509,Low (<10%),Low (<5%),Low (<0.25),Low - Medium (0.33-0.66)
United States,Alaska,4468.8076723,0.0,0.0072851559034227,0.7393565168321471,0.7366756718336192,Low (<10%),Low (<5%),Low (<0.25),Low (<0.33)
United States,Alaska,4131.72224582,0.0,0.0072851559034227,0.7393565168321471,0.7366756718336192,Low (<10%),Low (<5%),Low (<0.25),Low (<0.33)
United States,Alaska,406.986216543,0.0,0.0072851559034227,0.7393565168321471,0.7366756718336192,Low (<10%),Low (<5%),Low (<0.25),Low (<0.33)
United States,Alaska,423.271066025,0.0,0.0072851559034227,0.7393565168321471,0.7366756718336192,Low (<10%),Low (<5%),Low (<0.25),Low (<0.33)
United States,Alaska,310.031666674,0.0,0.0072851559034227,0.7393565168321471,0.7366756718336192,Low (<10%),Low (<5%),Low (<0.25),Low (<0.33)
United States,Alaska,11715.6323884,0.0,0.0072851559034227,0.7393565168321471,0.7366756718336192,Low (<10%),Low (<5%),Low (<0.25),Low (<0.33)
United States,Alaska,114.738791086,0.0,0.0072851559034227,0.7393565168321471,0.7366756718336192,Low (<10%),Low (<5%),Low (<0.25),Low (<0.33)
United States,Alaska,58.8984725529,0.0,0.0072851559034227,0.7393565168321471,0.7366756718336192,Low (<10%),Low (<5%),Low (<0.25),Low (<0.33)
United States,Alaska,159.828468157,0.0,0.0072851559034227,0.7393565168321471,0.7366756718336192,Low (<10%),Low (<5%),Low (<0.25),Low (<0.33)
United States,Alaska,244.36626382,0.0,0.0072851559034227,0.7393565168321471,0.7366756718336192,Low (<10%),Low (<5%),Low (<0.25),Low (<0.33)
United States,Alaska,380.934262496,0.0,0.0072851559034227,0.7393565168321471,0.7366756718336192,Low (<10%),Low (<5%),Low (<0.25),Low (<0.33)
United States,Alaska,32.9618685309,0.0,0.0072851559034227,0.7393565168321471,0.7366756718336192,Low (<10%),Low (<5%),Low (<0.25),Low (<0.33)
United States,Alaska,54.6011995567,0.0,0.0072851559034227,0.7393565168321471,0.7366756718336192,Low (<10%),Low (<5%),Low (<0.25),Low (<0.33)
United States,Alaska,744.284781422,0.0,0.0072851559034227,0.7393565168321471,0.7366756718336192,Low (<10%),Low (<5%),Low (<0.25),Low (<0.33)
United States,Alaska,84.8388361979,0.0,0.0072851559034227,0.7393565168321471,0.7366756718336192,Low (<10%),Low (<5%),Low (<0.25),Low (<0.33)
United States,Alaska,67.7003390714,0.0,0.0072851559034227,0.7393565168321471,0.7366756718336192,Low (<10%),Low (<5%),Low (<0.25),Low (<0.33)
United States,Alaska,64.7863284607,0.0,0.0072851559034227,0.7393565168321471,0.7366756718336192,Low (<10%),Low (<5%),Low (<0.25),Low (<0.33)
United States,Alaska,51.9072531518,0.0,0.0072851559034227,0.7393565168321471,0.7366756718336192,Low (<10%),Low (<5%),Low (<0.25),Low (<0.33)
United States,Alaska,1261.79399192,0.0,0.0072851559034227,0.7393565168321471,0.7366756718336192,Low (<10%),Low (<5%),Low (<0.25),Low (<0.33)
United States,Alaska,2104.32811019,0.0,0.0097505026948188,1.63414536295545,0.7583282319017688,Low (<10%),Low (<5%),Low - Medium (0.25-0.50),Low (<0.33)
United States,Alaska,3.67754514232,0.0,0.0097505026948188,1.63414536295545,0.7583282319017688,Low (<10%),Low (<5%),Low - Medium (0.25-0.50),Low (<0.33)
United States,Alaska,191.172834777,2.950720804506872,1.147331162505985,2.210983055022948,1.5845328904892808,Medium - High (20-40%),Low - Medium (5-25%),Medium - High (0.50-0.75),Low - Medium (0.33-0.66)
United States,Alaska,0.06243271385,2.950720804506872,1.147331162505985,2.210983055022948,1.5845328904892808,Medium - High (20-40%),Low - Medium (5-25%),Medium - High (0.50-0.75),Low - Medium (0.33-0.66)
United States,Alaska,870.496206097,0.0,0.0530338308603188,1.6466527634147077,1.2687365078720458,Low (<10%),Low (<5%),Low - Medium (0.25-0.50),Low - Medium (0.33-0.66)
United States,Alaska,4971.23589399,0.0,0.0530338308603188,1.6466527634147077,1.2687365078720458,Low (<10%),Low (<5%),Low - Medium (0.25-0.50),Low - Medium (0.33-0.66)
United States,Alaska,5426.82718175,0.2380502544531817,0.2411829323965266,1.1822671941911904,1.329802208422841,Low (<10%),Low (<5%),Low - Medium (0.25-0.50),Low - Medium (0.33-0.66)
United States,Alaska,1416.13498392,0.2380502544531817,0.2411829323965266,1.1822671941911904,1.329802208422841,Low (<10%),Low (<5%),Low - Medium (0.25-0.50),Low - Medium (0.33-0.66)
United States,Alaska,57.0171669298,0.2380502544531817,0.2411829323965266,1.1822671941911904,1.329802208422841,Low (<10%),Low (<5%),Low - Medium (0.25-0.50),Low - Medium (0.33-0.66)
United States,Alaska,3166.13775999,0.0,0.0124832688623621,0.6420998044578458,1.0197653159604605,Low (<10%),Low (<5%),Low (<0.25),Low - Medium (0.33-0.66)
United States,Alaska,0.34973888754,0.0,0.0124832688623621,0.6420998044578458,1.0197653159604605,Low (<10%),Low (<5%),Low (<0.25),Low - Medium (0.33-0.66)
United States,Alaska,0.10039883576,,,,,No Data,No Data,No Data,No Data
United States,Alaska,5761.56039611,0.0,0.0135762521277216,0.8865353927271763,1.1033935220081337,Low (<10%),Low (<5%),Low (<0.25),Low - Medium (0.33-0.66)
United States,Alaska,0.71108703585,0.0,0.0135762521277216,0.8865353927271763,1.1033935220081337,Low (<10%),Low (<5%),Low (<0.25),Low - Medium (0.33-0.66)
United States,Alaska,105.744925162,0.0,0.0278633910143333,1.1338711993344404,1.3403690195549527,Low (<10%),Low (<5%),Low - Medium (0.25-0.50),Low - Medium (0.33-0.66)
United States,Alaska,2041.65302119,0.0,0.0278633910143333,1.1338711993344404,1.3403690195549527,Low (<10%),Low (<5%),Low - Medium (0.25-0.50),Low - Medium (0.33-0.66)
United States,Alaska,39.7955340727,0.0,0.0278633910143333,1.1338711993344404,1.3403690195549527,Low (<10%),Low (<5%),Low - Medium (0.25-0.50),Low - Medium (0.33-0.66)
United States,Alaska,390.025401843,0.0,2.6984948619273456e-05,1.632700384085983,1.870593610979931,Low (<10%),Low (<5%),Low - Medium (0.25-0.50),Low - Medium (0.33-0.66)
United States,Alaska,7376.77417703,0.0,0.0003339875979806,1.770325074861326,2.065760028167571,Low (<10%),Low (<5%),Low - Medium (0.25-0.50),Medium - High (0.66-1.00)
United States,Alaska,8626.3850341,0.0,0.0003339875979806,1.770325074861326,2.065760028167571,Low (<10%),Low (<5%),Low - Medium (0.25-0.50),Medium - High (0.66-1.00)
United States,Alaska,587.307365073,0.0,0.0076290576563175,1.6843146712983177,1.7999369457732866,Low (<10%),Low (<5%),Low - Medium (0.25-0.50),Low - Medium (0.33-0.66)
United States,Alaska,5153.05621502,0.0,0.0076290576563175,1.6843146712983177,1.7999369457732866,Low (<10%),Low (<5%),Low - Medium (0.25-0.50),Low - Medium (0.33-0.66)
United States,Alaska,3716.98512803,0.0,0.0033195363314085,1.88267572953452,1.911307898054161,Low (<10%),Low (<5%),Low - Medium (0.25-0.50),Low - Medium (0.33-0.66)
United States,Alaska,897.44384375,0.0,0.0033195363314085,1.88267572953452,1.911307898054161,Low (<10%),Low (<5%),Low - Medium (0.25-0.50),Low - Medium (0.33-0.66)
United States,Alaska,7.52217399199,,,,,No Data,No Data,No Data,No Data
United States,Alaska,4163.09613967,0.0,0.0004555545376323,1.6170047942415524,2.054626975838155,Low (<10%),Low (<5%),Low - Medium (0.25-0.50),Medium - High (0.66-1.00)
United States,Alaska,2574.41667321,0.0,0.0004555545376323,1.6170047942415524,2.054626975838155,Low (<10%),Low (<5%),Low - Medium (0.25-0.50),Medium - High (0.66-1.00)
United States,Alaska,9775.60850059,0.0,0.0015584654726404,1.641750208874332,2.110177826717503,Low (<10%),Low (<5%),Low - Medium (0.25-0.50),Medium - High (0.66-1.00)
United States,Alaska,983.154226294,0.0,0.0015584654726404,1.641750208874332,2.110177826717503,Low (<10%),Low (<5%),Low - Medium (0.25-0.50),Medium - High (0.66-1.00)
United States,Alaska,2321.05895747,0.0,2.5454990961410644e-05,1.6277874202700455,3.1040230472928148,Low (<10%),Low (<5%),Low - Medium (0.25-0.50),High (1.00-1.33)
United States,Alaska,3688.60985928,0.0,3.571320686731872e-05,1.3822945320249769,2.524789609751509,Low (<10%),Low (<5%),Low - Medium (0.25-0.50),Medium - High (0.66-1.00)
United States,Alaska,161.879549323,0.0,0.0028733936413616,0.8222111924950485,0.7198612369709096,Low (<10%),Low (<5%),Low (<0.25),Low (<0.33)
United States,Alaska,1776.66706703,0.0,0.0028733936413616,0.8222111924950485,0.7198612369709096,Low (<10%),Low (<5%),Low (<0.25),Low (<0.33)
United States,Alaska,174.830355375,0.0,0.0028733936413616,0.8222111924950485,0.7198612369709096,Low (<10%),Low (<5%),Low (<0.25),Low (<0.33)
United States,Alaska,141.281642347,0.0,0.0028733936413616,0.8222111924950485,0.7198612369709096,Low (<10%),Low (<5%),Low (<0.25),Low (<0.33)
United States,Alaska,9024.41518667,0.0,0.0028733936413616,0.8222111924950485,0.7198612369709096,Low (<10%),Low (<5%),Low (<0.25),Low (<0.33)
United States,Alaska,288.11124885,0.0,0.0028733936413616,0.8222111924950485,0.7198612369709096,Low (<10%),Low (<5%),Low (<0.25),Low (<0.33)
United States,Alaska,152.834655276,0.0,0.0028733936413616,0.8222111924950485,0.7198612369709096,Low (<10%),Low (<5%),Low (<0.25),Low (<0.33)
United States,Alaska,59.5907889648,0.0,0.0028733936413616,0.8222111924950485,0.7198612369709096,Low (<10%),Low (<5%),Low (<0.25),Low (<0.33)
United States,Alaska,63.8412816444,0.0,0.0028733936413616,0.8222111924950485,0.7198612369709096,Low (<10%),Low (<5%),Low (<0.25),Low (<0.33)
United States,Alaska,107.739258801,0.0,0.0028733936413616,0.8222111924950485,0.7198612369709096,Low (<10%),Low (<5%),Low (<0.25),Low (<0.33)
United States,Alaska,1015.90338679,0.0,0.0028733936413616,0.8222111924950485,0.7198612369709096,Low (<10%),Low (<5%),Low (<0.25),Low (<0.33)
United States,Alaska,391.393386852,0.0,0.0007963080312446,1.4556326237907458,1.85475023351485,Low (<10%),Low (<5%),Low - Medium (0.25-0.50),Low - Medium (0.33-0.66)
United States,Alaska,3804.72635501,0.0,0.0007963080312446,1.4556326237907458,1.85475023351485,Low (<10%),Low (<5%),Low - Medium (0.25-0.50),Low - Medium (0.33-0.66)
United States,Alaska,22.4543151178,0.0,0.0007963080312446,1.4556326237907458,1.85475023351485,Low (<10%),Low (<5%),Low - Medium (0.25-0.50),Low - Medium (0.33-0.66)
United States,Alaska,3187.71362611,0.0,0.0004762123440237,1.3240544749486176,2.438487543601938,Low (<10%),Low (<5%),Low - Medium (0.25-0.50),Medium - High (0.66-1.00)
United States,Alaska,875.221069497,0.0,0.0004762123440237,1.3240544749486176,2.438487543601938,Low (<10%),Low (<5%),Low - Medium (0.25-0.50),Medium - High (0.66-1.00)
United States,Alaska,321.464284184,0.0,0.0004762123440237,1.3240544749486176,2.438487543601938,Low (<10%),Low (<5%),Low - Medium (0.25-0.50),Medium - High (0.66-1.00)
United States,Alaska,4000.95613229,0.0,0.0217922754570471,1.3842212733670625,0.9818256025315244,Low (<10%),Low (<5%),Low - Medium (0.25-0.50),Low (<0.33)
United States,Alaska,76.947289896,0.0,0.0217922754570471,1.3842212733670625,0.9818256025315244,Low (<10%),Low (<5%),Low - Medium (0.25-0.50),Low (<0.33)
United States,Alaska,4029.13627877,0.0,0.001959832897491,1.1824685679842928,0.8294995713756246,Low (<10%),Low (<5%),Low - Medium (0.25-0.50),Low (<0.33)
United States,Alaska,2175.16027408,0.0,0.001959832897491,1.1824685679842928,0.8294995713756246,Low (<10%),Low (<5%),Low - Medium (0.25-0.50),Low (<0.33)
United States,Alaska,10858.9078597,0.0,0.001959832897491,1.1824685679842928,0.8294995713756246,Low (<10%),Low (<5%),Low - Medium (0.25-0.50),Low (<0.33)
United States,Alaska,482.632767079,0.0,0.001959832897491,1.1824685679842928,0.8294995713756246,Low (<10%),Low (<5%),Low - Medium (0.25-0.50),Low (<0.33)
United States,Alaska,77.2179923446,0.0,0.001959832897491,1.1824685679842928,0.8294995713756246,Low (<10%),Low (<5%),Low - Medium (0.25-0.50),Low (<0.33)
United States,Alaska,79.0293997751,0.0,0.001959832897491,1.1824685679842928,0.8294995713756246,Low (<10%),Low (<5%),Low - Medium (0.25-0.50),Low (<0.33)
United States,Alaska,667.454843621,0.0,0.001959832897491,1.1824685679842928,0.8294995713756246,Low (<10%),Low (<5%),Low - Medium (0.25-0.50),Low (<0.33)
United States,Alaska,1496.76332648,0.0,0.0001868117590867,2.268393772503828,0.766786746513481,Low (<10%),Low (<5%),Medium - High (0.50-0.75),Low (<0.33)
United States,Alaska,126.255395225,0.0,0.0014501585016663,1.3277700204243963,0.6878467104853757,Low (<10%),Low (<5%),Low - Medium (0.25-0.50),Low (<0.33)
United States,Alaska,8330.87340478,0.0,0.0014501585016663,1.3277700204243963,0.6878467104853757,Low (<10%),Low (<5%),Low - Medium (0.25-0.50),Low (<0.33)
United States,Alaska,43.4155675219,0.0,0.0014501585016663,1.3277700204243963,0.6878467104853757,Low (<10%),Low (<5%),Low - Medium (0.25-0.50),Low (<0.33)
United States,Alaska,59.5026571869,0.0,0.0014501585016663,1.3277700204243963,0.6878467104853757,Low (<10%),Low (<5%),Low - Medium (0.25-0.50),Low (<0.33)
United States,Alaska,418.648980032,0.0,0.0014501585016663,1.3277700204243963,0.6878467104853757,Low (<10%),Low (<5%),Low - Medium (0.25-0.50),Low (<0.33)
United States,Alaska,91.3945884596,0.0,0.0014501585016663,1.3277700204243963,0.6878467104853757,Low (<10%),Low (<5%),Low - Medium (0.25-0.50),Low (<0.33)
United States,Alaska,252.396927381,0.0,0.0014501585016663,1.3277700204243963,0.6878467104853757,Low (<10%),Low (<5%),Low - Medium (0.25-0.50),Low (<0.33)
United States,Alaska,80.3904652084,0.0,0.0014501585016663,1.3277700204243963,0.6878467104853757,Low (<10%),Low (<5%),Low - Medium (0.25-0.50),Low (<0.33)
United States,Alaska,96.4919692597,0.0,0.0014501585016663,1.3277700204243963,0.6878467104853757,Low (<10%),Low (<5%),Low - Medium (0.25-0.50),Low (<0.33)
United States,Alaska,55.1628584643,0.0,0.0014501585016663,1.3277700204243963,0.6878467104853757,Low (<10%),Low (<5%),Low - Medium (0.25-0.50),Low (<0.33)
United States,Alaska,146.164051251,0.0,0.0014501585016663,1.3277700204243963,0.6878467104853757,Low (<10%),Low (<5%),Low - Medium (0.25-0.50),Low (<0.33)
United States,Alaska,1052.23045043,0.0,0.0014501585016663,1.3277700204243963,0.6878467104853757,Low (<10%),Low (<5%),Low - Medium (0.25-0.50),Low (<0.33)
United States,Alaska,1625.98185789,0.0,0.0001757311598185,1.7003393586336235,1.0895451239781584,Low (<10%),Low (<5%),Low - Medium (0.25-0.50),Low - Medium (0.33-0.66)
United States,Alaska,10302.9643045,0.0,0.0005390519795535,2.023557214164037,0.9892612175093232,Low (<10%),Low (<5%),Medium - High (0.50-0.75),Low (<0.33)
United States,Alaska,251.547234902,0.0,0.0005390519795535,2.023557214164037,0.9892612175093232,Low (<10%),Low (<5%),Medium - High (0.50-0.75),Low (<0.33)
United States,Alaska,1658.9132404,0.0,9.307604112477942e-05,2.7620172178385625,1.321472091219656,Low (<10%),Low (<5%),Medium - High (0.50-0.75),Low - Medium (0.33-0.66)
United States,Alaska,1084.09992815,0.0,2.4849655733896163e-05,2.318887569669416,1.089838775000428,Low (<10%),Low (<5%),Medium - High (0.50-0.75),Low - Medium (0.33-0.66)
United States,Alaska,8.32072508564,0.0,2.4849655733896163e-05,2.318887569669416,1.089838775000428,Low (<10%),Low (<5%),Medium - High (0.50-0.75),Low - Medium (0.33-0.66)
United States,Alaska,2978.50532599,0.0,0.0001516452849862,2.022850782208569,1.106480614924236,Low (<10%),Low (<5%),Medium - High (0.50-0.75),Low - Medium (0.33-0.66)
United States,Alaska,16.7528029033,0.0,0.0001516452849862,2.022850782208569,1.106480614924236,Low (<10%),Low (<5%),Medium - High (0.50-0.75),Low - Medium (0.33-0.66)
United States,Alaska,1456.10248585,0.0,0.0049040155922248,1.9189714753716804,0.8224731167731496,Low (<10%),Low (<5%),Low - Medium (0.25-0.50),Low (<0.33)
United States,Alaska,44.053805292,0.0,0.0049040155922248,1.9189714753716804,0.8224731167731496,Low (<10%),Low (<5%),Low - Medium (0.25-0.50),Low (<0.33)
United States,Alaska,4469.11345229,0.0,3.675715084600562e-05,1.679979600167946,0.966686316636842,Low (<10%),Low (<5%),Low - Medium (0.25-0.50),Low (<0.33)
United States,Alaska,21.6805828912,0.0,3.675715084600562e-05,1.679979600167946,0.966686316636842,Low (<10%),Low (<5%),Low - Medium (0.25-0.50),Low (<0.33)
United States,Alaska,3285.7723703,0.0,0.0029632097017488,1.5597587008923592,0.7142643505057972,Low (<10%),Low (<5%),Low - Medium (0.25-0.50),Low (<0.33)
United States,Alaska,9.6006640764,0.0,0.0029632097017488,1.5597587008923592,0.7142643505057972,Low (<10%),Low (<5%),Low - Medium (0.25-0.50),Low (<0.33)
United States,Alaska,9640.464461,0.0,0.0040544716775137,1.320959704407792,0.9475782028348136,Low (<10%),Low (<5%),Low - Medium (0.25-0.50),Low (<0.33)
United States,Alaska,473.902567467,0.0,0.0378324772593343,2.6364619160052176,1.7146093004941152,Low (<10%),Low (<5%),Medium - High (0.50-0.75),Low - Medium (0.33-0.66)
United States,Alaska,14.0561369997,0.0,0.0378324772593343,2.6364619160052176,1.7146093004941152,Low (<10%),Low (<5%),Medium - High (0.50-0.75),Low - Medium (0.33-0.66)
United States,Alaska,3423.29829368,0.0,0.0003642658137984,1.4187706449076471,1.097958896132471,Low (<10%),Low (<5%),Low - Medium (0.25-0.50),Low - Medium (0.33-0.66)
United States,Alaska,20946.2751805,0.0,0.0003642658137984,1.4187706449076471,1.097958896132471,Low (<10%),Low (<5%),Low - Medium (0.25-0.50),Low - Medium (0.33-0.66)
United States,Alaska,50.3957116669,0.0,0.0003642658137984,1.4187706449076471,1.097958896132471,Low (<10%),Low (<5%),Low - Medium (0.25-0.50),Low - Medium (0.33-0.66)
United States,Alaska,1249.23182473,0.0,0.0017780063668119,3.0488605745667874,1.5010590202464962,Low (<10%),Low (<5%),High (0.75-1.00),Low - Medium (0.33-0.66)
United States,Alaska,50.0820671146,0.0,0.0017780063668119,3.0488605745667874,1.5010590202464962,Low (<10%),Low (<5%),High (0.75-1.00),Low - Medium (0.33-0.66)
United States,Alaska,4.55482170502,,,,,No Data,No Data,No Data,No Data
United States,Alaska,1.29419801429,,,,,No Data,No Data,No Data,No Data
United States,Alaska,3485.68179614,0.0,0.0026594732583499,2.24634037001231,1.0048646268398471,Low (<10%),Low (<5%),Medium - High (0.50-0.75),Low - Medium (0.33-0.66)
United States,Alaska,40.6947641084,0.0,0.0026594732583499,2.24634037001231,1.0048646268398471,Low (<10%),Low (<5%),Medium - High (0.50-0.75),Low - Medium (0.33-0.66)
United States,Alaska,3385.50603554,0.0,7.046369846301132e-05,1.8860225764930367,1.3647942630336272,Low (<10%),Low (<5%),Low - Medium (0.25-0.50),Low - Medium (0.33-0.66)
United States,Alaska,95.4633560246,0.0,7.046369846301132e-05,1.8860225764930367,1.3647942630336272,Low (<10%),Low (<5%),Low - Medium (0.25-0.50),Low - Medium (0.33-0.66)
United States,Alaska,1827.98953277,0.0,0.0004455990368608,3.0622511245615325,1.6022085523487073,Low (<10%),Low (<5%),High (0.75-1.00),Low - Medium (0.33-0.66)
United States,Alaska,1681.18352697,0.0,0.0001413140394296,1.802788998222416,1.3726576525860097,Low (<10%),Low (<5%),Low - Medium (0.25-0.50),Low - Medium (0.33-0.66)
United States,Alaska,236.91219025,0.0,0.000426928359825,1.75470436980446,0.8308778071531898,Low (<10%),Low (<5%),Low - Medium (0.25-0.50),Low (<0.33)
United States,Alaska,13227.9210717,0.0,0.000426928359825,1.75470436980446,0.8308778071531898,Low (<10%),Low (<5%),Low - Medium (0.25-0.50),Low (<0.33)
United States,Alaska,7801.89992083,0.0,0.0003951075629769,2.244434414646354,1.9123098052606933,Low (<10%),Low (<5%),Medium - High (0.50-0.75),Low - Medium (0.33-0.66)
United States,Alaska,1897.19686359,0.0,8.437098190854835e-05,2.2474183438254416,2.3008471936413555,Low (<10%),Low (<5%),Medium - High (0.50-0.75),Medium - High (0.66-1.00)
United States,Alaska,2286.58828865,0.0,2.631329304431978e-05,2.448979426128266,1.8760258844644064,Low (<10%),Low (<5%),Medium - High (0.50-0.75),Low - Medium (0.33-0.66)
United States,Alaska,7964.32799956,0.0,0.0028513436886835,2.1383020812265388,1.576401565562044,Low (<10%),Low (<5%),Medium - High (0.50-0.75),Low - Medium (0.33-0.66)
United States,Alaska,14474.8976982,0.0,0.0028513436886835,2.1383020812265388,1.576401565562044,Low (<10%),Low (<5%),Medium - High (0.50-0.75),Low - Medium (0.33-0.66)
United States,Alaska,287.585773249,0.0,0.0028513436886835,2.1383020812265388,1.576401565562044,Low (<10%),Low (<5%),Medium - High (0.50-0.75),Low - Medium (0.33-0.66)
United States,Alaska,456.807877977,0.0,0.0028513436886835,2.1383020812265388,1.576401565562044,Low (<10%),Low (<5%),Medium - High (0.50-0.75),Low - Medium (0.33-0.66)
United States,Alaska,611.527093751,0.0,8.670147725314208e-06,1.7401289863520408,1.4742160139386922,Low (<10%),Low (<5%),Low - Medium (0.25-0.50),Low - Medium (0.33-0.66)
United States,Alaska,23.639253848,0.0,8.670147725314208e-06,1.7401289863520408,1.4742160139386922,Low (<10%),Low (<5%),Low - Medium (0.25-0.50),Low - Medium (0.33-0.66)
United States,Alaska,5208.37958234,0.0,1.899804804282789e-05,1.7332837707061877,1.4805011545840303,Low (<10%),Low (<5%),Low - Medium (0.25-0.50),Low - Medium (0.33-0.66)
United States,Alaska,190.680963011,0.0,1.899804804282789e-05,1.7332837707061877,1.4805011545840303,Low (<10%),Low (<5%),Low - Medium (0.25-0.50),Low - Medium (0.33-0.66)
United States,Alaska,14.4077256846,0.0,1.899804804282789e-05,1.7332837707061877,1.4805011545840303,Low (<10%),Low (<5%),Low - Medium (0.25-0.50),Low - Medium (0.33-0.66)
United States,Alaska,6471.68273441,0.0,0.0297530159998901,1.933878977645161,1.1350724441061857,Low (<10%),Low (<5%),Low - Medium (0.25-0.50),Low - Medium (0.33-0.66)
United States,Alaska,129.875742804,0.0,0.0297530159998901,1.933878977645161,1.1350724441061857,Low (<10%),Low (<5%),Low - Medium (0.25-0.50),Low - Medium (0.33-0.66)
United States,Alaska,89.6724351557,0.0,0.0297530159998901,1.933878977645161,1.1350724441061857,Low (<10%),Low (<5%),Low - Medium (0.25-0.50),Low - Medium (0.33-0.66)
United States,Alaska,4077.81419093,0.0,7.948026652059286e-05,1.760929340711791,1.5908438056098382,Low (<10%),Low (<5%),Low - Medium (0.25-0.50),Low - Medium (0.33-0.66)
United States,Alaska,422.864156324,0.0,7.948026652059286e-05,1.760929340711791,1.5908438056098382,Low (<10%),Low (<5%),Low - Medium (0.25-0.50),Low - Medium (0.33-0.66)
United States,Alaska,85.1896999795,0.0,7.948026652059286e-05,1.760929340711791,1.5908438056098382,Low (<10%),Low (<5%),Low - Medium (0.25-0.50),Low - Medium (0.33-0.66)
United States,Alaska,1848.01080567,0.0,0.0001063803789114,1.7661044310257434,1.5614097472950956,Low (<10%),Low (<5%),Low - Medium (0.25-0.50),Low - Medium (0.33-0.66)
United States,Alaska,803.304621815,0.0,0.0001063803789114,1.7661044310257434,1.5614097472950956,Low (<10%),Low (<5%),Low - Medium (0.25-0.50),Low - Medium (0.33-0.66)
United States,Alaska,3129.57438023,0.0,0.0021103229589505,2.509159906884197,2.1051811584266,Low (<10%),Low (<5%),Medium - High (0.50-0.75),Medium - High (0.66-1.00)
United States,Alaska,680.464268486,0.0,0.0021103229589505,2.509159906884197,2.1051811584266,Low (<10%),Low (<5%),Medium - High (0.50-0.75),Medium - High (0.66-1.00)
United States,Alaska,2595.89588378,0.0,0.0003527941493819,1.7637821485437093,1.5729192903689877,Low (<10%),Low (<5%),Low - Medium (0.25-0.50),Low - Medium (0.33-0.66)
United States,Alaska,4415.19890029,0.0,0.0003527941493819,1.7637821485437093,1.5729192903689877,Low (<10%),Low (<5%),Low - Medium (0.25-0.50),Low - Medium (0.33-0.66)
United States,Alaska,1339.75139418,0.0,0.0002916191054578,1.7097548261531952,1.5842867883948366,Low (<10%),Low (<5%),Low - Medium (0.25-0.50),Low - Medium (0.33-0.66)
United States,Alaska,1968.85920818,0.0,0.0002916191054578,1.7097548261531952,1.5842867883948366,Low (<10%),Low (<5%),Low - Medium (0.25-0.50),Low - Medium (0.33-0.66)
United States,Alaska,1364.30366702,0.0,0.0002916191054578,1.7097548261531952,1.5842867883948366,Low (<10%),Low (<5%),Low - Medium (0.25-0.50),Low - Medium (0.33-0.66)
United States,Alaska,500.702791122,0.0,0.0002916191054578,1.7097548261531952,1.5842867883948366,Low (<10%),Low (<5%),Low - Medium (0.25-0.50),Low - Medium (0.33-0.66)
United States,Alaska,5942.43665915,0.0,0.0001553046783552,1.7083622825951856,1.582252205862487,Low (<10%),Low (<5%),Low - Medium (0.25-0.50),Low - Medium (0.33-0.66)
United States,Alaska,3842.32474912,0.0,0.0001553046783552,1.7083622825951856,1.582252205862487,Low (<10%),Low (<5%),Low - Medium (0.25-0.50),Low - Medium (0.33-0.66)
United States,Alaska,1586.46284026,0.0,0.0001553046783552,1.7083622825951856,1.582252205862487,Low (<10%),Low (<5%),Low - Medium (0.25-0.50),Low - Medium (0.33-0.66)
United States,Alaska,2865.72719885,0.0,0.0007332780977057,2.164348013785933,1.4171284782027058,Low (<10%),Low (<5%),Medium - High (0.50-0.75),Low - Medium (0.33-0.66)
United States,Alaska,10784.090569,0.0,0.0007332780977057,2.164348013785933,1.4171284782027058,Low (<10%),Low (<5%),Medium - High (0.50-0.75),Low - Medium (0.33-0.66)
United States,Alaska,1921.43412083,0.0,0.0007332780977057,2.164348013785933,1.4171284782027058,Low (<10%),Low (<5%),Medium - High (0.50-0.75),Low - Medium (0.33-0.66)
United States,Alaska,78.9145825613,0.0,2.039656237693686e-05,1.6116441069019194,1.7020157566908605,Low (<10%),Low (<5%),Low - Medium (0.25-0.50),Low - Medium (0.33-0.66)
United States,Alaska,718.227736661,0.0,2.039656237693686e-05,1.6116441069019194,1.7020157566908605,Low (<10%),Low (<5%),Low - Medium (0.25-0.50),Low - Medium (0.33-0.66)
United States,Alaska,5977.93774713,0.0,0.0001023347153936,1.5927052451213537,1.723510403113523,Low (<10%),Low (<5%),Low - Medium (0.25-0.50),Low - Medium (0.33-0.66)
United States,Alaska,1774.93827524,0.0,0.0001023347153936,1.5927052451213537,1.723510403113523,Low (<10%),Low (<5%),Low - Medium (0.25-0.50),Low - Medium (0.33-0.66)
United States,Alaska,8796.7713605,0.0,0.0001023347153936,1.5927052451213537,1.723510403113523,Low (<10%),Low (<5%),Low - Medium (0.25-0.50),Low - Medium (0.33-0.66)
United States,Alaska,6447.80023874,0.0,0.001764362544565,1.940178637463227,1.664450183420373,Low (<10%),Low (<5%),Low - Medium (0.25-0.50),Low - Medium (0.33-0.66)
United States,Alaska,6310.18051626,0.0,0.001764362544565,1.940178637463227,1.664450183420373,Low (<10%),Low (<5%),Low - Medium (0.25-0.50),Low - Medium (0.33-0.66)
United States,Alaska,5320.06993707,0.0,0.0001181421474958,2.016523557898567,1.7451116015976562,Low (<10%),Low (<5%),Medium - High (0.50-0.75),Low - Medium (0.33-0.66)
United States,Alaska,2473.81996351,0.0,0.0001181421474958,2.016523557898567,1.7451116015976562,Low (<10%),Low (<5%),Medium - High (0.50-0.75),Low - Medium (0.33-0.66)
United States,Alaska,79.4519197142,0.0,2.221201923025281e-06,2.0695292487571946,1.803954266467085,Low (<10%),Low (<5%),Medium - High (0.50-0.75),Low - Medium (0.33-0.66)
United States,Alaska,6737.11715391,0.0,0.0001368812164482,2.0137079693444577,1.8706160599230544,Low (<10%),Low (<5%),Medium - High (0.50-0.75),Low - Medium (0.33-0.66)
United States,Alaska,1337.75373538,0.0,0.0001368812164482,2.0137079693444577,1.8706160599230544,Low (<10%),Low (<5%),Medium - High (0.50-0.75),Low - Medium (0.33-0.66)
United States,Alaska,5712.0072698,0.0,0.000726776211129,2.0019931442272867,1.5731773527688797,Low (<10%),Low (<5%),Medium - High (0.50-0.75),Low - Medium (0.33-0.66)
United States,Alaska,8234.62137754,0.0,0.000726776211129,2.0019931442272867,1.5731773527688797,Low (<10%),Low (<5%),Medium - High (0.50-0.75),Low - Medium (0.33-0.66)
United States,Alaska,4062.67717197,0.0,0.000887851662664,1.8470414933560515,1.475145131364604,Low (<10%),Low (<5%),Low - Medium (0.25-0.50),Low - Medium (0.33-0.66)
United States,Alaska,70.6412369093,0.0,0.000887851662664,1.8470414933560515,1.475145131364604,Low (<10%),Low (<5%),Low - Medium (0.25-0.50),Low - Medium (0.33-0.66)
United States,Alaska,3195.67881526,0.0,0.0122788061066363,1.6809611965388236,0.7557550946543181,Low (<10%),Low (<5%),Low - Medium (0.25-0.50),Low (<0.33)
United States,Alaska,26.6987153568,0.0,0.0122788061066363,1.6809611965388236,0.7557550946543181,Low (<10%),Low (<5%),Low - Medium (0.25-0.50),Low (<0.33)
United States,Alaska,3496.75465858,0.0,0.0011719093367151,1.425753235637052,0.5805761277277838,Low (<10%),Low (<5%),Low - Medium (0.25-0.50),Low (<0.33)
United States,Alaska,1574.31568722,0.0,0.0040579245786603,1.2903382874836855,0.6748762778253714,Low (<10%),Low (<5%),Low - Medium (0.25-0.50),Low (<0.33)
United States,Alaska,39.211705199,0.0,0.0040579245786603,1.2903382874836855,0.6748762778253714,Low (<10%),Low (<5%),Low - Medium (0.25-0.50),Low (<0.33)
United States,Alaska,5915.79196958,0.0,0.0024517866201272,1.3253036627185173,0.6124857558044072,Low (<10%),Low (<5%),Low - Medium (0.25-0.50),Low (<0.33)
United States,Alaska,175.379357533,0.0,0.0024517866201272,1.3253036627185173,0.6124857558044072,Low (<10%),Low (<5%),Low - Medium (0.25-0.50),Low (<0.33)
United States,Alaska,747.76390445,0.0,0.0002516012952344,1.5801605599146027,0.915512296869296,Low (<10%),Low (<5%),Low - Medium (0.25-0.50),Low (<0.33)
United States,Alaska,22.8693610656,0.0,0.0002516012952344,1.5801605599146027,0.915512296869296,Low (<10%),Low (<5%),Low - Medium (0.25-0.50),Low (<0.33)
United States,Alaska,2818.05973917,0.0,0.0012184008204401,1.516369020176325,0.745353798317784,Low (<10%),Low (<5%),Low - Medium (0.25-0.50),Low (<0.33)
United States,Alaska,631.781305457,0.0,0.0001763985979892,1.5786781545316948,0.9212226757862516,Low (<10%),Low (<5%),Low - Medium (0.25-0.50),Low (<0.33)
United States,Alaska,35.7418335931,0.0,0.0001763985979892,1.5786781545316948,0.9212226757862516,Low (<10%),Low (<5%),Low - Medium (0.25-0.50),Low (<0.33)
United States,Alaska,2714.47951582,0.0,0.0008389835161728,1.7079896554378042,1.003999597663297,Low (<10%),Low (<5%),Low - Medium (0.25-0.50),Low - Medium (0.33-0.66)
United States,Alaska,151.007597908,0.0,0.0008389835161728,1.7079896554378042,1.003999597663297,Low (<10%),Low (<5%),Low - Medium (0.25-0.50),Low - Medium (0.33-0.66)
United States,Alaska,9125.67112606,0.0,0.000383596934514,1.0249254019206455,1.4168620368236142,Low (<10%),Low (<5%),Low - Medium (0.25-0.50),Low - Medium (0.33-0.66)
United States,Alaska,122.134867575,0.0,0.000383596934514,1.0249254019206455,1.4168620368236142,Low (<10%),Low (<5%),Low - Medium (0.25-0.50),Low - Medium (0.33-0.66)
United States,Alaska,4808.76806376,0.0,0.000383596934514,1.0249254019206455,1.4168620368236142,Low (<10%),Low (<5%),Low - Medium (0.25-0.50),Low - Medium (0.33-0.66)
United States,Alaska,412.222259073,0.0,0.000383596934514,1.0249254019206455,1.4168620368236142,Low (<10%),Low (<5%),Low - Medium (0.25-0.50),Low - Medium (0.33-0.66)
United States,Alaska,6.24089642465,0.0,0.000383596934514,1.0249254019206455,1.4168620368236142,Low (<10%),Low (<5%),Low - Medium (0.25-0.50),Low - Medium (0.33-0.66)
United States,Alaska,5350.68982527,0.0,0.0049985279425,2.188535280624803,2.201807863747382,Low (<10%),Low (<5%),Medium - High (0.50-0.75),Medium - High (0.66-1.00)
United States,Alaska,30.45811868,0.0,0.0049985279425,2.188535280624803,2.201807863747382,Low (<10%),Low (<5%),Medium - High (0.50-0.75),Medium - High (0.66-1.00)
United States,Alaska,1812.85669768,0.0,0.0001397453317893,1.0418281492862915,1.4723920252140168,Low (<10%),Low (<5%),Low - Medium (0.25-0.50),Low - Medium (0.33-0.66)
United States,Alaska,1252.15930658,0.0,0.0001397453317893,1.0418281492862915,1.4723920252140168,Low (<10%),Low (<5%),Low - Medium (0.25-0.50),Low - Medium (0.33-0.66)
United States,Alaska,4164.62734467,0.0,0.0004111848658549,2.410139499235735,2.0746724519555606,Low (<10%),Low (<5%),Medium - High (0.50-0.75),Medium - High (0.66-1.00)
United States,Alaska,46.0631423098,0.0,0.0004111848658549,2.410139499235735,2.0746724519555606,Low (<10%),Low (<5%),Medium - High (0.50-0.75),Medium - High (0.66-1.00)
United States,Alaska,2412.59715737,0.0,9.42042700667298e-05,1.0391608311952767,1.4717361892836314,Low (<10%),Low (<5%),Low - Medium (0.25-0.50),Low - Medium (0.33-0.66)
United States,Alaska,6479.97629175,0.0,9.42042700667298e-05,1.0391608311952767,1.4717361892836314,Low (<10%),Low (<5%),Low - Medium (0.25-0.50),Low - Medium (0.33-0.66)
United States,Alaska,27526.3071813,0.0,0.0005602614175112,1.837632520931084,1.582677728728906,Low (<10%),Low (<5%),Low - Medium (0.25-0.50),Low - Medium (0.33-0.66)
United States,Alaska,7533.39758961,0.0,0.0005602614175112,1.837632520931084,1.582677728728906,Low (<10%),Low (<5%),Low - Medium (0.25-0.50),Low - Medium (0.33-0.66)
United States,Alaska,624.95280153,0.0,2.7366252406692737e-05,1.0338517619666123,1.4935672473049089,Low (<10%),Low (<5%),Low - Medium (0.25-0.50),Low - Medium (0.33-0.66)
United States,Alaska,1471.50841017,0.0,2.7366252406692737e-05,1.0338517619666123,1.4935672473049089,Low (<10%),Low (<5%),Low - Medium (0.25-0.50),Low - Medium (0.33-0.66)
United States,Alaska,7162.32594194,0.0,5.427267857342641e-05,0.989788240396942,1.4914452010468229,Low (<10%),Low (<5%),Low (<0.25),Low - Medium (0.33-0.66)
United States,Alaska,621.36726142,0.0,5.427267857342641e-05,0.989788240396942,1.4914452010468229,Low (<10%),Low (<5%),Low (<0.25),Low - Medium (0.33-0.66)
United States,Alaska,5248.61989092,0.0,0.0002176516684858,0.9825450338002604,1.4824448657243166,Low (<10%),Low (<5%),Low (<0.25),Low - Medium (0.33-0.66)
United States,Alaska,8464.95352625,0.0,0.0002176516684858,0.9825450338002604,1.4824448657243166,Low (<10%),Low (<5%),Low (<0.25),Low - Medium (0.33-0.66)
United States,Alaska,32396.8500642,0.0,0.0002516795742585,0.990870160853979,1.4378797231445797,Low (<10%),Low (<5%),Low (<0.25),Low - Medium (0.33-0.66)
United States,Alaska,5621.51163976,0.0,0.0002516795742585,0.990870160853979,1.4378797231445797,Low (<10%),Low (<5%),Low (<0.25),Low - Medium (0.33-0.66)
United States,Alaska,9015.08233584,0.0,0.0011528530353066,3.082666640718921,2.6836846429171977,Low (<10%),Low (<5%),High (0.75-1.00),Medium - High (0.66-1.00)
United States,Alaska,10.0132403972,,,,,No Data,No Data,No Data,No Data
United States,Alaska,7339.2376159,0.0,2.5937151596831584e-05,2.451777282553794,2.2646254819797624,Low (<10%),Low (<5%),Medium - High (0.50-0.75),Medium - High (0.66-1.00)
United States,Alaska,1724.42701227,0.0,3.975928883232998e-05,2.47293354949979,2.287784032983536,Low (<10%),Low (<5%),Medium - High (0.50-0.75),Medium - High (0.66-1.00)
United States,Alaska,6202.00915615,0.0,0.0375055325231578,2.559086267676365,2.147310179940384,Low (<10%),Low (<5%),Medium - High (0.50-0.75),Medium - High (0.66-1.00)
United States,Alaska,784.114428691,0.0,0.0001329495750455,2.4916301141202,2.3528159081609403,Low (<10%),Low (<5%),Medium - High (0.50-0.75),Medium - High (0.66-1.00)
United States,Alaska,7029.90549739,0.0,0.0140386690089847,2.5365389370672204,2.4727207209849125,Low (<10%),Low (<5%),Medium - High (0.50-0.75),Medium - High (0.66-1.00)
United States,Alaska,10782.9535432,0.0,0.0036455061923076,2.505591951231368,2.386916111353938,Low (<10%),Low (<5%),Medium - High (0.50-0.75),Medium - High (0.66-1.00)
United States,Alaska,1788.33683918,0.0,0.0010214206246232,0.9515338387164336,1.3647631064446886,Low (<10%),Low (<5%),Low (<0.25),Low - Medium (0.33-0.66)
United States,Alaska,2272.26806024,0.0,0.0010214206246232,0.9515338387164336,1.3647631064446886,Low (<10%),Low (<5%),Low (<0.25),Low - Medium (0.33-0.66)
United States,Alaska,2371.16405047,0.0,7.393338566344461e-06,0.951780129739972,1.366558314148425,Low (<10%),Low (<5%),Low (<0.25),Low - Medium (0.33-0.66)
United States,Alaska,419.075679061,0.0,7.393338566344461e-06,0.951780129739972,1.366558314148425,Low (<10%),Low (<5%),Low (<0.25),Low - Medium (0.33-0.66)
United States,Alaska,188.189944221,0.0,6.249441063931114e-05,0.9503307909640364,1.3660187087843243,Low (<10%),Low (<5%),Low (<0.25),Low - Medium (0.33-0.66)
United States,Alaska,583.356217864,0.0,6.249441063931114e-05,0.9503307909640364,1.3660187087843243,Low (<10%),Low (<5%),Low (<0.25),Low - Medium (0.33-0.66)
United States,Alaska,6641.63680677,0.0,1.6616760659370772e-05,0.9507625898859672,1.3623868840157796,Low (<10%),Low (<5%),Low (<0.25),Low - Medium (0.33-0.66)
United States,Alaska,268.355498565,0.0,1.6616760659370772e-05,0.9507625898859672,1.3623868840157796,Low (<10%),Low (<5%),Low (<0.25),Low - Medium (0.33-0.66)
United States,Alaska,515.045571237,0.0,2.203815702734468e-05,0.9495835781279074,1.3680324768998355,Low (<10%),Low (<5%),Low (<0.25),Low - Medium (0.33-0.66)
United States,Alaska,1335.13228971,0.0,2.203815702734468e-05,0.9495835781279074,1.3680324768998355,Low (<10%),Low (<5%),Low (<0.25),Low - Medium (0.33-0.66)
United States,Alaska,17152.2570125,0.0,0.0008884050775657,1.885291981118006,1.4127792528075358,Low (<10%),Low (<5%),Low - Medium (0.25-0.50),Low - Medium (0.33-0.66)
United States,Alaska,1176.86407948,0.0,0.0008884050775657,1.885291981118006,1.4127792528075358,Low (<10%),Low (<5%),Low - Medium (0.25-0.50),Low - Medium (0.33-0.66)
United States,Alaska,881.878420686,0.0,2.037873012257661e-05,0.945982796493049,1.3656695102694163,Low (<10%),Low (<5%),Low (<0.25),Low - Medium (0.33-0.66)
United States,Alaska,2927.0560025,0.0,2.037873012257661e-05,0.945982796493049,1.3656695102694163,Low (<10%),Low (<5%),Low (<0.25),Low - Medium (0.33-0.66)
United States,Alaska,3829.74690813,0.0,0.0025886317627671,2.929889547487237,1.9616281541591944,Low (<10%),Low (<5%),Medium - High (0.50-0.75),Low - Medium (0.33-0.66)
United States,Alaska,322.29428453,0.0,0.0025886317627671,2.929889547487237,1.9616281541591944,Low (<10%),Low (<5%),Medium - High (0.50-0.75),Low - Medium (0.33-0.66)
United States,Alaska,29.4333169301,,,,,No Data,No Data,No Data,No Data
United States,Alaska,6522.5782147,0.0,6.669994503889377e-05,0.95691647652443,1.3648686108321328,Low (<10%),Low (<5%),Low (<0.25),Low - Medium (0.33-0.66)
United States,Alaska,4192.18611795,0.0,6.669994503889377e-05,0.95691647652443,1.3648686108321328,Low (<10%),Low (<5%),Low (<0.25),Low - Medium (0.33-0.66)
United States,Alaska,7264.13260715,0.0,0.0020316811553435,2.222134515699652,1.7200330581907193,Low (<10%),Low (<5%),Medium - High (0.50-0.75),Low - Medium (0.33-0.66)
United States,Alaska,10678.1733201,0.0,0.0020316811553435,2.222134515699652,1.7200330581907193,Low (<10%),Low (<5%),Medium - High (0.50-0.75),Low - Medium (0.33-0.66)
United States,Alaska,321.314159594,0.0,1.2331278059802205e-05,1.336429621408591,1.394345035527507,Low (<10%),Low (<5%),Low - Medium (0.25-0.50),Low - Medium (0.33-0.66)
United States,Alaska,1500.59035728,0.0,1.2331278059802205e-05,1.336429621408591,1.394345035527507,Low (<10%),Low (<5%),Low - Medium (0.25-0.50),Low - Medium (0.33-0.66)
United States,Alaska,6553.31892728,0.0,0.2113373937982491,1.9049183045751967,1.059425759162996,Low (<10%),Low (<5%),Low - Medium (0.25-0.50),Low - Medium (0.33-0.66)
United States,Alaska,1817.09650947,0.0,0.2113373937982491,1.9049183045751967,1.059425759162996,Low (<10%),Low (<5%),Low - Medium (0.25-0.50),Low - Medium (0.33-0.66)
United States,Alaska,1195.36139348,0.0,0.000369739523384,1.3206044915891637,1.4139066107517768,Low (<10%),Low (<5%),Low - Medium (0.25-0.50),Low - Medium (0.33-0.66)
United States,Alaska,6261.16433259,0.0,0.0144749107706659,1.3127289132346731,1.45707619204649,Low (<10%),Low (<5%),Low - Medium (0.25-0.50),Low - Medium (0.33-0.66)
United States,Alaska,4317.25346819,0.0,0.0144749107706659,1.3127289132346731,1.45707619204649,Low (<10%),Low (<5%),Low - Medium (0.25-0.50),Low - Medium (0.33-0.66)
United States,Alaska,722.532974416,0.0,0.0218872801839081,1.2473978809309103,1.4872288843460095,Low (<10%),Low (<5%),Low - Medium (0.25-0.50),Low - Medium (0.33-0.66)
United States,Alaska,6621.01712148,0.0,0.0218872801839081,1.2473978809309103,1.4872288843460095,Low (<10%),Low (<5%),Low - Medium (0.25-0.50),Low - Medium (0.33-0.66)
United States,Alaska,4998.88078577,2.848659097963308,1.1185254656475077,1.5961747046056889,1.083366098649656,Medium - High (20-40%),Low - Medium (5-25%),Low - Medium (0.25-0.50),Low - Medium (0.33-0.66)
United States,Alaska,518.165434116,2.848659097963308,1.1185254656475077,1.5961747046056889,1.083366098649656,Medium - High (20-40%),Low - Medium (5-25%),Low - Medium (0.25-0.50),Low - Medium (0.33-0.66)
United States,Alaska,28.6763531674,0.0,0.0668647204145844,1.228338979174412,1.5119311429854918,Low (<10%),Low (<5%),Low - Medium (0.25-0.50),Low - Medium (0.33-0.66)
United States,Alaska,915.756940254,0.0,0.0668647204145844,1.228338979174412,1.5119311429854918,Low (<10%),Low (<5%),Low - Medium (0.25-0.50),Low - Medium (0.33-0.66)
United States,Alaska,5203.2761408,0.0,0.0087741840254016,1.733207384793365,1.0846278965230038,Low (<10%),Low (<5%),Low - Medium (0.25-0.50),Low - Medium (0.33-0.66)
United States,Alaska,409.388559318,0.0,0.0087741840254016,1.733207384793365,1.0846278965230038,Low (<10%),Low (<5%),Low - Medium (0.25-0.50),Low - Medium (0.33-0.66)
United States,Alaska,2859.64992647,0.0,0.0019253614176385,1.2389480129659454,1.5931271577007582,Low (<10%),Low (<5%),Low - Medium (0.25-0.50),Low - Medium (0.33-0.66)
United States,Alaska,3871.04409398,0.0,0.0019253614176385,1.2389480129659454,1.5931271577007582,Low (<10%),Low (<5%),Low - Medium (0.25-0.50),Low - Medium (0.33-0.66)
United States,Alaska,3229.94230074,0.0,0.0763280549710506,1.205521313106684,2.3229205683248786,Low (<10%),Low (<5%),Low - Medium (0.25-0.50),Medium - High (0.66-1.00)
United States,Alaska,765.076560004,0.0,0.0763280549710506,1.205521313106684,2.3229205683248786,Low (<10%),Low (<5%),Low - Medium (0.25-0.50),Medium - High (0.66-1.00)
United States,Alaska,96.3840554387,0.0,0.0034073675808159,1.3646075066114125,1.5154307781334122,Low (<10%),Low (<5%),Low - Medium (0.25-0.50),Low - Medium (0.33-0.66)
United States,Alaska,164.687602655,0.0,0.0034073675808159,1.3646075066114125,1.5154307781334122,Low (<10%),Low (<5%),Low - Medium (0.25-0.50),Low - Medium (0.33-0.66)
United States,Alaska,3711.07054055,0.0,0.0011259184052562,2.212964064089365,1.0982138227413571,Low (<10%),Low (<5%),Medium - High (0.50-0.75),Low - Medium (0.33-0.66)
United States,Alaska,35.8678339475,0.0,0.0011259184052562,2.212964064089365,1.0982138227413571,Low (<10%),Low (<5%),Medium - High (0.50-0.75),Low - Medium (0.33-0.66)
United States,Alaska,10030.4033207,0.0,0.0148290399679546,1.3533948684815085,1.5471119390404278,Low (<10%),Low (<5%),Low - Medium (0.25-0.50),Low - Medium (0.33-0.66)
United States,Alaska,6001.61777212,0.0,0.0148290399679546,1.3533948684815085,1.5471119390404278,Low (<10%),Low (<5%),Low - Medium (0.25-0.50),Low - Medium (0.33-0.66)
United States,Alaska,4581.88119647,0.0,0.0016632647104154,1.4882072378260616,1.6017412760769305,Low (<10%),Low (<5%),Low - Medium (0.25-0.50),Low - Medium (0.33-0.66)
United States,Alaska,1307.26688365,0.0,0.0016632647104154,1.4882072378260616,1.6017412760769305,Low (<10%),Low (<5%),Low - Medium (0.25-0.50),Low - Medium (0.33-0.66)
United States,Alaska,5833.15320438,0.0,0.0029027173036795,1.4436088581130653,1.99155654596922,Low (<10%),Low (<5%),Low - Medium (0.25-0.50),Low - Medium (0.33-0.66)
United States,Alaska,1109.5917022,0.0,0.0029027173036795,1.4436088581130653,1.99155654596922,Low (<10%),Low (<5%),Low - Medium (0.25-0.50),Low - Medium (0.33-0.66)
United States,Alaska,8382.43613637,0.0,0.0002194183811826,0.953177904289985,1.3868672487250868,Low (<10%),Low (<5%),Low (<0.25),Low - Medium (0.33-0.66)
United States,Alaska,9371.32039006,0.0,0.0002194183811826,0.953177904289985,1.3868672487250868,Low (<10%),Low (<5%),Low (<0.25),Low - Medium (0.33-0.66)
United States,Alaska,3826.94297818,0.0,0.0,2.880461133235612,1.2974984139565378,Low (<10%),Low (<5%),Medium - High (0.50-0.75),Low - Medium (0.33-0.66)
United States,Alaska,629.278914942,0.0,0.0,2.880461133235612,1.2974984139565378,Low (<10%),Low (<5%),Medium - High (0.50-0.75),Low - Medium (0.33-0.66)
United States,Alaska,0.6862351867,,,,,No Data,No Data,No Data,No Data
United States,Alaska,7761.72222761,0.0,3.573313497193643e-05,1.0360451281899412,1.4692862562854516,Low (<10%),Low (<5%),Low - Medium (0.25-0.50),Low - Medium (0.33-0.66)
United States,Alaska,6242.61538405,0.0,3.573313497193643e-05,1.0360451281899412,1.4692862562854516,Low (<10%),Low (<5%),Low - Medium (0.25-0.50),Low - Medium (0.33-0.66)
United States,Alaska,413.614411318,0.0,0.0001746030984107,3.1020763962600326,1.3308290059922048,Low (<10%),Low (<5%),High (0.75-1.00),Low - Medium (0.33-0.66)
United States,Alaska,1342.78741723,0.0,0.0003292054589322,3.054048179394137,1.347488891964829,Low (<10%),Low (<5%),High (0.75-1.00),Low - Medium (0.33-0.66)
United States,Alaska,2508.55453968,0.0,0.0003292054589322,3.054048179394137,1.347488891964829,Low (<10%),Low (<5%),High (0.75-1.00),Low - Medium (0.33-0.66)
United States,Alaska,1218.74169134,0.0,0.00049958880051,3.003286390861492,1.3627520556584654,Low (<10%),Low (<5%),High (0.75-1.00),Low - Medium (0.33-0.66)
United States,Alaska,29680.3140766,5.0,5.0,2.7880615482784687,1.390243333472407,Arid and Low Water Use,Arid and Low Water Use,Medium - High (0.50-0.75),Low - Medium (0.33-0.66)
United States,Alaska,3404.19732727,5.0,5.0,2.7880615482784687,1.390243333472407,Arid and Low Water Use,Arid and Low Water Use,Medium - High (0.50-0.75),Low - Medium (0.33-0.66)
United States,Alaska,353.402904597,0.0,0.0003185303510661,1.8972421328466167,1.3498702444082171,Low (<10%),Low (<5%),Low - Medium (0.25-0.50),Low - Medium (0.33-0.66)
United States,Alaska,2658.99188623,0.0,0.0003185303510661,1.8972421328466167,1.3498702444082171,Low (<10%),Low (<5%),Low - Medium (0.25-0.50),Low - Medium (0.33-0.66)
United States,Alaska,1.338645273,,,,,No Data,No Data,No Data,No Data
United States,Alaska,11767.4356623,5.0,5.0,4.903858632855951,1.4280048661381028,Arid and Low Water Use,Arid and Low Water Use,Extremely High (>1.00),Low - Medium (0.33-0.66)
United States,Alaska,813.113978105,5.0,5.0,4.903858632855951,1.4280048661381028,Arid and Low Water Use,Arid and Low Water Use,Extremely High (>1.00),Low - Medium (0.33-0.66)
United States,Alaska,3192.52877458,0.0,0.001074505410458,1.8173806944742763,1.3945667804264072,Low (<10%),Low (<5%),Low - Medium (0.25-0.50),Low - Medium (0.33-0.66)
United States,Alaska,1574.85591673,0.0,0.001074505410458,1.8173806944742763,1.3945667804264072,Low (<10%),Low (<5%),Low - Medium (0.25-0.50),Low - Medium (0.33-0.66)
United States,Alaska,10873.8017753,0.0,9.176263716621056e-05,2.5293846308440555,1.505761501569773,Low (<10%),Low (<5%),Medium - High (0.50-0.75),Low - Medium (0.33-0.66)
United States,Alaska,4769.24435958,0.0,0.0032887198732339,1.3746128440968748,1.5519603893121905,Low (<10%),Low (<5%),Low - Medium (0.25-0.50),Low - Medium (0.33-0.66)
United States,Alaska,1749.9168329,0.0,0.0045159182158925,2.1179735562389808,1.4137442965198703,Low (<10%),Low (<5%),Medium - High (0.50-0.75),Low - Medium (0.33-0.66)
United States,Alaska,1624.43328908,0.0,0.0040535180418497,1.8496157166218223,1.3512991387109283,Low (<10%),Low (<5%),Low - Medium (0.25-0.50),Low - Medium (0.33-0.66)
United States,Alaska,8831.21538348,0.0,0.0037790964043712,2.207725079089984,1.1727679542603389,Low (<10%),Low (<5%),Medium - High (0.50-0.75),Low - Medium (0.33-0.66)
United States,Alaska,3449.28592651,0.0,0.0037790964043712,2.207725079089984,1.1727679542603389,Low (<10%),Low (<5%),Medium - High (0.50-0.75),Low - Medium (0.33-0.66)
United States,Alaska,3622.86238426,0.0,7.321122108810635e-05,1.1326669309342732,1.5729218383010375,Low (<10%),Low (<5%),Low - Medium (0.25-0.50),Low - Medium (0.33-0.66)
United States,Alaska,3840.60499202,0.0,7.321122108810635e-05,1.1326669309342732,1.5729218383010375,Low (<10%),Low (<5%),Low - Medium (0.25-0.50),Low - Medium (0.33-0.66)
United States,Alaska,5815.69027678,0.0,0.0323031937341023,2.324127471853842,0.8355931041813489,Low (<10%),Low (<5%),Medium - High (0.50-0.75),Low (<0.33)
United States,Alaska,450.966310414,0.0,0.0323031937341023,2.324127471853842,0.8355931041813489,Low (<10%),Low (<5%),Medium - High (0.50-0.75),Low (<0.33)
United States,Alaska,15569.4002153,0.0,0.0002055538198564,1.1402924072146965,1.6167665429808524,Low (<10%),Low (<5%),Low - Medium (0.25-0.50),Low - Medium (0.33-0.66)
United States,Alaska,424.43315864,0.0,0.0002055538198564,1.1402924072146965,1.6167665429808524,Low (<10%),Low (<5%),Low - Medium (0.25-0.50),Low - Medium (0.33-0.66)
United States,Alaska,15439.1212078,0.0,0.00192293822176,1.4248339294508372,1.3839510029092057,Low (<10%),Low (<5%),Low - Medium (0.25-0.50),Low - Medium (0.33-0.66)
United States,Alaska,265.943078587,0.0,0.0004861704258967,1.2282977955775487,1.7199225350122265,Low (<10%),Low (<5%),Low - Medium (0.25-0.50),Low - Medium (0.33-0.66)
United States,Alaska,3002.78505413,0.0,0.0011794301264078,1.7595309492606923,1.1991269003284053,Low (<10%),Low (<5%),Low - Medium (0.25-0.50),Low - Medium (0.33-0.66)
United States,Alaska,4809.0709239,0.0,0.0151968974912281,1.5859318551372592,2.0653256107610387,Low (<10%),Low (<5%),Low - Medium (0.25-0.50),Medium - High (0.66-1.00)
United States,Alaska,220.524007733,0.0,0.0151968974912281,1.5859318551372592,2.0653256107610387,Low (<10%),Low (<5%),Low - Medium (0.25-0.50),Medium - High (0.66-1.00)
United States,Alaska,4.85493812299,0.0,0.0166838571303483,1.3968173335663,2.029551340828156,Low (<10%),Low (<5%),Low - Medium (0.25-0.50),Medium - High (0.66-1.00)
United States,Alaska,3.38908155254,0.0,0.0025360973965329,1.1849577458704368,1.267538832076537,Low (<10%),Low (<5%),Low - Medium (0.25-0.50),Low - Medium (0.33-0.66)
United States,Alaska,15.2426035623,0.0,0.0025360973965329,1.1849577458704368,1.267538832076537,Low (<10%),Low (<5%),Low - Medium (0.25-0.50),Low - Medium (0.33-0.66)
United States,Alaska,1.15420758149,0.0,0.0024872351192954,1.2367745392360356,1.5596477057988438,Low (<10%),Low (<5%),Low - Medium (0.25-0.50),Low - Medium (0.33-0.66)
United States,Alaska,13.3567441044,0.0,0.0047670699275869,1.0751305818046992,1.3657318383445138,Low (<10%),Low (<5%),Low - Medium (0.25-0.50),Low - Medium (0.33-0.66)
United States,Alaska,31.9768414326,0.0,0.0,1.547191869005646,2.322138035511305,Low (<10%),Low (<5%),Low - Medium (0.25-0.50),Medium - High (0.66-1.00)
United States,Alaska,28843.7878555,0.0,0.0028709552299158,1.874738944070813,2.7091897826193367,Low (<10%),Low (<5%),Low - Medium (0.25-0.50),Medium - High (0.66-1.00)
United States,Alaska,5.28008143322,0.0,0.0028709552299158,1.874738944070813,2.7091897826193367,Low (<10%),Low (<5%),Low - Medium (0.25-0.50),Medium - High (0.66-1.00)
United States,Alaska,118.88073181,0.0,0.0028709552299158,1.874738944070813,2.7091897826193367,Low (<10%),Low (<5%),Low - Medium (0.25-0.50),Medium - High (0.66-1.00)
United States,Alaska,278.282861184,0.0,0.0028709552299158,1.874738944070813,2.7091897826193367,Low (<10%),Low (<5%),Low - Medium (0.25-0.50),Medium - High (0.66-1.00)
United States,Alaska,5798.15184121,0.0,0.0004876346788468,2.242710229360201,2.884568951808581,Low (<10%),Low (<5%),Medium - High (0.50-0.75),Medium - High (0.66-1.00)
United States,Alaska,5193.68577373,0.0,0.0502996367668175,2.798860965626789,2.3816090127136933,Low (<10%),Low (<5%),Medium - High (0.50-0.75),Medium - High (0.66-1.00)
United States,Alaska,170.327559933,0.0,0.0502996367668175,2.798860965626789,2.3816090127136933,Low (<10%),Low (<5%),Medium - High (0.50-0.75),Medium - High (0.66-1.00)
United States,Alaska,10618.4680585,0.0,0.0002232424995383,2.59311535235384,2.0408637085983363,Low (<10%),Low (<5%),Medium - High (0.50-0.75),Medium - High (0.66-1.00)
United States,Alaska,19127.1693395,0.0,0.0011727584775234,2.485334162511706,3.6534800297307655,Low (<10%),Low (<5%),Medium - High (0.50-0.75),High (1.00-1.33)
United States,Alaska,16.9093595936,0.0,0.0011727584775234,2.485334162511706,3.6534800297307655,Low (<10%),Low (<5%),Medium - High (0.50-0.75),High (1.00-1.33)
United States,Alaska,7.66363498268,0.0,0.0011727584775234,2.485334162511706,3.6534800297307655,Low (<10%),Low (<5%),Medium - High (0.50-0.75),High (1.00-1.33)
United States,Alaska,255.464153684,0.0,0.0011727584775234,2.485334162511706,3.6534800297307655,Low (<10%),Low (<5%),Medium - High (0.50-0.75),High (1.00-1.33)
United States,Alaska,7174.04926927,0.0,0.0102215968004416,1.962966369838817,3.817333707546212,Low (<10%),Low (<5%),Low - Medium (0.25-0.50),High (1.00-1.33)
United States,Alaska,3.71332615758,0.0,0.0102215968004416,1.962966369838817,3.817333707546212,Low (<10%),Low (<5%),Low - Medium (0.25-0.50),High (1.00-1.33)
United States,Alaska,1949.39806072,0.0,0.0179170399889669,2.403343116222732,2.867613105269911,Low (<10%),Low (<5%),Medium - High (0.50-0.75),Medium - High (0.66-1.00)
United States,Alaska,86.9590420743,0.0,0.0179170399889669,2.403343116222732,2.867613105269911,Low (<10%),Low (<5%),Medium - High (0.50-0.75),Medium - High (0.66-1.00)
United States,Alaska,14948.8158242,0.0,0.0109751056464179,2.426639934131557,3.5017142049762224,Low (<10%),Low (<5%),Medium - High (0.50-0.75),High (1.00-1.33)
United States,Alaska,7.92620203683,0.0,0.0109751056464179,2.426639934131557,3.5017142049762224,Low (<10%),Low (<5%),Medium - High (0.50-0.75),High (1.00-1.33)
United States,Alaska,609.890385216,0.0,0.0003202221708271,2.084820189012995,3.0261296191796068,Low (<10%),Low (<5%),Medium - High (0.50-0.75),High (1.00-1.33)
United States,Alaska,49.3205395228,0.0,0.0003202221708271,2.084820189012995,3.0261296191796068,Low (<10%),Low (<5%),Medium - High (0.50-0.75),High (1.00-1.33)
United States,Alaska,1249.478805,0.0,0.0003202221708271,2.084820189012995,3.0261296191796068,Low (<10%),Low (<5%),Medium - High (0.50-0.75),High (1.00-1.33)
United States,Alaska,3.11886931713,0.0,0.0003202221708271,2.084820189012995,3.0261296191796068,Low (<10%),Low (<5%),Medium - High (0.50-0.75),High (1.00-1.33)
United States,Alaska,4184.57600388,0.0,0.0006705278592595,2.391713117637003,4.317733384398392,Low (<10%),Low (<5%),Medium - High (0.50-0.75),Extremely High (>1.33)
United States,Alaska,1563.68776757,0.0,0.0004254319247174,2.365236547204064,2.829052725923997,Low (<10%),Low (<5%),Medium - High (0.50-0.75),Medium - High (0.66-1.00)
United States,Alaska,2683.2276157,0.0,0.0012277980774835,2.144623090253524,3.007959039975817,Low (<10%),Low (<5%),Medium - High (0.50-0.75),High (1.00-1.33)
United States,Alaska,3850.27887476,0.0,0.0017736786027608,2.595825009489438,2.856512281055033,Low (<10%),Low (<5%),Medium - High (0.50-0.75),Medium - High (0.66-1.00)
United States,Alaska,3268.94334848,0.0,0.0034756135341565,2.632023613990342,3.205795037245313,Low (<10%),Low (<5%),Medium - High (0.50-0.75),High (1.00-1.33)
United States,Alaska,5985.35452775,0.0,0.0023735905844468,2.9617755150671257,2.8928077172475275,Low (<10%),Low (<5%),Medium - High (0.50-0.75),Medium - High (0.66-1.00)
United States,Alaska,1960.38946603,0.0,0.009985457119324,3.851231577115045,2.9557918527036384,Low (<10%),Low (<5%),High (0.75-1.00),Medium - High (0.66-1.00)
United States,Alaska,5376.99961177,0.0,0.0018810337289117,3.446288588382184,2.6805966082956934,Low (<10%),Low (<5%),High (0.75-1.00),Medium - High (0.66-1.00)
United States,Alaska,1778.78342451,0.0,0.0003202221708271,2.084820189012995,3.0261296191796068,Low (<10%),Low (<5%),Medium - High (0.50-0.75),High (1.00-1.33)
United States,Alaska,51.9441713438,0.0,0.0003202221708271,2.084820189012995,3.0261296191796068,Low (<10%),Low (<5%),Medium - High (0.50-0.75),High (1.00-1.33)
United States,Alaska,5882.48786674,0.0,0.0026908122916118,1.99576878705458,3.085326845021781,Low (<10%),Low (<5%),Low - Medium (0.25-0.50),High (1.00-1.33)
United States,Alaska,10.3884602953,0.0,0.0026908122916118,1.99576878705458,3.085326845021781,Low (<10%),Low (<5%),Low - Medium (0.25-0.50),High (1.00-1.33)
United States,Alaska,1898.4961375,0.0,1.6940433070439969e-06,1.99233089469132,2.987581483898561,Low (<10%),Low (<5%),Low - Medium (0.25-0.50),Medium - High (0.66-1.00)
United States,Alaska,269.479665729,0.0,0.0,1.981290265975025,2.9677042366691007,Low (<10%),Low (<5%),Low - Medium (0.25-0.50),Medium - High (0.66-1.00)
United States,Alaska,2468.77173305,0.0,0.0,2.063490509003308,3.1096458585166085,Low (<10%),Low (<5%),Medium - High (0.50-0.75),High (1.00-1.33)
United States,Alaska,7163.73637311,0.0,7.885729429895101e-05,1.949917758297984,3.0143684462807885,Low (<10%),Low (<5%),Low - Medium (0.25-0.50),High (1.00-1.33)
United States,Alaska,2053.0830423,0.0,0.000335961987858,1.9777389783740025,3.0909383637824464,Low (<10%),Low (<5%),Low - Medium (0.25-0.50),High (1.00-1.33)
United States,Alaska,5215.61823497,0.0,0.0003259677608247,2.0205020955178368,3.1124680556811137,Low (<10%),Low (<5%),Medium - High (0.50-0.75),High (1.00-1.33)
United States,Alaska,2504.10306667,0.0,0.0,2.124994624417296,2.97382396622734,Low (<10%),Low (<5%),Medium - High (0.50-0.75),Medium - High (0.66-1.00)
United States,Alaska,5107.54243972,0.0,1.7039848549211677e-07,2.257563263540104,3.079864548192563,Low (<10%),Low (<5%),Medium - High (0.50-0.75),High (1.00-1.33)
United States,Alaska,23434.6679181,0.0,0.0038748261597487,2.012432587062184,2.917719083107315,Low (<10%),Low (<5%),Medium - High (0.50-0.75),Medium - High (0.66-1.00)
United States,Alaska,73.7529713314,0.0,0.0038748261597487,2.012432587062184,2.917719083107315,Low (<10%),Low (<5%),Medium - High (0.50-0.75),Medium - High (0.66-1.00)
United States,Alaska,5833.44390041,0.0,0.0002424114501179,1.841027866228432,1.9553028591089,Low (<10%),Low (<5%),Low - Medium (0.25-0.50),Low - Medium (0.33-0.66)
United States,Alaska,450.132808416,0.0,0.0004791054377457,1.8877686696614613,2.0179397265682333,Low (<10%),Low (<5%),Low - Medium (0.25-0.50),Medium - High (0.66-1.00)
United States,Alaska,0.62185400939,0.0,0.0004791054377457,1.8877686696614613,2.0179397265682333,Low (<10%),Low (<5%),Low - Medium (0.25-0.50),Medium - High (0.66-1.00)
United States,Alaska,7510.3194871,0.0,0.0002054154332643,1.760414050481181,1.811624340531024,Low (<10%),Low (<5%),Low - Medium (0.25-0.50),Low - Medium (0.33-0.66)
United States,Alaska,3838.85948903,5.0,5.0,2.9136788280360486,0.618812341797462,Arid and Low Water Use,Arid and Low Water Use,Medium - High (0.50-0.75),Low (<0.33)
United States,Alaska,48.2181284341,5.0,5.0,2.9136788280360486,0.618812341797462,Arid and Low Water Use,Arid and Low Water Use,Medium - High (0.50-0.75),Low (<0.33)
United States,Alaska,7037.54682095,5.0,5.0,2.9578392911524167,0.4723671622434773,Arid and Low Water Use,Arid and Low Water Use,Medium - High (0.50-0.75),Low (<0.33)
United States,Alaska,0.94671340709,5.0,5.0,2.9578392911524167,0.4723671622434773,Arid and Low Water Use,Arid and Low Water Use,Medium - High (0.50-0.75),Low (<0.33)
United States,Alaska,4353.27697477,1.3081409908110997,0.4982321485017909,2.1342861627419603,0.6717558466668178,Low - Medium (10-20%),Low (<5%),Medium - High (0.50-0.75),Low (<0.33)
United States,Alaska,120.460963312,1.3081409908110997,0.4982321485017909,2.1342861627419603,0.6717558466668178,Low - Medium (10-20%),Low (<5%),Medium - High (0.50-0.75),Low (<0.33)
United States,Alaska,13003.3295214,0.0,0.051516168866772,2.54742495352896,1.162484632887388,Low (<10%),Low (<5%),Medium - High (0.50-0.75),Low - Medium (0.33-0.66)
United States,Alaska,6208.41276554,0.0,0.0001591384305815,3.258643335436219,1.186893377328223,Low (<10%),Low (<5%),High (0.75-1.00),Low - Medium (0.33-0.66)
United States,Alaska,31.3987177279,0.0,0.0001591384305815,3.258643335436219,1.186893377328223,Low (<10%),Low (<5%),High (0.75-1.00),Low - Medium (0.33-0.66)
United States,Alaska,18017.0578838,5.0,5.0,3.823590577557084,1.427407003319113,Arid and Low Water Use,Arid and Low Water Use,High (0.75-1.00),Low - Medium (0.33-0.66)
United States,Alaska,0.07392454196,5.0,5.0,3.823590577557084,1.427407003319113,Arid and Low Water Use,Arid and Low Water Use,High (0.75-1.00),Low - Medium (0.33-0.66)
United States,Alaska,6454.10892419,0.0,0.0193390152761218,2.132598464288596,2.0764051857379755,Low (<10%),Low (<5%),Medium - High (0.50-0.75),Medium - High (0.66-1.00)
United States,Alaska,36.5943173544,0.0,0.0193390152761218,2.132598464288596,2.0764051857379755,Low (<10%),Low (<5%),Medium - High (0.50-0.75),Medium - High (0.66-1.00)
United States,Alaska,10424.916277,0.0,0.0750655479227739,2.1363037066479222,2.066570913496657,Low (<10%),Low (<5%),Medium - High (0.50-0.75),Medium - High (0.66-1.00)
United States,Alaska,0.26772820366,0.0,0.0750655479227739,2.1363037066479222,2.066570913496657,Low (<10%),Low (<5%),Medium - High (0.50-0.75),Medium - High (0.66-1.00)
United States,Alaska,6570.02423221,0.0,0.0227659697360833,2.1255555791181715,2.549948289544516,Low (<10%),Low (<5%),Medium - High (0.50-0.75),Medium - High (0.66-1.00)
United States,Alaska,93.7109953976,0.0,0.0,2.149596548457161,2.5782361616840364,Low (<10%),Low (<5%),Medium - High (0.50-0.75),Medium - High (0.66-1.00)
United States,Alaska,6719.04807961,0.0,0.0,2.813925907736188,2.3849664114820928,Low (<10%),Low (<5%),Medium - High (0.50-0.75),Medium - High (0.66-1.00)
United States,Alaska,3319.50540435,0.0,0.0001955393641746,2.257938891054112,2.0656382399224293,Low (<10%),Low (<5%),Medium - High (0.50-0.75),Medium - High (0.66-1.00)
United States,Alaska,7201.34163524,0.0,0.0,2.646118950016098,2.376055348613298,Low (<10%),Low (<5%),Medium - High (0.50-0.75),Medium - High (0.66-1.00)
United States,Alaska,8997.29423412,0.0,0.0,2.1695931155384427,1.9589147774833315,Low (<10%),Low (<5%),Medium - High (0.50-0.75),Low - Medium (0.33-0.66)
United States,Alaska,5307.02298569,0.0,0.0,1.9620910445435376,1.9495677923831696,Low (<10%),Low (<5%),Low - Medium (0.25-0.50),Low - Medium (0.33-0.66)
United States,Alaska,10956.9856769,0.0,3.310285315274023e-06,1.7445370870692964,1.9460962658754928,Low (<10%),Low (<5%),Low - Medium (0.25-0.50),Low - Medium (0.33-0.66)
United States,Alaska,1152.93449812,5.0,5.0,4.4887885420254685,1.4050572467951523,Extremely High (>80%),Extremely High (>75%),Extremely High (>1.00),Low - Medium (0.33-0.66)
United States,Alaska,4.33374319936,5.0,5.0,4.4887885420254685,1.4050572467951523,Extremely High (>80%),Extremely High (>75%),Extremely High (>1.00),Low - Medium (0.33-0.66)
United States,Alaska,9159.32727949,5.0,5.0,3.860703021240055,1.1670516421130597,Arid and Low Water Use,Arid and Low Water Use,High (0.75-1.00),Low - Medium (0.33-0.66)
United States,Alaska,585.678098867,2.8943450726886293,1.16414336417035,3.773847307103003,1.9258171116558933,Medium - High (20-40%),Low - Medium (5-25%),High (0.75-1.00),Low - Medium (0.33-0.66)
United States,Alaska,3.94096261284,2.8943450726886293,1.16414336417035,3.773847307103003,1.9258171116558933,Medium - High (20-40%),Low - Medium (5-25%),High (0.75-1.00),Low - Medium (0.33-0.66)
United States,Alaska,12462.0224063,2.8943450726886293,1.16414336417035,3.773847307103003,1.9258171116558933,Medium - High (20-40%),Low - Medium (5-25%),High (0.75-1.00),Low - Medium (0.33-0.66)
United States,Alaska,1248.37452916,2.8943450726886293,1.16414336417035,3.773847307103003,1.9258171116558933,Medium - High (20-40%),Low - Medium (5-25%),High (0.75-1.00),Low - Medium (0.33-0.66)
United States,Alaska,4.68359030837,2.8943450726886293,1.16414336417035,3.773847307103003,1.9258171116558933,Medium - High (20-40%),Low - Medium (5-25%),High (0.75-1.00),Low - Medium (0.33-0.66)
United States,Alaska,6017.88799863,5.0,5.0,1.4800618851328795,1.5482236596281094,Arid and Low Water Use,Arid and Low Water Use,Low - Medium (0.25-0.50),Low - Medium (0.33-0.66)
United States,Alaska,899.635505955,5.0,5.0,2.478820882702234,0.3627864125314461,Extremely High (>80%),Extremely High (>75%),Medium - High (0.50-0.75),Low (<0.33)
United States,Alaska,5179.66076085,0.0,0.0002507962235416,1.4334903236691845,1.2490076818576927,Low (<10%),Low (<5%),Low - Medium (0.25-0.50),Low - Medium (0.33-0.66)
United States,Alaska,11466.0354541,5.0,5.0,1.4277930967849113,1.1769606840775186,Arid and Low Water Use,Arid and Low Water Use,Low - Medium (0.25-0.50),Low - Medium (0.33-0.66)
United States,Alaska,23.5075092396,5.0,5.0,1.4277930967849113,1.1769606840775186,Arid and Low Water Use,Arid and Low Water Use,Low - Medium (0.25-0.50),Low - Medium (0.33-0.66)
United States,Alaska,4088.45568194,0.0,0.0,1.949032321316032,1.2731188234813005,Low (<10%),Low (<5%),Low - Medium (0.25-0.50),Low - Medium (0.33-0.66)
United States,Alaska,27.0725062263,0.0,0.0,1.949032321316032,1.2731188234813005,Low (<10%),Low (<5%),Low - Medium (0.25-0.50),Low - Medium (0.33-0.66)
United States,Alaska,3863.49008763,0.0,0.0,2.001627219523487,1.3380738565582753,Low (<10%),Low (<5%),Medium - High (0.50-0.75),Low - Medium (0.33-0.66)
United States,Alaska,0.99574478217,0.0,0.0,2.001627219523487,1.3380738565582753,Low (<10%),Low (<5%),Medium - High (0.50-0.75),Low - Medium (0.33-0.66)
United States,Alaska,850.524052856,0.0,0.0,2.3176027786533973,1.3593344684652822,Low (<10%),Low (<5%),Medium - High (0.50-0.75),Low - Medium (0.33-0.66)
United States,Alaska,12.509571006,0.0,0.0,2.3176027786533973,1.3593344684652822,Low (<10%),Low (<5%),Medium - High (0.50-0.75),Low - Medium (0.33-0.66)
United States,Alaska,2525.17654039,0.0,0.0,2.263917423409888,1.331576782415549,Low (<10%),Low (<5%),Medium - High (0.50-0.75),Low - Medium (0.33-0.66)
India,Andaman and Nicobar,0.0368953533,,,,,No Data,No Data,No Data,No Data
India,Andaman and Nicobar,0.02196304107,,,,,No Data,No Data,No Data,No Data
India,Andaman and Nicobar,36.8424988014,,,,,No Data,No Data,No Data,No Data
India,Goa,0.88153224635,,,,,No Data,No Data,No Data,No Data
India,Goa,0.38468759058,,,,,No Data,No Data,No Data,No Data
India,Gujarat,0.66918905605,,,,,No Data,No Data,No Data,No Data
India,Gujarat,6.46718650641,,,,,No Data,No Data,No Data,No Data
India,Gujarat,0.02599043015,,,,,No Data,No Data,No Data,No Data
India,Gujarat,12.1280134039,,,,,No Data,No Data,No Data,No Data
India,Karnataka,3.94384007914,,,,,No Data,No Data,No Data,No Data
India,Karnataka,0.01607096616,,,,,No Data,No Data,No Data,No Data
India,Kerala,1.26403265355,,,,,No Data,No Data,No Data,No Data
India,Lakshadweep,1.71182477242,,,,,No Data,No Data,No Data,No Data
India,Lakshadweep,1.9100440812,,,,,No Data,No Data,No Data,No Data
India,Lakshadweep,2.51038933653,,,,,No Data,No Data,No Data,No Data
India,Lakshadweep,1.06946113412,,,,,No Data,No Data,No Data,No Data
India,Lakshadweep,4.74505377006,,,,,No Data,No Data,No Data,No Data
India,Lakshadweep,22.0029538267,,,,,No Data,No Data,No Data,No Data
India,Andhra Pradesh,0.00885436247,,,,,No Data,No Data,No Data,No Data
India,Andhra Pradesh,2.57766646915,,,,,No Data,No Data,No Data,No Data
India,Andhra Pradesh,2.94405836442,,,,,No Data,No Data,No Data,No Data
India,Maharashtra,15.9253392448,,,,,No Data,No Data,No Data,No Data
India,Maharashtra,10.8532422662,,,,,No Data,No Data,No Data,No Data
India,Odisha,2.42056625076,,,,,No Data,No Data,No Data,No Data
India,Odisha,3.03661181383,,,,,No Data,No Data,No Data,No Data
India,Tamil Nadu,1.59013109449,,,,,No Data,No Data,No Data,No Data
India,West Bengal,4.54846429953,,,,,No Data,No Data,No Data,No Data
Ireland,Kilkenny,0.50445545122,,,,,No Data,No Data,No Data,No Data
Ireland,Limerick,0.01502891446,,,,,No Data,No Data,No Data,No Data
Ireland,Louth,0.01179978938,,,,,No Data,No Data,No Data,No Data
Ireland,Mayo,0.01158027594,,,,,No Data,No Data,No Data,No Data
Ireland,Mayo,0.04602118331,,,,,No Data,No Data,No Data,No Data
Ireland,Sligo,0.0140073108,,,,,No Data,No Data,No Data,No Data
Ireland,Waterford,0.79606614795,,,,,No Data,No Data,No Data,No Data
Ireland,Waterford,0.91457602162,,,,,No Data,No Data,No Data,No Data
Ireland,Wexford,0.00534035269,,,,,No Data,No Data,No Data,No Data
Ireland,Clare,0.05434032666,,,,,No Data,No Data,No Data,No Data
Ireland,Cork,0.0092671767,,,,,No Data,No Data,No Data,No Data
Ireland,Donegal,0.00986994621,,,,,No Data,No Data,No Data,No Data
Ireland,Donegal,0.03126718724,,,,,No Data,No Data,No Data,No Data
Ireland,Galway,0.04777000044,,,,,No Data,No Data,No Data,No Data
Ireland,Kerry,0.03623039365,,,,,No Data,No Data,No Data,No Data
Ireland,Kerry,0.02936472351,,,,,No Data,No Data,No Data,No Data
Netherlands,Zeeland,3.59280441626,,,,,No Data,No Data,No Data,No Data
Netherlands,Zeeland,2.93024970159,,,,,No Data,No Data,No Data,No Data
Netherlands,Zeeuwse meren,178.739578834,,,,,No Data,No Data,No Data,No Data
Netherlands,Zeeuwse meren,362.084349784,,,,,No Data,No Data,No Data,No Data
Netherlands,Zuid-Holland,7.26433918079,,,,,No Data,No Data,No Data,No Data
Netherlands,Zuid-Holland,1.10984783584,,,,,No Data,No Data,No Data,No Data
Netherlands,Flevoland,2.107630795,,,,,No Data,No Data,No Data,No Data
Netherlands,Flevoland,0.2911292274,,,,,No Data,No Data,No Data,No Data
Netherlands,Friesland,5.59950384805,,,,,No Data,No Data,No Data,No Data
Netherlands,Friesland,0.96632343902,,,,,No Data,No Data,No Data,No Data
Netherlands,IJsselmeer,587.120417982,,,,,No Data,No Data,No Data,No Data
Netherlands,IJsselmeer,102.727953543,,,,,No Data,No Data,No Data,No Data
Netherlands,IJsselmeer,1057.73668603,,,,,No Data,No Data,No Data,No Data
Netherlands,Noord-Brabant,0.0574556193,,,,,No Data,No Data,No Data,No Data
Netherlands,Noord-Holland,0.00992174257,,,,,No Data,No Data,No Data,No Data
Netherlands,Noord-Holland,3.37541210897,,,,,No Data,No Data,No Data,No Data
Netherlands,Noord-Holland,2.71289850027,,,,,No Data,No Data,No Data,No Data
Singapore,Central,1.221487299,,,,,No Data,No Data,No Data,No Data
Singapore,West,0.12731333567,,,,,No Data,No Data,No Data,No Data
Singapore,West,17.7118671166,,,,,No Data,No Data,No Data,No Data
United States,Alabama,1.47397398197,,,,,No Data,No Data,No Data,No Data
United States,Florida,9.12670454818,,,,,No Data,No Data,No Data,No Data
United States,Florida,0.02330606903,,,,,No Data,No Data,No Data,No Data
United States,Florida,0.26932144115,,,,,No Data,No Data,No Data,No Data
United States,Florida,0.449273629,,,,,No Data,No Data,No Data,No Data
United States,Florida,71.6769999202,,,,,No Data,No Data,No Data,No Data
United States,Georgia,0.21624814588,,,,,No Data,No Data,No Data,No Data
United States,Georgia,0.7402108406,,,,,No Data,No Data,No Data,No Data
United States,Hawaii,1412.35859235,,,,,No Data,No Data,No Data,No Data
United States,Hawaii,180.891065149,,,,,No Data,No Data,No Data,No Data
United States,Hawaii,1476.69698127,,,,,No Data,No Data,No Data,No Data
United States,Hawaii,634.593029485,,,,,No Data,No Data,No Data,No Data
United States,Hawaii,1815.94097495,,,,,No Data,No Data,No Data,No Data
United States,Hawaii,351.145998707,,,,,No Data,No Data,No Data,No Data
United States,Hawaii,10252.9867289,,,,,No Data,No Data,No Data,No Data
United States,Hawaii,684.155447956,,,,,No Data,No Data,No Data,No Data
United States,Louisiana,13.1671956319,,,,,No Data,No Data,No Data,No Data
United States,Louisiana,5.72106364727,,,,,No Data,No Data,No Data,No Data
United States,Alaska,0.00773708494,,,,,No Data,No Data,No Data,No Data
United States,Alaska,155.911763858,,,,,No Data,No Data,No Data,No Data
United States,Alaska,0.36825282914,,,,,No Data,No Data,No Data,No Data
United States,Alaska,0.79278586427,,,,,No Data,No Data,No Data,No Data
United States,Alaska,2.54087719539,,,,,No Data,No Data,No Data,No Data
United States,Alaska,3.75532871222,,,,,No Data,No Data,No Data,No Data
United States,Alaska,0.24459938776,,,,,No Data,No Data,No Data,No Data
United States,Alaska,22.8175182996,,,,,No Data,No Data,No Data,No Data
United States,Alaska,103.000751221,,,,,No Data,No Data,No Data,No Data
United States,Alaska,66.1980732361,,,,,No Data,No Data,No Data,No Data
United States,Alaska,6.65401988358,,,,,No Data,No Data,No Data,No Data
United States,Alaska,11.7698602843,,,,,No Data,No Data,No Data,No Data
United States,Alaska,8.2384943912,,,,,No Data,No Data,No Data,No Data
United States,Alaska,78.3874660985,,,,,No Data,No Data,No Data,No Data
United States,Alaska,6.51170638151,,,,,No Data,No Data,No Data,No Data
United States,Alaska,2.65360450402,,,,,No Data,No Data,No Data,No Data
United States,Alaska,1.03490022939,,,,,No Data,No Data,No Data,No Data
United States,Alaska,1.86011358883,,,,,No Data,No Data,No Data,No Data
United States,Alaska,3.45433528255,,,,,No Data,No Data,No Data,No Data
United States,Alaska,1.52880415248,,,,,No Data,No Data,No Data,No Data
United States,Alaska,5.20484321582,,,,,No Data,No Data,No Data,No Data
United States,Alaska,2.28550248676,,,,,No Data,No Data,No Data,No Data
United States,Alaska,0.24714953314,,,,,No Data,No Data,No Data,No Data
United States,Alaska,1.77916055716,,,,,No Data,No Data,No Data,No Data
United States,Alaska,0.67659527992,,,,,No Data,No Data,No Data,No Data
United States,Alaska,0.61986304378,,,,,No Data,No Data,No Data,No Data
United States,Alaska,0.33090810985,,,,,No Data,No Data,No Data,No Data
United States,Alaska,0.26567137093,,,,,No Data,No Data,No Data,No Data
United States,Alaska,0.74531943748,,,,,No Data,No Data,No Data,No Data
United States,Alaska,0.00898257999,,,,,No Data,No Data,No Data,No Data
United States,Alaska,0.00647663172,,,,,No Data,No Data,No Data,No Data
United States,Alaska,0.00811606106,,,,,No Data,No Data,No Data,No Data
United States,Alaska,0.0179694432,,,,,No Data,No Data,No Data,No Data
United States,Alaska,0.1333534493,,,,,No Data,No Data,No Data,No Data
United States,Alaska,3.67416081004,,,,,No Data,No Data,No Data,No Data
United States,Alaska,0.01031051203,,,,,No Data,No Data,No Data,No Data
United States,Alaska,0.0068847463,,,,,No Data,No Data,No Data,No Data
United States,Alaska,0.23218754587,,,,,No Data,No Data,No Data,No Data
United States,Alaska,0.01139643156,,,,,No Data,No Data,No Data,No Data
United States,Alaska,0.0100648568,,,,,No Data,No Data,No Data,No Data
United States,Alaska,0.01557369373,,,,,No Data,No Data,No Data,No Data
United States,Alaska,1177.61330681,,,,,No Data,No Data,No Data,No Data
United States,Maine,0.0043429697,,,,,No Data,No Data,No Data,No Data
United States,Maine,4.56756474764,,,,,No Data,No Data,No Data,No Data
United States,Maryland,0.12525823292,,,,,No Data,No Data,No Data,No Data
United States,Maryland,2.7384132005,,,,,No Data,No Data,No Data,No Data
United States,Massachusetts,2.05537089805,,,,,No Data,No Data,No Data,No Data
United States,Massachusetts,0.01337882871,,,,,No Data,No Data,No Data,No Data
United States,Massachusetts,4.61731383868,,,,,No Data,No Data,No Data,No Data
United States,Mississippi,0.01016289299,,,,,No Data,No Data,No Data,No Data
United States,New Jersey,1.05656539582,,,,,No Data,No Data,No Data,No Data
United States,New Jersey,9.4282718923,,,,,No Data,No Data,No Data,No Data
United States,New Jersey,38.4526948484,,,,,No Data,No Data,No Data,No Data
United States,New York,0.67775333604,,,,,No Data,No Data,No Data,No Data
United States,New York,1.97647411219,,,,,No Data,No Data,No Data,No Data
United States,New York,1.26808007746,,,,,No Data,No Data,No Data,No Data
United States,North Carolina,0.02392392221,,,,,No Data,No Data,No Data,No Data
United States,North Carolina,0.32032923548,,,,,No Data,No Data,No Data,No Data
United States,North Carolina,0.03380890865,,,,,No Data,No Data,No Data,No Data
United States,Oregon,3.17755650895,,,,,No Data,No Data,No Data,No Data
United States,Oregon,5.87106685627,,,,,No Data,No Data,No Data,No Data
United States,Rhode Island,6.16536272183,,,,,No Data,No Data,No Data,No Data
United States,Rhode Island,2.93215264697,,,,,No Data,No Data,No Data,No Data
United States,Rhode Island,14.0103536924,,,,,No Data,No Data,No Data,No Data
United States,South Carolina,4.77591917647,,,,,No Data,No Data,No Data,No Data
United States,South Carolina,60.8186289322,,,,,No Data,No Data,No Data,No Data
United States,Texas,0.56986286563,,,,,No Data,No Data,No Data,No Data
United States,Texas,0.08745147562,,,,,No Data,No Data,No Data,No Data
United States,Texas,0.07480358556,,,,,No Data,No Data,No Data,No Data
United States,Texas,0.0083395937,,,,,No Data,No Data,No Data,No Data
United States,Texas,1.09105435933,,,,,No Data,No Data,No Data,No Data
United States,Texas,9.00921132528,,,,,No Data,No Data,No Data,No Data
United States,Virginia,1.63886773144,,,,,No Data,No Data,No Data,No Data
United States,Virginia,0.03719316096,,,,,No Data,No Data,No Data,No Data
United States,Washington,1.89845597906,,,,,No Data,No Data,No Data,No Data
United States,Washington,0.17502837664,,,,,No Data,No Data,No Data,No Data
United States,Washington,0.7036440345,,,,,No Data,No Data,No Data,No Data
United States,California,0.0579121169,,,,,No Data,No Data,No Data,No Data
United States,California,0.58205354623,,,,,No Data,No Data,No Data,No Data
United States,California,2.81076484154,,,,,No Data,No Data,No Data,No Data
United States,Connecticut,0.09577276381,,,,,No Data,No Data,No Data,No Data
United States,Connecticut,0.02182300163,,,,,No Data,No Data,No Data,No Data
United States,Delaware,40.4151600089,,,,,No Data,No Data,No Data,No Data
United States,Delaware,75.6285107687,,,,,No Data,No Data,No Data,No Data
